time,altitude
2024-07-01 06:00:00+00:00,423.80474869516
2024-07-01 07:00:00+00:00,427.40237069486
2024-07-01 08:00:00+00:00,418.40916845747
2024-07-01 09:00:00+00:00,431.77974737475
2024-07-01 10:00:00+00:00,424.08193193068
2024-07-01 11:00:00+00:00,414.19218457732
2024-07-01 12:00:00+00:00,437.34944470337
2024-07-01 13:00:00+00:00,423.0499428494
2024-07-01 14:00:00+00:00,411.69208165821
2024-07-01 15:00:00+00:00,438.70163898421
2024-07-01 16:00:00+00:00,423.25319267424
2024-07-01 17:00:00+00:00,413.11721485268
2024-07-01 18:00:00+00:00,435.88274994066
2024-07-01 19:00:00+00:00,423.00725346431
2024-07-01 20:00:00+00:00,418.50631123723
2024-07-01 21:00:00+00:00,430.81693658455
2024-07-01 22:00:00+00:00,420.8963537099
2024-07-01 23:00:00+00:00,426.42729581497
2024-07-02 00:00:00+00:00,426.01237433997
2024-07-02 01:00:00+00:00,417.06524751374
2024-07-02 02:00:00+00:00,433.98492753026
2024-07-02 03:00:00+00:00,423.24853210488
2024-07-02 04:00:00+00:00,413.22225667519
2024-07-02 05:00:00+00:00,438.41553864933
2024-07-02 06:00:00+00:00,422.68352937769
2024-07-02 07:00:00+00:00,411.74810390004
2024-07-02 08:00:00+00:00,438.40838082197
2024-07-02 09:00:00+00:00,422.9726599261
2024-07-02 10:00:00+00:00,414.2961482214
2024-07-02 11:00:00+00:00,434.64213707856
2024-07-02 12:00:00+00:00,422.30162559259
2024-07-02 13:00:00+00:00,420.69950804724
2024-07-02 14:00:00+00:00,429.3002806497
2024-07-02 15:00:00+00:00,419.55697255999
2024-07-02 16:00:00+00:00,428.63708144109
2024-07-02 17:00:00+00:00,425.33107870018
2024-07-02 18:00:00+00:00,415.41995273484
2024-07-02 19:00:00+00:00,435.74214267874
2024-07-02 20:00:00+00:00,423.1011500691
2024-07-02 21:00:00+00:00,411.98579391974
2024-07-02 22:00:00+00:00,439.14713719139
2024-07-02 23:00:00+00:00,422.78063327594
2024-07-03 00:00:00+00:00,411.57866893898
2024-07-03 01:00:00+00:00,438.05821262839
2024-07-03 02:00:00+00:00,422.79454671439
2024-07-03 03:00:00+00:00,415.41620911781
2024-07-03 04:00:00+00:00,433.64155947339
2024-07-03 05:00:00+00:00,421.46427662314
2024-07-03 06:00:00+00:00,422.74385649904
2024-07-03 07:00:00+00:00,428.28773949508
2024-07-03 08:00:00+00:00,418.22137005089
2024-07-03 09:00:00+00:00,431.06414085121
2024-07-03 10:00:00+00:00,424.27758156377
2024-07-03 11:00:00+00:00,414.13552544889
2024-07-03 12:00:00+00:00,437.3380535768
2024-07-03 13:00:00+00:00,422.5811228727
2024-07-03 14:00:00+00:00,411.43591988063
2024-07-03 15:00:00+00:00,439.5667941696
2024-07-03 16:00:00+00:00,422.40390614949
2024-07-03 17:00:00+00:00,412.26508160831
2024-07-03 18:00:00+00:00,437.27547193292
2024-07-03 19:00:00+00:00,422.16534757016
2024-07-03 20:00:00+00:00,417.35428553398
2024-07-03 21:00:00+00:00,432.20332265457
2024-07-03 22:00:00+00:00,420.34093640166
2024-07-03 23:00:00+00:00,425.34568918813
2024-07-04 00:00:00+00:00,426.87162964086
2024-07-04 01:00:00+00:00,416.79155328799
2024-07-04 02:00:00+00:00,433.43650762275
2024-07-04 03:00:00+00:00,423.32142981798
2024-07-04 04:00:00+00:00,412.97597859824
2024-07-04 05:00:00+00:00,438.70140260795
2024-07-04 06:00:00+00:00,422.07980420509
2024-07-04 07:00:00+00:00,411.21734672083
2024-07-04 08:00:00+00:00,439.48832716582
2024-07-04 09:00:00+00:00,422.12169331112
2024-07-04 10:00:00+00:00,413.29605800425
2024-07-04 11:00:00+00:00,436.18488162714
2024-07-04 12:00:00+00:00,421.54584031437
2024-07-04 13:00:00+00:00,419.47619523959
2024-07-04 14:00:00+00:00,430.69019934663
2024-07-04 15:00:00+00:00,419.22864253141
2024-07-04 16:00:00+00:00,427.86755116613
2024-07-04 17:00:00+00:00,425.58316274728
2024-07-04 18:00:00+00:00,415.47599788941
2024-07-04 19:00:00+00:00,435.47595197745
2024-07-04 20:00:00+00:00,422.58081157314
2024-07-04 21:00:00+00:00,412.0784868396
2024-07-04 22:00:00+00:00,439.5996228735
2024-07-04 23:00:00+00:00,421.75621619159
2024-07-05 00:00:00+00:00,411.35329626422
2024-07-05 01:00:00+00:00,439.09565978266
2024-07-05 02:00:00+00:00,421.73964603393
2024-07-05 03:00:00+00:00,414.60601348669
2024-07-05 04:00:00+00:00,434.85542532152
2024-07-05 05:00:00+00:00,420.85791091262
2024-07-05 06:00:00+00:00,421.6909688803
2024-07-05 07:00:00+00:00,429.15690217843
2024-07-05 08:00:00+00:00,418.07467876492
2024-07-05 09:00:00+00:00,430.22011063626
2024-07-05 10:00:00+00:00,424.43051201086
2024-07-05 11:00:00+00:00,414.24286924323
2024-07-05 12:00:00+00:00,437.12571717484
2024-07-05 13:00:00+00:00,422.00517615909
2024-07-05 14:00:00+00:00,411.4093757146
2024-07-05 15:00:00+00:00,440.0260817998
2024-07-05 16:00:00+00:00,421.5153813543
2024-07-05 17:00:00+00:00,411.78205188816
2024-07-05 18:00:00+00:00,438.3154207225
2024-07-05 19:00:00+00:00,421.37501906655
2024-07-05 20:00:00+00:00,416.36077870177
2024-07-05 21:00:00+00:00,433.33377640097
2024-07-05 22:00:00+00:00,419.97537948447
2024-07-05 23:00:00+00:00,424.166689033
2024-07-06 00:00:00+00:00,427.56469876829
2024-07-06 01:00:00+00:00,416.85900867898
2024-07-06 02:00:00+00:00,432.57311427841
2024-07-06 03:00:00+00:00,423.28493545577
2024-07-06 04:00:00+00:00,413.17273292912
2024-07-06 05:00:00+00:00,438.5550461621
2024-07-06 06:00:00+00:00,421.40260711859
2024-07-06 07:00:00+00:00,411.12159722898
2024-07-06 08:00:00+00:00,440.13507464217
2024-07-06 09:00:00+00:00,421.06848597083
2024-07-06 10:00:00+00:00,412.79766000172
2024-07-06 11:00:00+00:00,437.26741264717
2024-07-06 12:00:00+00:00,420.76008693361
2024-07-06 13:00:00+00:00,418.50675525723
2024-07-06 14:00:00+00:00,431.66412933892
2024-07-06 15:00:00+00:00,418.98107033849
2024-07-06 16:00:00+00:00,426.81218966306
2024-07-06 17:00:00+00:00,425.96190644133
2024-07-06 18:00:00+00:00,415.67985264575
2024-07-06 19:00:00+00:00,434.83426889803
2024-07-06 20:00:00+00:00,422.18500708602
2024-07-06 21:00:00+00:00,412.35280608666
2024-07-06 22:00:00+00:00,439.70161570937
2024-07-06 23:00:00+00:00,420.8040197003
2024-07-07 00:00:00+00:00,411.26121007991
2024-07-07 01:00:00+00:00,439.90819691974
2024-07-07 02:00:00+00:00,420.71063660412
2024-07-07 03:00:00+00:00,414.07903380491
2024-07-07 04:00:00+00:00,435.9494831692
2024-07-07 05:00:00+00:00,420.14551376189
2024-07-07 06:00:00+00:00,420.75637257325
2024-07-07 07:00:00+00:00,429.95222387473
2024-07-07 08:00:00+00:00,417.98147738387
2024-07-07 09:00:00+00:00,429.315039608
2024-07-07 10:00:00+00:00,424.50394355478
2024-07-07 11:00:00+00:00,414.58364366103
2024-07-07 12:00:00+00:00,436.7302862568
2024-07-07 13:00:00+00:00,421.30055424441
2024-07-07 14:00:00+00:00,411.74074613981
2024-07-07 15:00:00+00:00,440.46440506481
2024-07-07 16:00:00+00:00,420.35620164371
2024-07-07 17:00:00+00:00,411.63083509679
2024-07-07 18:00:00+00:00,439.36563641521
2024-07-07 19:00:00+00:00,420.28215458935
2024-07-07 20:00:00+00:00,415.66343159654
2024-07-07 21:00:00+00:00,434.50746891465
2024-07-07 22:00:00+00:00,419.38677196949
2024-07-07 23:00:00+00:00,423.17063298214
2024-07-08 00:00:00+00:00,428.28605958829
2024-07-08 01:00:00+00:00,416.87751688273
2024-07-08 02:00:00+00:00,431.76950291768
2024-07-08 03:00:00+00:00,423.19463025255
2024-07-08 04:00:00+00:00,413.52632967767
2024-07-08 05:00:00+00:00,438.39431767708
2024-07-08 06:00:00+00:00,420.55094948002
2024-07-08 07:00:00+00:00,411.33960773701
2024-07-08 08:00:00+00:00,440.7622556637
2024-07-08 09:00:00+00:00,419.96509897908
2024-07-08 10:00:00+00:00,412.40428682944
2024-07-08 11:00:00+00:00,438.41392890774
2024-07-08 12:00:00+00:00,419.84887657587
2024-07-08 13:00:00+00:00,417.55240221184
2024-07-08 14:00:00+00:00,432.82723127906
2024-07-08 15:00:00+00:00,418.70134093122
2024-07-08 16:00:00+00:00,425.59932648878
2024-07-08 17:00:00+00:00,426.59838826812
2024-07-08 18:00:00+00:00,415.9191104042
2024-07-08 19:00:00+00:00,433.9561193388
2024-07-08 20:00:00+00:00,422.02105229968
2024-07-08 21:00:00+00:00,412.74080229965
2024-07-08 22:00:00+00:00,439.58868623451
2024-07-08 23:00:00+00:00,419.98111388418
2024-07-09 00:00:00+00:00,411.30982448603
2024-07-09 01:00:00+00:00,440.62643542222
2024-07-09 02:00:00+00:00,419.69730130962
2024-07-09 03:00:00+00:00,413.49003074671
2024-07-09 04:00:00+00:00,437.15113633982
2024-07-09 05:00:00+00:00,419.45628739877
2024-07-09 06:00:00+00:00,419.62403590876
2024-07-09 07:00:00+00:00,431.04643114457
2024-07-09 08:00:00+00:00,417.88024464849
2024-07-09 09:00:00+00:00,428.09420451251
2024-07-09 10:00:00+00:00,424.96423934319
2024-07-09 11:00:00+00:00,414.93868260703
2024-07-09 12:00:00+00:00,435.98813208559
2024-07-09 13:00:00+00:00,420.94463384087
2024-07-09 14:00:00+00:00,412.11032381227
2024-07-09 15:00:00+00:00,440.46296537465
2024-07-09 16:00:00+00:00,419.54007375438
2024-07-09 17:00:00+00:00,411.53719471015
2024-07-09 18:00:00+00:00,440.18529950854
2024-07-09 19:00:00+00:00,419.43896418914
2024-07-09 20:00:00+00:00,414.84893873617
2024-07-09 21:00:00+00:00,435.71978324065
2024-07-09 22:00:00+00:00,418.9802164807
2024-07-09 23:00:00+00:00,421.85057651078
2024-07-10 00:00:00+00:00,429.28219738222
2024-07-10 01:00:00+00:00,417.05662884051
2024-07-10 02:00:00+00:00,430.48442951862
2024-07-10 03:00:00+00:00,423.50821892926
2024-07-10 04:00:00+00:00,414.03909441905
2024-07-10 05:00:00+00:00,437.71831782644
2024-07-10 06:00:00+00:00,420.10532770804
2024-07-10 07:00:00+00:00,411.68208628054
2024-07-10 08:00:00+00:00,440.99232522567
2024-07-10 09:00:00+00:00,419.09680544349
2024-07-10 10:00:00+00:00,412.12697473353
2024-07-10 11:00:00+00:00,439.40838650822
2024-07-10 12:00:00+00:00,419.09205772133
2024-07-10 13:00:00+00:00,416.5482680392
2024-07-10 14:00:00+00:00,434.0743760012
2024-07-10 15:00:00+00:00,418.45070747682
2024-07-10 16:00:00+00:00,424.22227328173
2024-07-10 17:00:00+00:00,427.37930441811
2024-07-10 18:00:00+00:00,416.26384327951
2024-07-10 19:00:00+00:00,432.74435416421
2024-07-10 20:00:00+00:00,422.0450835913
2024-07-10 21:00:00+00:00,413.32565321098
2024-07-10 22:00:00+00:00,439.08305551368
2024-07-10 23:00:00+00:00,419.29649620471
2024-07-11 00:00:00+00:00,411.58866313213
2024-07-11 01:00:00+00:00,441.02744890232
2024-07-11 02:00:00+00:00,418.7365890095
2024-07-11 03:00:00+00:00,413.0557343616
2024-07-11 04:00:00+00:00,438.20878052387
2024-07-11 05:00:00+00:00,418.76961346418
2024-07-11 06:00:00+00:00,418.4693626682
2024-07-11 07:00:00+00:00,432.18782680392
2024-07-11 08:00:00+00:00,417.80772559553
2024-07-11 09:00:00+00:00,426.70922535311
2024-07-11 10:00:00+00:00,425.62728497724
2024-07-11 11:00:00+00:00,415.37312214848
2024-07-11 12:00:00+00:00,434.94687801681
2024-07-11 13:00:00+00:00,420.78739139099
2024-07-11 14:00:00+00:00,412.66207655744
2024-07-11 15:00:00+00:00,440.26701538418
2024-07-11 16:00:00+00:00,418.6336188659
2024-07-11 17:00:00+00:00,411.70373050046
2024-07-11 18:00:00+00:00,440.86820243741
2024-07-11 19:00:00+00:00,418.39098191926
2024-07-11 20:00:00+00:00,414.27368584616
2024-07-11 21:00:00+00:00,436.9126667677
2024-07-11 22:00:00+00:00,418.34265234504
2024-07-11 23:00:00+00:00,420.63597991684
2024-07-12 00:00:00+00:00,430.35826163628
2024-07-12 01:00:00+00:00,417.09458839433
2024-07-12 02:00:00+00:00,429.13017432619
2024-07-12 03:00:00+00:00,423.91609287046
2024-07-12 04:00:00+00:00,414.58035147592
2024-07-12 05:00:00+00:00,436.84763846683
2024-07-12 06:00:00+00:00,419.66828025387
2024-07-12 07:00:00+00:00,412.21881169412
2024-07-12 08:00:00+00:00,441.00908465485
2024-07-12 09:00:00+00:00,418.17195647691
2024-07-12 10:00:00+00:00,411.8826543571
2024-07-12 11:00:00+00:00,440.4659041165
2024-07-12 12:00:00+00:00,418.08252619063
2024-07-12 13:00:00+00:00,415.56351371986
2024-07-12 14:00:00+00:00,435.54933846107
2024-07-12 15:00:00+00:00,417.80705983253
2024-07-12 16:00:00+00:00,422.77880162076
2024-07-12 17:00:00+00:00,428.66237311064
2024-07-12 18:00:00+00:00,416.21661508402
2024-07-12 19:00:00+00:00,431.44327276526
2024-07-12 20:00:00+00:00,422.49974834794
2024-07-12 21:00:00+00:00,413.63235431748
2024-07-12 22:00:00+00:00,438.53335486672
2024-07-12 23:00:00+00:00,418.82444549653
2024-07-13 00:00:00+00:00,411.73624559559
2024-07-13 01:00:00+00:00,441.52154594224
2024-07-13 02:00:00+00:00,417.70478695093
2024-07-13 03:00:00+00:00,412.58936528999
2024-07-13 04:00:00+00:00,439.55262695676
2024-07-13 05:00:00+00:00,417.77383874848
2024-07-13 06:00:00+00:00,417.2991044969
2024-07-13 07:00:00+00:00,433.78197093565
2024-07-13 08:00:00+00:00,417.31841069809
2024-07-13 09:00:00+00:00,425.13465781133
2024-07-13 10:00:00+00:00,426.73325880931
2024-07-13 11:00:00+00:00,415.50689714439
2024-07-13 12:00:00+00:00,433.66444633676
2024-07-13 13:00:00+00:00,421.00111876011
2024-07-13 14:00:00+00:00,413.02335476714
2024-07-13 15:00:00+00:00,439.77755213635
2024-07-13 16:00:00+00:00,418.01930366519
2024-07-13 17:00:00+00:00,411.77005409677
2024-07-13 18:00:00+00:00,441.45474014564
2024-07-13 19:00:00+00:00,417.39041962068
2024-07-13 20:00:00+00:00,413.57791855525
2024-07-13 21:00:00+00:00,438.27960220046
2024-07-13 22:00:00+00:00,417.54996872032
2024-07-13 23:00:00+00:00,419.20440452372
2024-07-14 00:00:00+00:00,431.84724677419
2024-07-14 01:00:00+00:00,416.88814363256
2024-07-14 02:00:00+00:00,427.44888476026
2024-07-14 03:00:00+00:00,424.84174412472
2024-07-14 04:00:00+00:00,414.90268499532
2024-07-14 05:00:00+00:00,435.61522961846
2024-07-14 06:00:00+00:00,419.6740076694
2024-07-14 07:00:00+00:00,412.61508855841
2024-07-14 08:00:00+00:00,440.76452339525
2024-07-14 09:00:00+00:00,417.33152040349
2024-07-14 10:00:00+00:00,412.01474432282
2024-07-14 11:00:00+00:00,441.10859895134
2024-07-14 12:00:00+00:00,417.09218423027
2024-07-14 13:00:00+00:00,414.82347331284
2024-07-14 14:00:00+00:00,436.82015306014
2024-07-14 15:00:00+00:00,416.94668726732
2024-07-14 16:00:00+00:00,421.53783560196
2024-07-14 17:00:00+00:00,429.7975306043
2024-07-14 18:00:00+00:00,416.1341229505
2024-07-14 19:00:00+00:00,430.04680523718
2024-07-14 20:00:00+00:00,422.85316747435
2024-07-14 21:00:00+00:00,414.15646628141
2024-07-14 22:00:00+00:00,437.64937383478
2024-07-14 23:00:00+00:00,418.20466176591
2024-07-15 00:00:00+00:00,412.31501753134
2024-07-15 01:00:00+00:00,441.58487616408
2024-07-15 02:00:00+00:00,416.43700568818
2024-07-15 03:00:00+00:00,412.61948579566
2024-07-15 04:00:00+00:00,440.51860322194
2024-07-15 05:00:00+00:00,416.50438806468
2024-07-15 06:00:00+00:00,416.49542569791
2024-07-15 07:00:00+00:00,435.13474793235
2024-07-15 08:00:00+00:00,416.63992325527
2024-07-15 09:00:00+00:00,423.7182668165
2024-07-15 10:00:00+00:00,427.7481818215
2024-07-15 11:00:00+00:00,415.62331572027
2024-07-15 12:00:00+00:00,432.25081036747
2024-07-15 13:00:00+00:00,421.13145097494
2024-07-15 14:00:00+00:00,413.63999696877
2024-07-15 15:00:00+00:00,438.90163405666
2024-07-15 16:00:00+00:00,417.4086771742
2024-07-15 17:00:00+00:00,412.17939536857
2024-07-15 18:00:00+00:00,441.66114369786
2024-07-15 19:00:00+00:00,416.25978880799
2024-07-15 20:00:00+00:00,413.24006234288
2024-07-15 21:00:00+00:00,439.41140662501
2024-07-15 22:00:00+00:00,416.55008400544
2024-07-15 23:00:00+00:00,417.97228085404
2024-07-16 00:00:00+00:00,433.29548503171
2024-07-16 01:00:00+00:00,416.52573245471
2024-07-16 02:00:00+00:00,425.7021899467
2024-07-16 03:00:00+00:00,425.86029897035
2024-07-16 04:00:00+00:00,415.24347398237
2024-07-16 05:00:00+00:00,434.06999662123
2024-07-16 06:00:00+00:00,419.77622947888
2024-07-16 07:00:00+00:00,413.24431136931
2024-07-16 08:00:00+00:00,440.08902861903
2024-07-16 09:00:00+00:00,416.54642681886
2024-07-16 10:00:00+00:00,412.27955351844
2024-07-16 11:00:00+00:00,441.56550743868
2024-07-16 12:00:00+00:00,415.92397854439
2024-07-16 13:00:00+00:00,414.22836182924
2024-07-16 14:00:00+00:00,438.12267984998
2024-07-16 15:00:00+00:00,416.34695633444
2024-07-16 16:00:00+00:00,419.88048446092
2024-07-16 17:00:00+00:00,431.16150293359
2024-07-16 18:00:00+00:00,416.22322532465
2024-07-16 19:00:00+00:00,427.93739707149
2024-07-16 20:00:00+00:00,423.7456684308
2024-07-16 21:00:00+00:00,414.83380258259
2024-07-16 22:00:00+00:00,435.89247883314
2024-07-16 23:00:00+00:00,418.2286600782
2024-07-17 00:00:00+00:00,413.03294428215
2024-07-17 01:00:00+00:00,440.84421627335
2024-07-17 02:00:00+00:00,415.72587213625
2024-07-17 03:00:00+00:00,412.69080215752
2024-07-17 04:00:00+00:00,440.98088874847
2024-07-17 05:00:00+00:00,415.6098018735
2024-07-17 06:00:00+00:00,415.50613376067
2024-07-17 07:00:00+00:00,436.42243320116
2024-07-17 08:00:00+00:00,416.17531154625
2024-07-17 09:00:00+00:00,421.80340750151
2024-07-17 10:00:00+00:00,429.12292623964
2024-07-17 11:00:00+00:00,415.87872039172
2024-07-17 12:00:00+00:00,430.05979676094
2024-07-17 13:00:00+00:00,421.88884026683
2024-07-17 14:00:00+00:00,414.39015082723
2024-07-17 15:00:00+00:00,437.47543350974
2024-07-17 16:00:00+00:00,417.05443679608
2024-07-17 17:00:00+00:00,412.80921453094
2024-07-17 18:00:00+00:00,441.34347914724
2024-07-17 19:00:00+00:00,415.214315916
2024-07-17 20:00:00+00:00,413.14366615851
2024-07-17 21:00:00+00:00,440.23274400556
2024-07-17 22:00:00+00:00,415.46435098949
2024-07-17 23:00:00+00:00,416.82674076392
2024-07-18 00:00:00+00:00,434.7369605907
2024-07-18 01:00:00+00:00,416.01693487393
2024-07-18 02:00:00+00:00,423.76239684414
2024-07-18 03:00:00+00:00,427.12473698609
2024-07-18 04:00:00+00:00,415.52229297328
2024-07-18 05:00:00+00:00,432.0581896509
2024-07-18 06:00:00+00:00,420.2130240773
2024-07-18 07:00:00+00:00,413.98061135676
2024-07-18 08:00:00+00:00,438.81720798975
2024-07-18 09:00:00+00:00,415.99946266602
2024-07-18 10:00:00+00:00,412.78302954305
2024-07-18 11:00:00+00:00,441.50983297446
2024-07-18 12:00:00+00:00,414.79512444387
2024-07-18 13:00:00+00:00,413.85268934663
2024-07-18 14:00:00+00:00,439.17687795196
2024-07-18 15:00:00+00:00,415.32436541644
2024-07-18 16:00:00+00:00,418.38239509996
2024-07-18 17:00:00+00:00,432.86060234569
2024-07-18 18:00:00+00:00,415.83330900283
2024-07-18 19:00:00+00:00,425.81753777191
2024-07-18 20:00:00+00:00,425.0810030219
2024-07-18 21:00:00+00:00,415.17860731819
2024-07-18 22:00:00+00:00,433.96260017716
2024-07-18 23:00:00+00:00,418.60026847715
2024-07-19 00:00:00+00:00,413.68164981725
2024-07-19 01:00:00+00:00,439.89307380863
2024-07-19 02:00:00+00:00,415.09143992353
2024-07-19 03:00:00+00:00,412.92956717367
2024-07-19 04:00:00+00:00,441.36270239873
2024-07-19 05:00:00+00:00,414.47183010933
2024-07-19 06:00:00+00:00,414.77140613267
2024-07-19 07:00:00+00:00,437.87098719668
2024-07-19 08:00:00+00:00,415.25424750987
2024-07-19 09:00:00+00:00,420.04978877593
2024-07-19 10:00:00+00:00,430.88317208523
2024-07-19 11:00:00+00:00,415.67184098345
2024-07-19 12:00:00+00:00,427.83511603305
2024-07-19 13:00:00+00:00,423.10528068217
2024-07-19 14:00:00+00:00,414.87254162779
2024-07-19 15:00:00+00:00,435.49119207581
2024-07-19 16:00:00+00:00,417.38318564359
2024-07-19 17:00:00+00:00,413.43648806903
2024-07-19 18:00:00+00:00,440.54085795189
2024-07-19 19:00:00+00:00,414.61263090454
2024-07-19 20:00:00+00:00,413.11914195957
2024-07-19 21:00:00+00:00,440.85840963132
2024-07-19 22:00:00+00:00,414.50326109963
2024-07-19 23:00:00+00:00,415.68362444029
2024-07-20 00:00:00+00:00,436.39435149321
2024-07-20 01:00:00+00:00,415.39128204457
2024-07-20 02:00:00+00:00,421.62197277576
2024-07-20 03:00:00+00:00,428.97718515053
2024-07-20 04:00:00+00:00,415.61495376644
2024-07-20 05:00:00+00:00,429.6193415995
2024-07-20 06:00:00+00:00,421.4157966274
2024-07-20 07:00:00+00:00,414.62138181194
2024-07-20 08:00:00+00:00,437.01397632895
2024-07-20 09:00:00+00:00,416.13587366606
2024-07-20 10:00:00+00:00,413.33673743895
2024-07-20 11:00:00+00:00,441.03645211572
2024-07-20 12:00:00+00:00,414.06709356471
2024-07-20 13:00:00+00:00,413.59418218421
2024-07-20 14:00:00+00:00,440.13783110266
2024-07-20 15:00:00+00:00,414.47869154319
2024-07-20 16:00:00+00:00,416.94643213558
2024-07-20 17:00:00+00:00,434.58531816888
2024-07-20 18:00:00+00:00,415.47732474624
2024-07-20 19:00:00+00:00,423.42167082001
2024-07-20 20:00:00+00:00,426.84241407457
2024-07-20 21:00:00+00:00,415.57020517093
2024-07-20 22:00:00+00:00,431.42346135249
2024-07-20 23:00:00+00:00,419.60542238482
2024-07-21 00:00:00+00:00,414.50244694114
2024-07-21 01:00:00+00:00,438.17017910936
2024-07-21 02:00:00+00:00,415.04872107104
2024-07-21 03:00:00+00:00,413.452351911
2024-07-21 04:00:00+00:00,441.07691046679
2024-07-21 05:00:00+00:00,413.70762037911
2024-07-21 06:00:00+00:00,414.28669682325
2024-07-21 07:00:00+00:00,438.9999334853
2024-07-21 08:00:00+00:00,414.46664093749
2024-07-21 09:00:00+00:00,418.31418892028
2024-07-21 10:00:00+00:00,432.78187544148
2024-07-21 11:00:00+00:00,415.47598584721
2024-07-21 12:00:00+00:00,425.27102507567
2024-07-21 13:00:00+00:00,424.84234382575
2024-07-21 14:00:00+00:00,415.4097511287
2024-07-21 15:00:00+00:00,433.3148945548
2024-07-21 16:00:00+00:00,417.83980035524
2024-07-21 17:00:00+00:00,414.33743610903
2024-07-21 18:00:00+00:00,439.28980331646
2024-07-21 19:00:00+00:00,413.97307461585
2024-07-21 20:00:00+00:00,413.67192013922
2024-07-21 21:00:00+00:00,441.00777530517
2024-07-21 22:00:00+00:00,413.27270424745
2024-07-21 23:00:00+00:00,415.19796927005
2024-07-22 00:00:00+00:00,437.75341788082
2024-07-22 01:00:00+00:00,414.36242389085
2024-07-22 02:00:00+00:00,419.94098785425
2024-07-22 03:00:00+00:00,430.78754804561
2024-07-22 04:00:00+00:00,415.38431547729
2024-07-22 05:00:00+00:00,427.25355311986
2024-07-22 06:00:00+00:00,422.74685644189
2024-07-22 07:00:00+00:00,415.23025022442
2024-07-22 08:00:00+00:00,434.89294173165
2024-07-22 09:00:00+00:00,416.37818487864
2024-07-22 10:00:00+00:00,414.23528412449
2024-07-22 11:00:00+00:00,440.02543583197
2024-07-22 12:00:00+00:00,413.24842108282
2024-07-22 13:00:00+00:00,413.95217988909
2024-07-22 14:00:00+00:00,440.59076402291
2024-07-22 15:00:00+00:00,413.1611372833
2024-07-22 16:00:00+00:00,416.074453023
2024-07-22 17:00:00+00:00,436.35422947937
2024-07-22 18:00:00+00:00,414.46091724126
2024-07-22 19:00:00+00:00,421.45252864292
2024-07-22 20:00:00+00:00,428.85923149003
2024-07-22 21:00:00+00:00,415.38374465336
2024-07-22 22:00:00+00:00,429.00943598006
2024-07-22 23:00:00+00:00,420.92061169091
2024-07-23 00:00:00+00:00,415.07626055295
2024-07-23 01:00:00+00:00,436.28715248767
2024-07-23 02:00:00+00:00,415.13880864663
2024-07-23 03:00:00+00:00,414.15770008021
2024-07-23 04:00:00+00:00,440.51608892837
2024-07-23 05:00:00+00:00,412.7322715772
2024-07-23 06:00:00+00:00,414.30752942842
2024-07-23 07:00:00+00:00,439.95564077572
2024-07-23 08:00:00+00:00,413.13313949135
2024-07-23 09:00:00+00:00,417.14982867679
2024-07-23 10:00:00+00:00,434.74439965258
2024-07-23 11:00:00+00:00,414.59501392922
2024-07-23 12:00:00+00:00,423.07610827341
2024-07-23 13:00:00+00:00,426.85013231233
2024-07-23 14:00:00+00:00,415.40980797991
2024-07-23 15:00:00+00:00,430.73404558693
2024-07-23 16:00:00+00:00,419.12878379853
2024-07-23 17:00:00+00:00,414.97008740652
2024-07-23 18:00:00+00:00,437.49985999399
2024-07-23 19:00:00+00:00,413.99581182553
2024-07-23 20:00:00+00:00,414.20487403792
2024-07-23 21:00:00+00:00,440.73217659046
2024-07-23 22:00:00+00:00,412.30393789422
2024-07-23 23:00:00+00:00,414.84198578391
2024-07-24 00:00:00+00:00,439.04503085467
2024-07-24 01:00:00+00:00,413.163869077
2024-07-24 02:00:00+00:00,418.32966427997
2024-07-24 03:00:00+00:00,432.99526769474
2024-07-24 04:00:00+00:00,414.72134831675
2024-07-24 05:00:00+00:00,424.71844899188
2024-07-24 06:00:00+00:00,424.83877131439
2024-07-24 07:00:00+00:00,415.40852227212
2024-07-24 08:00:00+00:00,432.33916037855
2024-07-24 09:00:00+00:00,417.46665858568
2024-07-24 10:00:00+00:00,414.91787000067
2024-07-24 11:00:00+00:00,438.47783906918
2024-07-24 12:00:00+00:00,413.03869754249
2024-07-24 13:00:00+00:00,414.35685281388
2024-07-24 14:00:00+00:00,440.66959081789
2024-07-24 15:00:00+00:00,412.05049750297
2024-07-24 16:00:00+00:00,415.57560627654
2024-07-24 17:00:00+00:00,437.83584233406
2024-07-24 18:00:00+00:00,413.33602899224
2024-07-24 19:00:00+00:00,419.65064617068
2024-07-24 20:00:00+00:00,431.06828208714
2024-07-24 21:00:00+00:00,414.95762455344
2024-07-24 22:00:00+00:00,426.37339339609
2024-07-24 23:00:00+00:00,422.80705435816
2024-07-25 00:00:00+00:00,415.52037523155
2024-07-25 01:00:00+00:00,433.80354196664
2024-07-25 02:00:00+00:00,415.90721787499
2024-07-25 03:00:00+00:00,414.99408937425
2024-07-25 04:00:00+00:00,439.1887550561
2024-07-25 05:00:00+00:00,412.24416200758
2024-07-25 06:00:00+00:00,414.68365436244
2024-07-25 07:00:00+00:00,440.2932416226
2024-07-25 08:00:00+00:00,411.93237743263
2024-07-25 09:00:00+00:00,416.35171686255
2024-07-25 10:00:00+00:00,436.50125430232
2024-07-25 11:00:00+00:00,413.5418911279
2024-07-25 12:00:00+00:00,420.98965016991
2024-07-25 13:00:00+00:00,429.14676030418
2024-07-25 14:00:00+00:00,415.14897175692
2024-07-25 15:00:00+00:00,428.02042943301
2024-07-25 16:00:00+00:00,420.89241352403
2024-07-25 17:00:00+00:00,415.55382493833
2024-07-25 18:00:00+00:00,435.16824211561
2024-07-25 19:00:00+00:00,414.52411979897
2024-07-25 20:00:00+00:00,415.03930675904
2024-07-25 21:00:00+00:00,439.73747584814
2024-07-25 22:00:00+00:00,411.60657510775
2024-07-25 23:00:00+00:00,415.04564117927
2024-07-26 00:00:00+00:00,439.75859533349
2024-07-26 01:00:00+00:00,411.89971422826
2024-07-26 02:00:00+00:00,417.26843275382
2024-07-26 03:00:00+00:00,435.01396656357
2024-07-26 04:00:00+00:00,413.76832956253
2024-07-26 05:00:00+00:00,422.42567513276
2024-07-26 06:00:00+00:00,427.18407708441
2024-07-26 07:00:00+00:00,415.32698844814
2024-07-26 08:00:00+00:00,429.56133374167
2024-07-26 09:00:00+00:00,419.08201059017
2024-07-26 10:00:00+00:00,415.6159534315
2024-07-26 11:00:00+00:00,436.31232534511
2024-07-26 12:00:00+00:00,413.33205291746
2024-07-26 13:00:00+00:00,415.1396720425
2024-07-26 14:00:00+00:00,440.00470798781
2024-07-26 15:00:00+00:00,411.21217561049
2024-07-26 16:00:00+00:00,415.54463211893
2024-07-26 17:00:00+00:00,438.79840884742
2024-07-26 18:00:00+00:00,412.10210168642
2024-07-26 19:00:00+00:00,418.24231800961
2024-07-26 20:00:00+00:00,433.22669364907
2024-07-26 21:00:00+00:00,414.18863687252
2024-07-26 22:00:00+00:00,423.77709666096
2024-07-26 23:00:00+00:00,425.10872832211
2024-07-27 00:00:00+00:00,415.6638796349
2024-07-27 01:00:00+00:00,430.89723841087
2024-07-27 02:00:00+00:00,417.32692525949
2024-07-27 03:00:00+00:00,415.81182514726
2024-07-27 04:00:00+00:00,437.10828481619
2024-07-27 05:00:00+00:00,412.30890695498
2024-07-27 06:00:00+00:00,415.38142080148
2024-07-27 07:00:00+00:00,439.85728666466
2024-07-27 08:00:00+00:00,410.93310434978
2024-07-27 09:00:00+00:00,415.97965143743
2024-07-27 10:00:00+00:00,437.82669525567
2024-07-27 11:00:00+00:00,412.32441437145
2024-07-27 12:00:00+00:00,419.19175027894
2024-07-27 13:00:00+00:00,431.53905122238
2024-07-27 14:00:00+00:00,414.50542554266
2024-07-27 15:00:00+00:00,425.10164302931
2024-07-27 16:00:00+00:00,423.24108940156
2024-07-27 17:00:00+00:00,415.83165286971
2024-07-27 18:00:00+00:00,432.1779828678
2024-07-27 19:00:00+00:00,415.83490047377
2024-07-27 20:00:00+00:00,415.84423593506
2024-07-27 21:00:00+00:00,437.8312666012
2024-07-27 22:00:00+00:00,411.52122463773
2024-07-27 23:00:00+00:00,415.51531782448
2024-07-28 00:00:00+00:00,439.66194841717
2024-07-28 01:00:00+00:00,410.83176244591
2024-07-28 02:00:00+00:00,416.56356621791
2024-07-28 03:00:00+00:00,436.65908449382
2024-07-28 04:00:00+00:00,412.59627373016
2024-07-28 05:00:00+00:00,420.2668713539
2024-07-28 06:00:00+00:00,429.74069769349
2024-07-28 07:00:00+00:00,414.83571370601
2024-07-28 08:00:00+00:00,426.46651265163
2024-07-28 09:00:00+00:00,421.37181785866
2024-07-28 10:00:00+00:00,416.01733841416
2024-07-28 11:00:00+00:00,433.38239623773
2024-07-28 12:00:00+00:00,414.42621820242
2024-07-28 13:00:00+00:00,415.93883869477
2024-07-28 14:00:00+00:00,438.37894513952
2024-07-28 15:00:00+00:00,410.82887292299
2024-07-28 16:00:00+00:00,415.6925030758
2024-07-28 17:00:00+00:00,439.24131304544
2024-07-28 18:00:00+00:00,410.77950912869
2024-07-28 19:00:00+00:00,417.14500522206
2024-07-28 20:00:00+00:00,435.34586373707
2024-07-28 21:00:00+00:00,412.87151000594
2024-07-28 22:00:00+00:00,421.30299249577
2024-07-28 23:00:00+00:00,427.91714920416
2024-07-29 00:00:00+00:00,415.10458900663
2024-07-29 01:00:00+00:00,427.71437505942
2024-07-29 02:00:00+00:00,419.59079230861
2024-07-29 03:00:00+00:00,416.12400963334
2024-07-29 04:00:00+00:00,434.38757835157
2024-07-29 05:00:00+00:00,413.16448231354
2024-07-29 06:00:00+00:00,415.97717910653
2024-07-29 07:00:00+00:00,438.68673361797
2024-07-29 08:00:00+00:00,410.301930988
2024-07-29 09:00:00+00:00,415.99118913498
2024-07-29 10:00:00+00:00,438.63048381403
2024-07-29 11:00:00+00:00,410.86302336391
2024-07-29 12:00:00+00:00,417.85403966756
2024-07-29 13:00:00+00:00,433.90194176532
2024-07-29 14:00:00+00:00,413.23429080584
2024-07-29 15:00:00+00:00,422.2645369017
2024-07-29 16:00:00+00:00,426.09820586655
2024-07-29 17:00:00+00:00,415.4475323124
2024-07-29 18:00:00+00:00,428.79315788456
2024-07-29 19:00:00+00:00,417.95775034874
2024-07-29 20:00:00+00:00,416.26791550497
2024-07-29 21:00:00+00:00,435.14317480808
2024-07-29 22:00:00+00:00,412.13893510283
2024-07-29 23:00:00+00:00,416.04082325816
2024-07-30 00:00:00+00:00,438.71891107787
2024-07-30 01:00:00+00:00,410.00597805738
2024-07-30 02:00:00+00:00,416.22946888718
2024-07-30 03:00:00+00:00,437.7838301569
2024-07-30 04:00:00+00:00,411.10597567836
2024-07-30 05:00:00+00:00,418.46112023668
2024-07-30 06:00:00+00:00,432.35729168032
2024-07-30 07:00:00+00:00,413.66324360569
2024-07-30 08:00:00+00:00,423.36256886658
2024-07-30 09:00:00+00:00,424.27620619129
2024-07-30 10:00:00+00:00,415.74772608658
2024-07-30 11:00:00+00:00,429.93625931175
2024-07-30 12:00:00+00:00,416.37887997767
2024-07-30 13:00:00+00:00,416.41423880841
2024-07-30 14:00:00+00:00,435.87836213648
2024-07-30 15:00:00+00:00,411.1002547815
2024-07-30 16:00:00+00:00,416.13501033871
2024-07-30 17:00:00+00:00,438.86271445296
2024-07-30 18:00:00+00:00,409.62684914504
2024-07-30 19:00:00+00:00,416.63870899843
2024-07-30 20:00:00+00:00,436.99941956276
2024-07-30 21:00:00+00:00,411.19504286104
2024-07-30 22:00:00+00:00,419.33865733358
2024-07-30 23:00:00+00:00,430.85258918403
2024-07-31 00:00:00+00:00,413.90413312374
2024-07-31 01:00:00+00:00,424.60642744538
2024-07-31 02:00:00+00:00,422.51559385573
2024-07-31 03:00:00+00:00,415.90658551391
2024-07-31 04:00:00+00:00,431.18569637526
2024-07-31 05:00:00+00:00,414.87840072517
2024-07-31 06:00:00+00:00,416.47291543786
2024-07-31 07:00:00+00:00,436.66364283691
2024-07-31 08:00:00+00:00,410.2887038501
2024-07-31 09:00:00+00:00,421.21606871049
2024-07-31 10:00:00+00:00,438.60427665485
2024-07-31 11:00:00+00:00,415.04865705651
2024-07-31 12:00:00+00:00,420.77183374786
2024-07-31 13:00:00+00:00,436.16669678605
2024-07-31 14:00:00+00:00,417.85063833292
2024-07-31 15:00:00+00:00,422.68369795454
2024-07-31 16:00:00+00:00,430.02525339229
2024-07-31 17:00:00+00:00,420.95074109179
2024-07-31 18:00:00+00:00,427.2444812914
2024-07-31 19:00:00+00:00,422.56070962752
2024-07-31 20:00:00+00:00,422.50164429829
2024-07-31 21:00:00+00:00,432.98037059608
2024-07-31 22:00:00+00:00,416.66980490537
2024-07-31 23:00:00+00:00,422.10579338408
2024-08-01 00:00:00+00:00,437.34438523584
2024-08-01 01:00:00+00:00,414.30537026792
2024-08-01 02:00:00+00:00,420.956116733
2024-08-01 03:00:00+00:00,438.0720630648
2024-08-01 04:00:00+00:00,415.54302874943
2024-08-01 05:00:00+00:00,421.00554308175
2024-08-01 06:00:00+00:00,434.4213550696
2024-08-01 07:00:00+00:00,418.72734369647
2024-08-01 08:00:00+00:00,423.64374192912
2024-08-01 09:00:00+00:00,427.7067915262
2024-08-01 10:00:00+00:00,421.71461938106
2024-08-01 11:00:00+00:00,429.11978790095
2024-08-01 12:00:00+00:00,420.30522337791
2024-08-01 13:00:00+00:00,422.79469015794
2024-08-01 14:00:00+00:00,434.56314940426
2024-08-01 15:00:00+00:00,415.23186716572
2024-08-01 16:00:00+00:00,422.08249395333
2024-08-01 17:00:00+00:00,437.89996928879
2024-08-01 18:00:00+00:00,413.96996140581
2024-08-01 19:00:00+00:00,421.07948051277
2024-08-01 20:00:00+00:00,437.21329512568
2024-08-01 21:00:00+00:00,416.03825678566
2024-08-01 22:00:00+00:00,421.7053741342
2024-08-01 23:00:00+00:00,432.33110182761
2024-08-02 00:00:00+00:00,419.45313081996
2024-08-02 01:00:00+00:00,424.97984139403
2024-08-02 02:00:00+00:00,424.99944242672
2024-08-02 03:00:00+00:00,422.00004342546
2024-08-02 04:00:00+00:00,430.21823162989
2024-08-02 05:00:00+00:00,418.06014239964
2024-08-02 06:00:00+00:00,422.52834264274
2024-08-02 07:00:00+00:00,435.25621899996
2024-08-02 08:00:00+00:00,414.03460732634
2024-08-02 09:00:00+00:00,421.5368876822
2024-08-02 10:00:00+00:00,437.5775124693
2024-08-02 11:00:00+00:00,413.87348879319
2024-08-02 12:00:00+00:00,420.75615549048
2024-08-02 13:00:00+00:00,435.68091541443
2024-08-02 14:00:00+00:00,416.59656870603
2024-08-02 15:00:00+00:00,422.01881026566
2024-08-02 16:00:00+00:00,430.67278002171
2024-08-02 17:00:00+00:00,420.5386407013
2024-08-02 18:00:00+00:00,426.00632590841
2024-08-02 19:00:00+00:00,423.29701312366
2024-08-02 20:00:00+00:00,422.47840763884
2024-08-02 21:00:00+00:00,431.53738658001
2024-08-02 22:00:00+00:00,417.05403271687
2024-08-02 23:00:00+00:00,422.36592530485
2024-08-03 00:00:00+00:00,436.20074180361
2024-08-03 01:00:00+00:00,414.12696748332
2024-08-03 02:00:00+00:00,421.14214222908
2024-08-03 03:00:00+00:00,437.60785858879
2024-08-03 04:00:00+00:00,414.92505805892
2024-08-03 05:00:00+00:00,420.71366786776
2024-08-03 06:00:00+00:00,434.69634869434
2024-08-03 07:00:00+00:00,418.0296319176
2024-08-03 08:00:00+00:00,422.67559260904
2024-08-03 09:00:00+00:00,428.35516369029
2024-08-03 10:00:00+00:00,421.16625028543
2024-08-03 11:00:00+00:00,427.18169277504
2024-08-03 12:00:00+00:00,421.04597977264
2024-08-03 13:00:00+00:00,422.58392792055
2024-08-03 14:00:00+00:00,432.66562436646
2024-08-03 15:00:00+00:00,415.45622991004
2024-08-03 16:00:00+00:00,422.41948458899
2024-08-03 17:00:00+00:00,436.89510128123
2024-08-03 18:00:00+00:00,413.6973074193
2024-08-03 19:00:00+00:00,421.29127543769
2024-08-03 20:00:00+00:00,437.04319794541
2024-08-03 21:00:00+00:00,415.48278720015
2024-08-03 22:00:00+00:00,421.40824224921
2024-08-03 23:00:00+00:00,432.94835814198
2024-08-04 00:00:00+00:00,419.01621684766
2024-08-04 01:00:00+00:00,424.06742308816
2024-08-04 02:00:00+00:00,426.0177061351
2024-08-04 03:00:00+00:00,422.00492636616
2024-08-04 04:00:00+00:00,428.95574796617
2024-08-04 05:00:00+00:00,418.96585311604
2024-08-04 06:00:00+00:00,423.01114220641
2024-08-04 07:00:00+00:00,434.15548468565
2024-08-04 08:00:00+00:00,414.46884866625
2024-08-04 09:00:00+00:00,422.21548873668
2024-08-04 10:00:00+00:00,437.12799028405
2024-08-04 11:00:00+00:00,413.81980633007
2024-08-04 12:00:00+00:00,421.19472365105
2024-08-04 13:00:00+00:00,436.09458892047
2024-08-04 14:00:00+00:00,416.35893988943
2024-08-04 15:00:00+00:00,421.72844629271
2024-08-04 16:00:00+00:00,431.14434478361
2024-08-04 17:00:00+00:00,420.01627997141
2024-08-04 18:00:00+00:00,425.03232407819
2024-08-04 19:00:00+00:00,423.9475771116
2024-08-04 20:00:00+00:00,422.5447068526
2024-08-04 21:00:00+00:00,430.20201678798
2024-08-04 22:00:00+00:00,417.40594081099
2024-08-04 23:00:00+00:00,422.95410402024
2024-08-05 00:00:00+00:00,435.03839330203
2024-08-05 01:00:00+00:00,413.92926457834
2024-08-05 02:00:00+00:00,421.86059464934
2024-08-05 03:00:00+00:00,437.07658880212
2024-08-05 04:00:00+00:00,414.29727397645
2024-08-05 05:00:00+00:00,421.05932226354
2024-08-05 06:00:00+00:00,434.93620724645
2024-08-05 07:00:00+00:00,417.37949507805
2024-08-05 08:00:00+00:00,422.32538255884
2024-08-05 09:00:00+00:00,429.12152427362
2024-08-05 10:00:00+00:00,420.93336487586
2024-08-05 11:00:00+00:00,426.19121644261
2024-08-05 12:00:00+00:00,421.85204151087
2024-08-05 13:00:00+00:00,422.96808619358
2024-08-05 14:00:00+00:00,431.45066570643
2024-08-05 15:00:00+00:00,415.90945076263
2024-08-05 16:00:00+00:00,422.87669634743
2024-08-05 17:00:00+00:00,435.74349754898
2024-08-05 18:00:00+00:00,413.50485569626
2024-08-05 19:00:00+00:00,421.66083265038
2024-08-05 20:00:00+00:00,436.69851281602
2024-08-05 21:00:00+00:00,414.82902544456
2024-08-05 22:00:00+00:00,421.22303855044
2024-08-05 23:00:00+00:00,433.44195531776
2024-08-06 00:00:00+00:00,418.34027029614
2024-08-06 01:00:00+00:00,423.11852871316
2024-08-06 02:00:00+00:00,426.98412386339
2024-08-06 03:00:00+00:00,421.7175555082
2024-08-06 04:00:00+00:00,427.44540984444
2024-08-06 05:00:00+00:00,419.83785836759
2024-08-06 06:00:00+00:00,423.23613545428
2024-08-06 07:00:00+00:00,432.61441151553
2024-08-06 08:00:00+00:00,414.78437703782
2024-08-06 09:00:00+00:00,422.7032086305
2024-08-06 10:00:00+00:00,436.1430089482
2024-08-06 11:00:00+00:00,413.46995956857
2024-08-06 12:00:00+00:00,421.45740298573
2024-08-06 13:00:00+00:00,436.00320663311
2024-08-06 14:00:00+00:00,415.62643895897
2024-08-06 15:00:00+00:00,421.30536533265
2024-08-06 16:00:00+00:00,431.81967736869
2024-08-06 17:00:00+00:00,419.40846279257
2024-08-06 18:00:00+00:00,423.81683248991
2024-08-06 19:00:00+00:00,424.98270321873
2024-08-06 20:00:00+00:00,422.40307358287
2024-08-06 21:00:00+00:00,428.51594367924
2024-08-06 22:00:00+00:00,418.20675216203
2024-08-06 23:00:00+00:00,423.30255563285
2024-08-07 00:00:00+00:00,433.48640765583
2024-08-07 01:00:00+00:00,414.08914331925
2024-08-07 02:00:00+00:00,422.35118865887
2024-08-07 03:00:00+00:00,436.23545830649
2024-08-07 04:00:00+00:00,413.81048331247
2024-08-07 05:00:00+00:00,421.16565423999
2024-08-07 06:00:00+00:00,435.05712126323
2024-08-07 07:00:00+00:00,416.61511141018
2024-08-07 08:00:00+00:00,421.65806240934
2024-08-07 09:00:00+00:00,430.00223726498
2024-08-07 10:00:00+00:00,420.38722312009
2024-08-07 11:00:00+00:00,424.75417115308
2024-08-07 12:00:00+00:00,422.94454029435
2024-08-07 13:00:00+00:00,422.94766622592
2024-08-07 14:00:00+00:00,429.67812444451
2024-08-07 15:00:00+00:00,416.75273202089
2024-08-07 16:00:00+00:00,423.31241622765
2024-08-07 17:00:00+00:00,434.20151809193
2024-08-07 18:00:00+00:00,413.65709334679
2024-08-07 19:00:00+00:00,422.05564139013
2024-08-07 20:00:00+00:00,436.05187074689
2024-08-07 21:00:00+00:00,414.37391758302
2024-08-07 22:00:00+00:00,421.0509123958
2024-08-07 23:00:00+00:00,433.83950644556
2024-08-08 00:00:00+00:00,417.70108030556
2024-08-08 01:00:00+00:00,422.08344457633
2024-08-08 02:00:00+00:00,428.1036699896
2024-08-08 03:00:00+00:00,421.36788674717
2024-08-08 04:00:00+00:00,425.69581786052
2024-08-08 05:00:00+00:00,421.05664634436
2024-08-08 06:00:00+00:00,423.39240061081
2024-08-08 07:00:00+00:00,430.70723524412
2024-08-08 08:00:00+00:00,415.50879148183
2024-08-08 09:00:00+00:00,423.17752230312
2024-08-08 10:00:00+00:00,434.77205166348
2024-08-08 11:00:00+00:00,413.44666565613
2024-08-08 12:00:00+00:00,421.75390629921
2024-08-08 13:00:00+00:00,435.64758058394
2024-08-08 14:00:00+00:00,415.05132977634
2024-08-08 15:00:00+00:00,421.04386089873
2024-08-08 16:00:00+00:00,432.4583480218
2024-08-08 17:00:00+00:00,418.7345667223
2024-08-08 18:00:00+00:00,422.66720156058
2024-08-08 19:00:00+00:00,426.18077202146
2024-08-08 20:00:00+00:00,422.16046770675
2024-08-08 21:00:00+00:00,426.73439135404
2024-08-08 22:00:00+00:00,419.30557355148
2024-08-08 23:00:00+00:00,423.61843252779
2024-08-09 00:00:00+00:00,431.69875746467
2024-08-09 01:00:00+00:00,414.55677168631
2024-08-09 02:00:00+00:00,422.93073698577
2024-08-09 03:00:00+00:00,435.12041031925
2024-08-09 04:00:00+00:00,413.52148040584
2024-08-09 05:00:00+00:00,421.45255252155
2024-08-09 06:00:00+00:00,434.99797966143
2024-08-09 07:00:00+00:00,415.8887551585
2024-08-09 08:00:00+00:00,421.1640719187
2024-08-09 09:00:00+00:00,430.89281934491
2024-08-09 10:00:00+00:00,419.76206639409
2024-08-09 11:00:00+00:00,423.37245007167
2024-08-09 12:00:00+00:00,424.24752462158
2024-08-09 13:00:00+00:00,422.83548722205
2024-08-09 14:00:00+00:00,427.78852913727
2024-08-09 15:00:00+00:00,417.63925187314
2024-08-09 16:00:00+00:00,423.74348768051
2024-08-09 17:00:00+00:00,432.55475385628
2024-08-09 18:00:00+00:00,413.78725192856
2024-08-09 19:00:00+00:00,422.68376432483
2024-08-09 20:00:00+00:00,435.19610011854
2024-08-09 21:00:00+00:00,413.76061764703
2024-08-09 22:00:00+00:00,421.27312483625
2024-08-09 23:00:00+00:00,434.04714254581
2024-08-10 00:00:00+00:00,416.7825803966
2024-08-10 01:00:00+00:00,421.44979650736
2024-08-10 02:00:00+00:00,429.13702341432
2024-08-10 03:00:00+00:00,420.72187749452
2024-08-10 04:00:00+00:00,424.19938241208
2024-08-10 05:00:00+00:00,422.29349196278
2024-08-10 06:00:00+00:00,423.37753744808
2024-08-10 07:00:00+00:00,428.82621542028
2024-08-10 08:00:00+00:00,416.27510876706
2024-08-10 09:00:00+00:00,423.71069264483
2024-08-10 10:00:00+00:00,433.23216208681
2024-08-10 11:00:00+00:00,413.38106293832
2024-08-10 12:00:00+00:00,422.34589666695
2024-08-10 13:00:00+00:00,435.04317396446
2024-08-10 14:00:00+00:00,414.28908090044
2024-08-10 15:00:00+00:00,420.90181535094
2024-08-10 16:00:00+00:00,432.96127120755
2024-08-10 17:00:00+00:00,417.85666752172
2024-08-10 18:00:00+00:00,421.57848883065
2024-08-10 19:00:00+00:00,427.46561709795
2024-08-10 20:00:00+00:00,421.62534578285
2024-08-10 21:00:00+00:00,424.84657869086
2024-08-10 22:00:00+00:00,420.65907707389
2024-08-10 23:00:00+00:00,423.69714762845
2024-08-11 00:00:00+00:00,429.62433815217
2024-08-11 01:00:00+00:00,415.30160658209
2024-08-11 02:00:00+00:00,423.42802776566
2024-08-11 03:00:00+00:00,433.63384148339
2024-08-11 04:00:00+00:00,413.37228678312
2024-08-11 05:00:00+00:00,421.80982091091
2024-08-11 06:00:00+00:00,434.63753147677
2024-08-11 07:00:00+00:00,415.07943114966
2024-08-11 08:00:00+00:00,420.78823840099
2024-08-11 09:00:00+00:00,431.68328859922
2024-08-11 10:00:00+00:00,418.86681828462
2024-08-11 11:00:00+00:00,422.01045400499
2024-08-11 12:00:00+00:00,425.68571495001
2024-08-11 13:00:00+00:00,422.39827607758
2024-08-11 14:00:00+00:00,425.7234353663
2024-08-11 15:00:00+00:00,419.08905387507
2024-08-11 16:00:00+00:00,423.84330251915
2024-08-11 17:00:00+00:00,430.43124561799
2024-08-11 18:00:00+00:00,414.47076563913
2024-08-11 19:00:00+00:00,423.06806860058
2024-08-11 20:00:00+00:00,433.9115632513
2024-08-11 21:00:00+00:00,413.48708695462
2024-08-11 22:00:00+00:00,421.3393071847
2024-08-11 23:00:00+00:00,434.04707192744
2024-08-12 00:00:00+00:00,415.88946432042
2024-08-12 01:00:00+00:00,420.65751579771
2024-08-12 02:00:00+00:00,430.2952093289
2024-08-12 03:00:00+00:00,419.82825415117
2024-08-12 04:00:00+00:00,422.43134883842
2024-08-12 05:00:00+00:00,423.96937996379
2024-08-12 06:00:00+00:00,422.98681291252
2024-08-12 07:00:00+00:00,426.51926371202
2024-08-12 08:00:00+00:00,417.63780620635
2024-08-12 09:00:00+00:00,423.89889933466
2024-08-12 10:00:00+00:00,431.1879503694
2024-08-12 11:00:00+00:00,413.83774261798
2024-08-12 12:00:00+00:00,422.70914082731
2024-08-12 13:00:00+00:00,434.02439219732
2024-08-12 14:00:00+00:00,413.77893781127
2024-08-12 15:00:00+00:00,420.84476930411
2024-08-12 16:00:00+00:00,433.11611446936
2024-08-12 17:00:00+00:00,416.85161124096
2024-08-12 18:00:00+00:00,420.48233193248
2024-08-12 19:00:00+00:00,428.67888208332
2024-08-12 20:00:00+00:00,420.7651071179
2024-08-12 21:00:00+00:00,422.7108527281
2024-08-12 22:00:00+00:00,422.20139035313
2024-08-12 23:00:00+00:00,423.41274100322
2024-08-13 00:00:00+00:00,427.01538504993
2024-08-13 01:00:00+00:00,416.33966105954
2024-08-13 02:00:00+00:00,423.66497535959
2024-08-13 03:00:00+00:00,431.42593938815
2024-08-13 04:00:00+00:00,413.40063489959
2024-08-13 05:00:00+00:00,422.04273403335
2024-08-13 06:00:00+00:00,433.57484778305
2024-08-13 07:00:00+00:00,414.1662499209
2024-08-13 08:00:00+00:00,420.32103435067
2024-08-13 09:00:00+00:00,432.03004093248
2024-08-13 10:00:00+00:00,417.87734599192
2024-08-13 11:00:00+00:00,420.50689665139
2024-08-13 12:00:00+00:00,427.07167486213
2024-08-13 13:00:00+00:00,421.71806095972
2024-08-13 14:00:00+00:00,423.21327623151
2024-08-13 15:00:00+00:00,420.63613469797
2024-08-13 16:00:00+00:00,423.87684582072
2024-08-13 17:00:00+00:00,427.69597986615
2024-08-13 18:00:00+00:00,415.40204313517
2024-08-13 19:00:00+00:00,423.57380462845
2024-08-13 20:00:00+00:00,431.80243232479
2024-08-13 21:00:00+00:00,413.40379080932
2024-08-13 22:00:00+00:00,421.67651413748
2024-08-13 23:00:00+00:00,433.26187674103
2024-08-14 00:00:00+00:00,414.99655615379
2024-08-14 01:00:00+00:00,420.11249891631
2024-08-14 02:00:00+00:00,430.94188348384
2024-08-14 03:00:00+00:00,418.7598589821
2024-08-14 04:00:00+00:00,420.66297198559
2024-08-14 05:00:00+00:00,425.51270290518
2024-08-14 06:00:00+00:00,422.38712096992
2024-08-14 07:00:00+00:00,423.81910544171
2024-08-14 08:00:00+00:00,419.17457355485
2024-08-14 09:00:00+00:00,424.03599826203
2024-08-14 10:00:00+00:00,428.67119593924
2024-08-14 11:00:00+00:00,414.38772170617
2024-08-14 12:00:00+00:00,423.33643849376
2024-08-14 13:00:00+00:00,432.31040592888
2024-08-14 14:00:00+00:00,413.23230463868
2024-08-14 15:00:00+00:00,421.37443967957
2024-08-14 16:00:00+00:00,432.93710344144
2024-08-14 17:00:00+00:00,415.51880303819
2024-08-14 18:00:00+00:00,420.14842624997
2024-08-14 19:00:00+00:00,429.78623127766
2024-08-14 20:00:00+00:00,419.53226014158
2024-08-14 21:00:00+00:00,421.24308679019
2024-08-14 22:00:00+00:00,423.91398160087
2024-08-14 23:00:00+00:00,422.9399046942
2024-08-15 00:00:00+00:00,424.79756804008
2024-08-15 01:00:00+00:00,417.72710002398
2024-08-15 02:00:00+00:00,424.1091813899
2024-08-15 03:00:00+00:00,429.31900302669
2024-08-15 04:00:00+00:00,413.78098884179
2024-08-15 05:00:00+00:00,422.96115963009
2024-08-15 06:00:00+00:00,432.46453156294
2024-08-15 07:00:00+00:00,413.46711711633
2024-08-15 08:00:00+00:00,420.92197128606
2024-08-15 09:00:00+00:00,432.37254888446
2024-08-15 10:00:00+00:00,416.44030662487
2024-08-15 11:00:00+00:00,419.90955125172
2024-08-15 12:00:00+00:00,428.6035377272
2024-08-15 13:00:00+00:00,420.48846511076
2024-08-15 14:00:00+00:00,421.5055311903
2024-08-15 15:00:00+00:00,422.54149234319
2024-08-15 16:00:00+00:00,423.46608359505
2024-08-15 17:00:00+00:00,425.40448102443
2024-08-15 18:00:00+00:00,416.71906666795
2024-08-15 19:00:00+00:00,424.02866641367
2024-08-15 20:00:00+00:00,429.85351081542
2024-08-15 21:00:00+00:00,413.53148735534
2024-08-15 22:00:00+00:00,422.45470268865
2024-08-15 23:00:00+00:00,432.49212910036
2024-08-16 00:00:00+00:00,414.00287676235
2024-08-16 01:00:00+00:00,420.39988066163
2024-08-16 02:00:00+00:00,431.65206007399
2024-08-16 03:00:00+00:00,417.3050557465
2024-08-16 04:00:00+00:00,419.86474038477
2024-08-16 05:00:00+00:00,427.29944613052
2024-08-16 06:00:00+00:00,421.31237862775
2024-08-16 07:00:00+00:00,421.9449453449
2024-08-16 08:00:00+00:00,421.12775394299
2024-08-16 09:00:00+00:00,423.78228653957
2024-08-16 10:00:00+00:00,426.04996243877
2024-08-16 11:00:00+00:00,415.85091980741
2024-08-16 12:00:00+00:00,423.76571994683
2024-08-16 13:00:00+00:00,430.34495173034
2024-08-16 14:00:00+00:00,413.41721826298
2024-08-16 15:00:00+00:00,421.85958368278
2024-08-16 16:00:00+00:00,432.42534265873
2024-08-16 17:00:00+00:00,414.58924233023
2024-08-16 18:00:00+00:00,419.89678441582
2024-08-16 19:00:00+00:00,430.89312530629
2024-08-16 20:00:00+00:00,418.20379023278
2024-08-16 21:00:00+00:00,419.79689003511
2024-08-16 22:00:00+00:00,426.07360497091
2024-08-16 23:00:00+00:00,422.02218326197
2024-08-17 00:00:00+00:00,422.36455039745
2024-08-17 01:00:00+00:00,419.91724131319
2024-08-17 02:00:00+00:00,424.02069867167
2024-08-17 03:00:00+00:00,426.72407181638
2024-08-17 04:00:00+00:00,415.04049136658
2024-08-17 05:00:00+00:00,423.48824165293
2024-08-17 06:00:00+00:00,430.74173901253
2024-08-17 07:00:00+00:00,413.38325062027
2024-08-17 08:00:00+00:00,421.34905878206
2024-08-17 09:00:00+00:00,432.12606784365
2024-08-17 10:00:00+00:00,415.13092889489
2024-08-17 11:00:00+00:00,419.41159329717
2024-08-17 12:00:00+00:00,429.90995458983
2024-08-17 13:00:00+00:00,418.94972927015
2024-08-17 14:00:00+00:00,419.7510111176
2024-08-17 15:00:00+00:00,424.69552621903
2024-08-17 16:00:00+00:00,422.49993925572
2024-08-17 17:00:00+00:00,422.73251146763
2024-08-17 18:00:00+00:00,418.63988901643
2024-08-17 19:00:00+00:00,423.95536004145
2024-08-17 20:00:00+00:00,427.18544793386
2024-08-17 21:00:00+00:00,414.31253864561
2024-08-17 22:00:00+00:00,422.93064035996
2024-08-17 23:00:00+00:00,430.86667396537
2024-08-18 00:00:00+00:00,413.37262292974
2024-08-18 01:00:00+00:00,420.62048841175
2024-08-18 02:00:00+00:00,431.68335354058
2024-08-18 03:00:00+00:00,415.72977173256
2024-08-18 04:00:00+00:00,419.04947286878
2024-08-18 05:00:00+00:00,428.84657654727
2024-08-18 06:00:00+00:00,419.68069421288
2024-08-18 07:00:00+00:00,419.8385378945
2024-08-18 08:00:00+00:00,423.34489917447
2024-08-18 09:00:00+00:00,422.92784693443
2024-08-18 10:00:00+00:00,423.18303206474
2024-08-18 11:00:00+00:00,417.49374287485
2024-08-18 12:00:00+00:00,423.86727517372
2024-08-18 13:00:00+00:00,427.65313486969
2024-08-18 14:00:00+00:00,413.77122468632
2024-08-18 15:00:00+00:00,422.56079080102
2024-08-18 16:00:00+00:00,430.92433960886
2024-08-18 17:00:00+00:00,413.7183325411
2024-08-18 18:00:00+00:00,420.13936141008
2024-08-18 19:00:00+00:00,431.13192146003
2024-08-18 20:00:00+00:00,416.58971245004
2024-08-18 21:00:00+00:00,418.82070505229
2024-08-18 22:00:00+00:00,427.77133283596
2024-08-18 23:00:00+00:00,420.59824636856
2024-08-19 00:00:00+00:00,420.0364860161
2024-08-19 01:00:00+00:00,422.12141764068
2024-08-19 02:00:00+00:00,423.4841194219
2024-08-19 03:00:00+00:00,423.68353431838
2024-08-19 04:00:00+00:00,416.60994191098
2024-08-19 05:00:00+00:00,423.88984371336
2024-08-19 06:00:00+00:00,428.1034990646
2024-08-19 07:00:00+00:00,413.57988271569
2024-08-19 08:00:00+00:00,422.05783464918
2024-08-19 09:00:00+00:00,430.96892483958
2024-08-19 10:00:00+00:00,414.07462700724
2024-08-19 11:00:00+00:00,419.62507628393
2024-08-19 12:00:00+00:00,430.55628994315
2024-08-19 13:00:00+00:00,417.33216280247
2024-08-19 14:00:00+00:00,418.63375662454
2024-08-19 15:00:00+00:00,427.08157602083
2024-08-19 16:00:00+00:00,421.20018209437
2024-08-19 17:00:00+00:00,419.9227881221
2024-08-19 18:00:00+00:00,421.38718481114
2024-08-19 19:00:00+00:00,423.49464308553
2024-08-19 20:00:00+00:00,423.98102372506
2024-08-19 21:00:00+00:00,416.21992162315
2024-08-19 22:00:00+00:00,423.25010840323
2024-08-19 23:00:00+00:00,428.46470512235
2024-08-20 00:00:00+00:00,413.75388361172
2024-08-20 01:00:00+00:00,421.02205372086
2024-08-20 02:00:00+00:00,431.04066626344
2024-08-20 03:00:00+00:00,414.72561692925
2024-08-20 04:00:00+00:00,418.62199281255
2024-08-20 05:00:00+00:00,430.18323654376
2024-08-20 06:00:00+00:00,418.10197760203
2024-08-20 07:00:00+00:00,418.03842431511
2024-08-20 08:00:00+00:00,426.01308831186
2024-08-20 09:00:00+00:00,421.73391548167
2024-08-20 10:00:00+00:00,420.23267639474
2024-08-20 11:00:00+00:00,420.28220913277
2024-08-20 12:00:00+00:00,423.59390812193
2024-08-20 13:00:00+00:00,424.50612447269
2024-08-20 14:00:00+00:00,415.50403775423
2024-08-20 15:00:00+00:00,423.4288737476
2024-08-20 16:00:00+00:00,428.76922153496
2024-08-20 17:00:00+00:00,413.3700249219
2024-08-20 18:00:00+00:00,421.02057586572
2024-08-20 19:00:00+00:00,430.65926076081
2024-08-20 20:00:00+00:00,415.08319826576
2024-08-20 21:00:00+00:00,418.72525916301
2024-08-20 22:00:00+00:00,429.07365382434
2024-08-20 23:00:00+00:00,418.88135564794
2024-08-21 00:00:00+00:00,418.44202361544
2024-08-21 01:00:00+00:00,424.45478352304
2024-08-21 02:00:00+00:00,422.51444720317
2024-08-21 03:00:00+00:00,420.8903854136
2024-08-21 04:00:00+00:00,418.76765309206
2024-08-21 05:00:00+00:00,424.077352196
2024-08-21 06:00:00+00:00,425.12580369926
2024-08-21 07:00:00+00:00,414.51725551113
2024-08-21 08:00:00+00:00,423.02882232281
2024-08-21 09:00:00+00:00,429.0182532062
2024-08-21 10:00:00+00:00,413.45144142367
2024-08-21 11:00:00+00:00,420.43068485648
2024-08-21 12:00:00+00:00,430.4110159146
2024-08-21 13:00:00+00:00,415.65815929353
2024-08-21 14:00:00+00:00,418.29898674252
2024-08-21 15:00:00+00:00,428.41130757276
2024-08-21 16:00:00+00:00,419.58869503022
2024-08-21 17:00:00+00:00,418.41410020607
2024-08-21 18:00:00+00:00,423.51380474954
2024-08-21 19:00:00+00:00,422.92966371141
2024-08-21 20:00:00+00:00,421.27105635471
2024-08-21 21:00:00+00:00,417.9494536803
2024-08-21 22:00:00+00:00,423.99214168904
2024-08-21 23:00:00+00:00,425.64104066632
2024-08-22 00:00:00+00:00,414.17420582595
2024-08-22 01:00:00+00:00,422.51779433652
2024-08-22 02:00:00+00:00,429.29946734261
2024-08-22 03:00:00+00:00,413.69684605428
2024-08-22 04:00:00+00:00,419.79819256244
2024-08-22 05:00:00+00:00,430.20409830717
2024-08-22 06:00:00+00:00,416.30628202384
2024-08-22 07:00:00+00:00,417.90274555281
2024-08-22 08:00:00+00:00,427.60926684405
2024-08-22 09:00:00+00:00,420.48742205563
2024-08-22 10:00:00+00:00,418.026572416
2024-08-22 11:00:00+00:00,422.73118883304
2024-08-22 12:00:00+00:00,423.36670919345
2024-08-22 13:00:00+00:00,421.24788251427
2024-08-22 14:00:00+00:00,417.46321028566
2024-08-22 15:00:00+00:00,423.78653398489
2024-08-22 16:00:00+00:00,425.74591286222
2024-08-22 17:00:00+00:00,414.249922743
2024-08-22 18:00:00+00:00,421.78435854723
2024-08-22 19:00:00+00:00,429.23013634431
2024-08-22 20:00:00+00:00,414.33704990535
2024-08-22 21:00:00+00:00,418.87146065586
2024-08-22 22:00:00+00:00,429.7836360305
2024-08-22 23:00:00+00:00,417.23097882621
2024-08-23 00:00:00+00:00,417.15234993408
2024-08-23 01:00:00+00:00,426.89985726239
2024-08-23 02:00:00+00:00,421.03744656573
2024-08-23 03:00:00+00:00,418.09293677872
2024-08-23 04:00:00+00:00,421.78080569543
2024-08-23 05:00:00+00:00,423.55914928671
2024-08-23 06:00:00+00:00,421.62717281992
2024-08-23 07:00:00+00:00,416.74572973524
2024-08-23 08:00:00+00:00,423.50995283561
2024-08-23 09:00:00+00:00,426.69659163414
2024-08-23 10:00:00+00:00,417.22264723764
2024-08-23 11:00:00+00:00,423.32587278108
2024-08-23 12:00:00+00:00,429.86769988675
2024-08-23 13:00:00+00:00,418.51999746756
2024-08-23 14:00:00+00:00,419.69182775372
2024-08-23 15:00:00+00:00,430.00467936286
2024-08-23 16:00:00+00:00,422.04225468912
2024-08-23 17:00:00+00:00,417.83459327054
2024-08-23 18:00:00+00:00,426.95832899549
2024-08-23 19:00:00+00:00,425.59509418071
2024-08-23 20:00:00+00:00,419.03480164964
2024-08-23 21:00:00+00:00,422.27563064158
2024-08-23 22:00:00+00:00,427.06251855578
2024-08-23 23:00:00+00:00,422.82620872317
2024-08-24 00:00:00+00:00,418.36360439051
2024-08-24 01:00:00+00:00,425.59675585023
2024-08-24 02:00:00+00:00,427.23843451828
2024-08-24 03:00:00+00:00,417.16462129225
2024-08-24 04:00:00+00:00,422.07978317347
2024-08-24 05:00:00+00:00,429.90124911661
2024-08-24 06:00:00+00:00,419.0770883176
2024-08-24 07:00:00+00:00,418.6236343665
2024-08-24 08:00:00+00:00,429.35440953293
2024-08-24 09:00:00+00:00,422.76014860073
2024-08-24 10:00:00+00:00,417.37077166559
2024-08-24 11:00:00+00:00,425.84027425453
2024-08-24 12:00:00+00:00,425.93728015498
2024-08-24 13:00:00+00:00,419.24900311873
2024-08-24 14:00:00+00:00,421.17350499847
2024-08-24 15:00:00+00:00,426.9890123865
2024-08-24 16:00:00+00:00,423.60824812594
2024-08-24 17:00:00+00:00,417.97987527454
2024-08-24 18:00:00+00:00,424.87322902876
2024-08-24 19:00:00+00:00,427.89496723101
2024-08-24 20:00:00+00:00,417.55463430973
2024-08-24 21:00:00+00:00,421.11002877243
2024-08-24 22:00:00+00:00,430.01056585884
2024-08-24 23:00:00+00:00,420.04572598085
2024-08-25 00:00:00+00:00,417.94698382745
2024-08-25 01:00:00+00:00,428.82318476065
2024-08-25 02:00:00+00:00,423.80753285429
2024-08-25 03:00:00+00:00,417.36087668676
2024-08-25 04:00:00+00:00,424.95858213663
2024-08-25 05:00:00+00:00,426.5351898571
2024-08-25 06:00:00+00:00,419.90422102723
2024-08-25 07:00:00+00:00,420.45963589843
2024-08-25 08:00:00+00:00,426.58412646913
2024-08-25 09:00:00+00:00,424.35836676853
2024-08-25 10:00:00+00:00,417.66878613095
2024-08-25 11:00:00+00:00,423.88998128249
2024-08-25 12:00:00+00:00,428.40728425498
2024-08-25 13:00:00+00:00,417.92672982071
2024-08-25 14:00:00+00:00,420.00578708494
2024-08-25 15:00:00+00:00,430.00445586062
2024-08-25 16:00:00+00:00,420.90033742496
2024-08-25 17:00:00+00:00,417.21888924218
2024-08-25 18:00:00+00:00,428.21515436648
2024-08-25 19:00:00+00:00,424.54387041439
2024-08-25 20:00:00+00:00,417.33794682026
2024-08-25 21:00:00+00:00,424.08037419
2024-08-25 22:00:00+00:00,426.69184400865
2024-08-25 23:00:00+00:00,420.49749938735
2024-08-26 00:00:00+00:00,419.80514704806
2024-08-26 01:00:00+00:00,426.00431441245
2024-08-26 02:00:00+00:00,425.14998481315
2024-08-26 03:00:00+00:00,417.60839468418
2024-08-26 04:00:00+00:00,422.80765175157
2024-08-26 05:00:00+00:00,428.89611167765
2024-08-26 06:00:00+00:00,418.48710802804
2024-08-26 07:00:00+00:00,418.92190674873
2024-08-26 08:00:00+00:00,429.80539301427
2024-08-26 09:00:00+00:00,421.6728558383
2024-08-26 10:00:00+00:00,416.65073414257
2024-08-26 11:00:00+00:00,427.45429703619
2024-08-26 12:00:00+00:00,425.10849613565
2024-08-26 13:00:00+00:00,417.46824027414
2024-08-26 14:00:00+00:00,423.1407494183
2024-08-26 15:00:00+00:00,426.76302948573
2024-08-26 16:00:00+00:00,421.21864362799
2024-08-26 17:00:00+00:00,419.13116050359
2024-08-26 18:00:00+00:00,425.41690189191
2024-08-26 19:00:00+00:00,425.9081312603
2024-08-26 20:00:00+00:00,417.58356178269
2024-08-26 21:00:00+00:00,421.84582936663
2024-08-26 22:00:00+00:00,429.2203106465
2024-08-26 23:00:00+00:00,419.07352145766
2024-08-27 00:00:00+00:00,418.07982395709
2024-08-27 01:00:00+00:00,429.47347483689
2024-08-27 02:00:00+00:00,422.49189807913
2024-08-27 03:00:00+00:00,416.3572576499
2024-08-27 04:00:00+00:00,426.61199296324
2024-08-27 05:00:00+00:00,425.65752158247
2024-08-27 06:00:00+00:00,417.84478624993
2024-08-27 07:00:00+00:00,422.22036064904
2024-08-27 08:00:00+00:00,426.58245156534
2024-08-27 09:00:00+00:00,421.94324784071
2024-08-27 10:00:00+00:00,418.65218811888
2024-08-27 11:00:00+00:00,424.59965251878
2024-08-27 12:00:00+00:00,426.60222484863
2024-08-27 13:00:00+00:00,417.72622419313
2024-08-27 14:00:00+00:00,420.74649303621
2024-08-27 15:00:00+00:00,429.5828981749
2024-08-27 16:00:00+00:00,419.78890607391
2024-08-27 17:00:00+00:00,417.15086098111
2024-08-27 18:00:00+00:00,429.23769003647
2024-08-27 19:00:00+00:00,423.24591086845
2024-08-27 20:00:00+00:00,416.07963507186
2024-08-27 21:00:00+00:00,425.96204147821
2024-08-27 22:00:00+00:00,425.97293541071
2024-08-27 23:00:00+00:00,418.28204279484
2024-08-28 00:00:00+00:00,421.5809441577
2024-08-28 01:00:00+00:00,426.1978482541
2024-08-28 02:00:00+00:00,422.79131079993
2024-08-28 03:00:00+00:00,418.43864856565
2024-08-28 04:00:00+00:00,423.6189585117
2024-08-28 05:00:00+00:00,427.3698917248
2024-08-28 06:00:00+00:00,418.09606720961
2024-08-28 07:00:00+00:00,419.59361158647
2024-08-28 08:00:00+00:00,429.73549700039
2024-08-28 09:00:00+00:00,427.25564154852
2024-08-28 10:00:00+00:00,418.81574441612
2024-08-28 11:00:00+00:00,429.80163478542
2024-08-28 12:00:00+00:00,430.98517829507
2024-08-28 13:00:00+00:00,417.35459428454
2024-08-28 14:00:00+00:00,427.13205200868
2024-08-28 15:00:00+00:00,432.77003157077
2024-08-28 16:00:00+00:00,419.57354912588
2024-08-28 17:00:00+00:00,424.16499821095
2024-08-28 18:00:00+00:00,431.16038798974
2024-08-28 19:00:00+00:00,424.06546714745
2024-08-28 20:00:00+00:00,423.05834646255
2024-08-28 21:00:00+00:00,426.55095349363
2024-08-28 22:00:00+00:00,428.32253573549
2024-08-28 23:00:00+00:00,424.73803983737
2024-08-29 00:00:00+00:00,421.03426696958
2024-08-29 01:00:00+00:00,430.19106793368
2024-08-29 02:00:00+00:00,428.29586670241
2024-08-29 03:00:00+00:00,417.76311935064
2024-08-29 04:00:00+00:00,429.38238274137
2024-08-29 05:00:00+00:00,431.76698036805
2024-08-29 06:00:00+00:00,417.61743524247
2024-08-29 07:00:00+00:00,426.35113409452
2024-08-29 08:00:00+00:00,432.45549561948
2024-08-29 09:00:00+00:00,420.90652353178
2024-08-29 10:00:00+00:00,423.74124846182
2024-08-29 11:00:00+00:00,429.69071380026
2024-08-29 12:00:00+00:00,425.71039211756
2024-08-29 13:00:00+00:00,423.44524533515
2024-08-29 14:00:00+00:00,424.49372486733
2024-08-29 15:00:00+00:00,429.45607461361
2024-08-29 16:00:00+00:00,425.82047235429
2024-08-29 17:00:00+00:00,419.3051982696
2024-08-29 18:00:00+00:00,430.38028091373
2024-08-29 19:00:00+00:00,429.44032355464
2024-08-29 20:00:00+00:00,416.66717857528
2024-08-29 21:00:00+00:00,428.46404916985
2024-08-29 22:00:00+00:00,431.9397784052
2024-08-29 23:00:00+00:00,417.8034338604
2024-08-30 00:00:00+00:00,425.34968454302
2024-08-30 01:00:00+00:00,431.42589780959
2024-08-30 02:00:00+00:00,421.94113914756
2024-08-30 03:00:00+00:00,423.99769805979
2024-08-30 04:00:00+00:00,427.63939339956
2024-08-30 05:00:00+00:00,427.14497328
2024-08-30 06:00:00+00:00,424.50781698365
2024-08-30 07:00:00+00:00,422.0468533242
2024-08-30 08:00:00+00:00,430.39908871895
2024-08-30 09:00:00+00:00,427.32126211052
2024-08-30 10:00:00+00:00,417.44287154394
2024-08-30 11:00:00+00:00,430.57432874498
2024-08-30 12:00:00+00:00,430.61057749864
2024-08-30 13:00:00+00:00,416.08822386355
2024-08-30 14:00:00+00:00,428.20922632636
2024-08-30 15:00:00+00:00,432.04295960704
2024-08-30 16:00:00+00:00,418.57532931487
2024-08-30 17:00:00+00:00,425.27086438124
2024-08-30 18:00:00+00:00,430.19029380913
2024-08-30 19:00:00+00:00,423.50885507103
2024-08-30 20:00:00+00:00,423.92324878305
2024-08-30 21:00:00+00:00,425.42921503049
2024-08-30 22:00:00+00:00,428.33427885439
2024-08-30 23:00:00+00:00,425.18287281894
2024-08-31 00:00:00+00:00,419.83354077674
2024-08-31 01:00:00+00:00,430.78792305139
2024-08-31 02:00:00+00:00,428.27328444388
2024-08-31 03:00:00+00:00,416.09609217047
2024-08-31 04:00:00+00:00,430.10852301638
2024-08-31 05:00:00+00:00,431.08605982765
2024-08-31 06:00:00+00:00,416.04756634183
2024-08-31 07:00:00+00:00,427.3568451291
2024-08-31 08:00:00+00:00,431.45732225947
2024-08-31 09:00:00+00:00,419.81662118432
2024-08-31 10:00:00+00:00,424.7681535185
2024-08-31 11:00:00+00:00,428.7904557129
2024-08-31 12:00:00+00:00,425.10122683114
2024-08-31 13:00:00+00:00,424.21541499971
2024-08-31 14:00:00+00:00,423.45927318512
2024-08-31 15:00:00+00:00,429.47467510354
2024-08-31 16:00:00+00:00,426.19136290531
2024-08-31 17:00:00+00:00,418.16666775851
2024-08-31 18:00:00+00:00,431.03467783665
2024-08-31 19:00:00+00:00,429.4096179241
2024-08-31 20:00:00+00:00,415.49610352617
2024-08-31 21:00:00+00:00,429.59600853815
2024-08-31 22:00:00+00:00,431.59686934934
2024-08-31 23:00:00+00:00,416.75338864439
2024-09-01 00:00:00+00:00,426.67750550844
2024-09-01 01:00:00+00:00,430.87400616725
2024-09-01 02:00:00+00:00,421.2315055006
2024-09-01 03:00:00+00:00,424.52358301518
2024-09-01 04:00:00+00:00,426.92112834948
2024-09-01 05:00:00+00:00,426.63498142143
2024-09-01 06:00:00+00:00,424.71150908604
2024-09-01 07:00:00+00:00,421.27267515047
2024-09-01 08:00:00+00:00,430.39066356278
2024-09-01 09:00:00+00:00,427.16506204301
2024-09-01 10:00:00+00:00,416.56599609393
2024-09-01 11:00:00+00:00,431.04723528367
2024-09-01 12:00:00+00:00,430.18847014533
2024-09-01 13:00:00+00:00,415.12032215722
2024-09-01 14:00:00+00:00,428.98243068173
2024-09-01 15:00:00+00:00,431.47543175843
2024-09-01 16:00:00+00:00,417.67396050476
2024-09-01 17:00:00+00:00,426.05035815029
2024-09-01 18:00:00+00:00,429.61574589399
2024-09-01 19:00:00+00:00,422.84542728989
2024-09-01 20:00:00+00:00,424.45102669983
2024-09-01 21:00:00+00:00,424.85900407159
2024-09-01 22:00:00+00:00,428.10820199509
2024-09-01 23:00:00+00:00,425.32593831958
2024-09-02 00:00:00+00:00,419.20515055764
2024-09-02 01:00:00+00:00,431.08903494361
2024-09-02 02:00:00+00:00,428.06363059154
2024-09-02 03:00:00+00:00,415.35322214002
2024-09-02 04:00:00+00:00,430.85351096242
2024-09-02 05:00:00+00:00,430.66991789259
2024-09-02 06:00:00+00:00,415.22641212449
2024-09-02 07:00:00+00:00,428.30637030094
2024-09-02 08:00:00+00:00,430.99169498448
2024-09-02 09:00:00+00:00,418.88576080171
2024-09-02 10:00:00+00:00,425.55376571898
2024-09-02 11:00:00+00:00,428.04854922072
2024-09-02 12:00:00+00:00,424.50117345021
2024-09-02 13:00:00+00:00,424.59056727313
2024-09-02 14:00:00+00:00,422.70898358836
2024-09-02 15:00:00+00:00,429.51844031431
2024-09-02 16:00:00+00:00,426.02075535292
2024-09-02 17:00:00+00:00,417.26509619985
2024-09-02 18:00:00+00:00,431.64530946494
2024-09-02 19:00:00+00:00,428.7993754162
2024-09-02 20:00:00+00:00,414.51646660041
2024-09-02 21:00:00+00:00,430.58982952049
2024-09-02 22:00:00+00:00,430.76275591285
2024-09-02 23:00:00+00:00,415.77228294761
2024-09-03 00:00:00+00:00,427.71911574899
2024-09-03 01:00:00+00:00,430.01468849257
2024-09-03 02:00:00+00:00,420.44877091121
2024-09-03 03:00:00+00:00,425.25631291796
2024-09-03 04:00:00+00:00,426.12204839758
2024-09-03 05:00:00+00:00,426.29221928392
2024-09-03 06:00:00+00:00,424.90695902132
2024-09-03 07:00:00+00:00,420.49362534727
2024-09-03 08:00:00+00:00,430.64067138366
2024-09-03 09:00:00+00:00,426.81004296701
2024-09-03 10:00:00+00:00,415.71637433479
2024-09-03 11:00:00+00:00,431.84910500108
2024-09-03 12:00:00+00:00,429.45946478065
2024-09-03 13:00:00+00:00,414.17444262752
2024-09-03 14:00:00+00:00,430.08323275791
2024-09-03 15:00:00+00:00,430.5673299538
2024-09-03 16:00:00+00:00,416.70010574211
2024-09-03 17:00:00+00:00,427.05700818526
2024-09-03 18:00:00+00:00,428.74539066251
2024-09-03 19:00:00+00:00,422.13068976699
2024-09-03 20:00:00+00:00,425.0150598837
2024-09-03 21:00:00+00:00,424.06746318688
2024-09-03 22:00:00+00:00,427.90060525714
2024-09-03 23:00:00+00:00,425.27533873811
2024-09-04 00:00:00+00:00,418.40793316602
2024-09-04 01:00:00+00:00,431.50287419122
2024-09-04 02:00:00+00:00,427.46518158003
2024-09-04 03:00:00+00:00,414.44483734169
2024-09-04 04:00:00+00:00,431.77748494728
2024-09-04 05:00:00+00:00,429.76372867953
2024-09-04 06:00:00+00:00,414.20567666618
2024-09-04 07:00:00+00:00,429.41698089344
2024-09-04 08:00:00+00:00,430.04443664822
2024-09-04 09:00:00+00:00,417.47049736735
2024-09-04 10:00:00+00:00,426.77941681227
2024-09-04 11:00:00+00:00,427.30481402874
2024-09-04 12:00:00+00:00,423.45171629361
2024-09-04 13:00:00+00:00,425.36132254294
2024-09-04 14:00:00+00:00,421.84755076751
2024-09-04 15:00:00+00:00,429.01711280994
2024-09-04 16:00:00+00:00,426.21765056448
2024-09-04 17:00:00+00:00,416.23939261315
2024-09-04 18:00:00+00:00,431.91441404705
2024-09-04 19:00:00+00:00,428.48938482502
2024-09-04 20:00:00+00:00,413.13969852335
2024-09-04 21:00:00+00:00,431.48449301639
2024-09-04 22:00:00+00:00,430.15494417766
2024-09-04 23:00:00+00:00,414.13840310738
2024-09-05 00:00:00+00:00,428.86543413492
2024-09-05 01:00:00+00:00,429.3045435449
2024-09-05 02:00:00+00:00,418.8499815439
2024-09-05 03:00:00+00:00,426.10816927752
2024-09-05 04:00:00+00:00,425.46251719908
2024-09-05 05:00:00+00:00,425.62271486164
2024-09-05 06:00:00+00:00,425.18109742885
2024-09-05 07:00:00+00:00,419.84010806454
2024-09-05 08:00:00+00:00,430.6308092677
2024-09-05 09:00:00+00:00,426.47629825201
2024-09-05 10:00:00+00:00,414.89999764222
2024-09-05 11:00:00+00:00,432.51889410078
2024-09-05 12:00:00+00:00,428.7224369296
2024-09-05 13:00:00+00:00,413.10683500528
2024-09-05 14:00:00+00:00,431.18105981829
2024-09-05 15:00:00+00:00,429.80073873487
2024-09-05 16:00:00+00:00,415.50139730258
2024-09-05 17:00:00+00:00,428.18119845615
2024-09-05 18:00:00+00:00,428.08871357386
2024-09-05 19:00:00+00:00,421.08728729006
2024-09-05 20:00:00+00:00,425.7410690185
2024-09-05 21:00:00+00:00,423.53144334585
2024-09-05 22:00:00+00:00,427.36803429039
2024-09-05 23:00:00+00:00,425.38176974804
2024-09-06 00:00:00+00:00,417.83376148702
2024-09-06 01:00:00+00:00,431.69830848919
2024-09-06 02:00:00+00:00,427.01156723122
2024-09-06 03:00:00+00:00,417.9162168841
2024-09-06 04:00:00+00:00,435.0488874598
2024-09-06 05:00:00+00:00,429.76849127111
2024-09-06 06:00:00+00:00,417.95970350696
2024-09-06 07:00:00+00:00,431.937032884
2024-09-06 08:00:00+00:00,430.58436302254
2024-09-06 09:00:00+00:00,421.85778792198
2024-09-06 10:00:00+00:00,428.00069945824
2024-09-06 11:00:00+00:00,428.49778671745
2024-09-06 12:00:00+00:00,427.87022260213
2024-09-06 13:00:00+00:00,425.59358819746
2024-09-06 14:00:00+00:00,424.02515201558
2024-09-06 15:00:00+00:00,433.18220144265
2024-09-06 16:00:00+00:00,425.83720396306
2024-09-06 17:00:00+00:00,419.32748539356
2024-09-06 18:00:00+00:00,435.46273528084
2024-09-06 19:00:00+00:00,427.98357904621
2024-09-06 20:00:00+00:00,417.01962450669
2024-09-06 21:00:00+00:00,434.0882374065
2024-09-06 22:00:00+00:00,429.95590895856
2024-09-06 23:00:00+00:00,418.63592496439
2024-09-07 00:00:00+00:00,430.37545637284
2024-09-07 01:00:00+00:00,429.70888148046
2024-09-07 02:00:00+00:00,423.6756513933
2024-09-07 03:00:00+00:00,426.72904039387
2024-09-07 04:00:00+00:00,426.55919403077
2024-09-07 05:00:00+00:00,429.84021414002
2024-09-07 06:00:00+00:00,425.18668775317
2024-09-07 07:00:00+00:00,421.70573013403
2024-09-07 08:00:00+00:00,434.3113277376
2024-09-07 09:00:00+00:00,424.98361355042
2024-09-07 10:00:00+00:00,416.99664930257
2024-09-07 11:00:00+00:00,434.91029408818
2024-09-07 12:00:00+00:00,427.48360599582
2024-09-07 13:00:00+00:00,416.59803787117
2024-09-07 14:00:00+00:00,432.5217327563
2024-09-07 15:00:00+00:00,429.04083319677
2024-09-07 16:00:00+00:00,420.12165708748
2024-09-07 17:00:00+00:00,428.60747241519
2024-09-07 18:00:00+00:00,428.013659189
2024-09-07 19:00:00+00:00,426.29812311703
2024-09-07 20:00:00+00:00,425.61538251581
2024-09-07 21:00:00+00:00,424.39903777276
2024-09-07 22:00:00+00:00,432.45807847247
2024-09-07 23:00:00+00:00,425.13011232261
2024-09-08 00:00:00+00:00,419.96731521309
2024-09-08 01:00:00+00:00,435.98767963524
2024-09-08 02:00:00+00:00,426.95131441423
2024-09-08 03:00:00+00:00,417.32831622473
2024-09-08 04:00:00+00:00,435.72038525631
2024-09-08 05:00:00+00:00,429.28800732718
2024-09-08 06:00:00+00:00,418.41381553851
2024-09-08 07:00:00+00:00,432.4947747545
2024-09-08 08:00:00+00:00,429.95055968877
2024-09-08 09:00:00+00:00,423.26720565588
2024-09-08 10:00:00+00:00,428.59101441583
2024-09-08 11:00:00+00:00,427.79230468914
2024-09-08 12:00:00+00:00,429.92040658503
2024-09-08 13:00:00+00:00,426.35316819565
2024-09-08 14:00:00+00:00,423.53259598893
2024-09-08 15:00:00+00:00,433.91825877702
2024-09-08 16:00:00+00:00,424.85056566453
2024-09-08 17:00:00+00:00,418.02447205899
2024-09-08 18:00:00+00:00,436.02001335019
2024-09-08 19:00:00+00:00,426.97381891146
2024-09-08 20:00:00+00:00,416.66004042539
2024-09-08 21:00:00+00:00,434.38343209277
2024-09-08 22:00:00+00:00,428.84069363433
2024-09-08 23:00:00+00:00,419.24801582386
2024-09-09 00:00:00+00:00,430.47836997929
2024-09-09 01:00:00+00:00,428.5146405359
2024-09-09 02:00:00+00:00,425.04929498709
2024-09-09 03:00:00+00:00,426.77240535312
2024-09-09 04:00:00+00:00,425.47146788646
2024-09-09 05:00:00+00:00,431.61283635734
2024-09-09 06:00:00+00:00,425.26681688118
2024-09-09 07:00:00+00:00,421.04328068536
2024-09-09 08:00:00+00:00,436.10741184375
2024-09-09 09:00:00+00:00,426.32789769761
2024-09-09 10:00:00+00:00,417.74837127218
2024-09-09 11:00:00+00:00,436.84137075795
2024-09-09 12:00:00+00:00,428.54375619299
2024-09-09 13:00:00+00:00,417.84289852687
2024-09-09 14:00:00+00:00,434.11049909716
2024-09-09 15:00:00+00:00,429.4397882429
2024-09-09 16:00:00+00:00,419.93606499713
2024-09-09 17:00:00+00:00,429.33007248491
2024-09-09 18:00:00+00:00,427.61849878264
2024-09-09 19:00:00+00:00,426.23553171069
2024-09-09 20:00:00+00:00,426.28683090055
2024-09-09 21:00:00+00:00,423.3340710078
2024-09-09 22:00:00+00:00,432.38122869723
2024-09-09 23:00:00+00:00,425.65454697922
2024-09-10 00:00:00+00:00,418.50718357682
2024-09-10 01:00:00+00:00,435.77959736758
2024-09-10 02:00:00+00:00,427.1152312782
2024-09-10 03:00:00+00:00,415.76586844022
2024-09-10 04:00:00+00:00,435.3612890391
2024-09-10 05:00:00+00:00,428.85780689917
2024-09-10 06:00:00+00:00,416.92681864043
2024-09-10 07:00:00+00:00,432.04099356598
2024-09-10 08:00:00+00:00,428.80049098386
2024-09-10 09:00:00+00:00,421.87284437667
2024-09-10 10:00:00+00:00,428.0805435213
2024-09-10 11:00:00+00:00,425.97151468305
2024-09-10 12:00:00+00:00,428.53988297265
2024-09-10 13:00:00+00:00,425.71878080262
2024-09-10 14:00:00+00:00,421.22661155865
2024-09-10 15:00:00+00:00,434.61071734793
2024-09-10 16:00:00+00:00,425.14636866848
2024-09-10 17:00:00+00:00,417.09717071021
2024-09-10 18:00:00+00:00,436.54009004704
2024-09-10 19:00:00+00:00,426.82613322443
2024-09-10 20:00:00+00:00,415.91030681366
2024-09-10 21:00:00+00:00,434.66326244985
2024-09-10 22:00:00+00:00,428.15548033264
2024-09-10 23:00:00+00:00,418.76305127335
2024-09-11 00:00:00+00:00,430.51804715621
2024-09-11 01:00:00+00:00,427.30177356065
2024-09-11 02:00:00+00:00,424.76343553934
2024-09-11 03:00:00+00:00,426.57303458142
2024-09-11 04:00:00+00:00,423.87239845278
2024-09-11 05:00:00+00:00,431.37689268077
2024-09-11 06:00:00+00:00,424.77440635333
2024-09-11 07:00:00+00:00,419.28031587633
2024-09-11 08:00:00+00:00,435.78528213984
2024-09-11 09:00:00+00:00,425.8088248443
2024-09-11 10:00:00+00:00,416.00800704276
2024-09-11 11:00:00+00:00,436.09430727177
2024-09-11 12:00:00+00:00,427.60180791466
2024-09-11 13:00:00+00:00,416.08956929664
2024-09-11 14:00:00+00:00,433.31032120366
2024-09-11 15:00:00+00:00,428.27939587622
2024-09-11 16:00:00+00:00,420.17672196847
2024-09-11 17:00:00+00:00,429.06491347122
2024-09-11 18:00:00+00:00,426.40731852581
2024-09-11 19:00:00+00:00,426.71887212655
2024-09-11 20:00:00+00:00,425.79028067708
2024-09-11 21:00:00+00:00,422.23674885314
2024-09-11 22:00:00+00:00,432.9109351721
2024-09-11 23:00:00+00:00,424.94299137493
2024-09-12 00:00:00+00:00,417.69330935737
2024-09-12 01:00:00+00:00,436.19242094951
2024-09-12 02:00:00+00:00,426.20089621255
2024-09-12 03:00:00+00:00,415.34587329435
2024-09-12 04:00:00+00:00,435.55819340644
2024-09-12 05:00:00+00:00,427.77715217105
2024-09-12 06:00:00+00:00,416.90947187649
2024-09-12 07:00:00+00:00,431.98152797523
2024-09-12 08:00:00+00:00,427.638119068
2024-09-12 09:00:00+00:00,422.18919985409
2024-09-12 10:00:00+00:00,427.7526440569
2024-09-12 11:00:00+00:00,424.8670949306
2024-09-12 12:00:00+00:00,429.00938878121
2024-09-12 13:00:00+00:00,425.12976967664
2024-09-12 14:00:00+00:00,420.31708778577
2024-09-12 15:00:00+00:00,434.49384528931
2024-09-12 16:00:00+00:00,425.02345798706
2024-09-12 17:00:00+00:00,416.28550008589
2024-09-12 18:00:00+00:00,436.48932873244
2024-09-12 19:00:00+00:00,426.54533005813
2024-09-12 20:00:00+00:00,415.2058982869
2024-09-12 21:00:00+00:00,434.65879377088
2024-09-12 22:00:00+00:00,427.68235108916
2024-09-12 23:00:00+00:00,418.20688656153
2024-09-13 00:00:00+00:00,430.53564126478
2024-09-13 01:00:00+00:00,426.65199158503
2024-09-13 02:00:00+00:00,424.3598399912
2024-09-13 03:00:00+00:00,426.56828929524
2024-09-13 04:00:00+00:00,423.1048288821
2024-09-13 05:00:00+00:00,431.11341597036
2024-09-13 06:00:00+00:00,424.68470825712
2024-09-13 07:00:00+00:00,418.47223748494
2024-09-13 08:00:00+00:00,435.64699465972
2024-09-13 09:00:00+00:00,425.24351610349
2024-09-13 10:00:00+00:00,415.21643589357
2024-09-13 11:00:00+00:00,436.42112793093
2024-09-13 12:00:00+00:00,426.78670334652
2024-09-13 13:00:00+00:00,415.55179538531
2024-09-13 14:00:00+00:00,433.58768156781
2024-09-13 15:00:00+00:00,427.29157064959
2024-09-13 16:00:00+00:00,419.89974917813
2024-09-13 17:00:00+00:00,429.19301630638
2024-09-13 18:00:00+00:00,425.35805826016
2024-09-13 19:00:00+00:00,426.68077919134
2024-09-13 20:00:00+00:00,425.67732364833
2024-09-13 21:00:00+00:00,421.23918742343
2024-09-13 22:00:00+00:00,433.07230489142
2024-09-13 23:00:00+00:00,424.53429042145
2024-09-14 00:00:00+00:00,416.8338883586
2024-09-14 01:00:00+00:00,436.4945640136
2024-09-14 02:00:00+00:00,425.50479564933
2024-09-14 03:00:00+00:00,414.673346598
2024-09-14 04:00:00+00:00,435.91337812319
2024-09-14 05:00:00+00:00,426.86848661124
2024-09-14 06:00:00+00:00,416.44385475413
2024-09-14 07:00:00+00:00,432.27072413898
2024-09-14 08:00:00+00:00,426.63344801699
2024-09-14 09:00:00+00:00,421.89439878252
2024-09-14 10:00:00+00:00,427.91971245811
2024-09-14 11:00:00+00:00,423.67461227897
2024-09-14 12:00:00+00:00,429.04016585715
2024-09-14 13:00:00+00:00,424.98255007444
2024-09-14 14:00:00+00:00,419.2743541294
2024-09-14 15:00:00+00:00,434.83048593532
2024-09-14 16:00:00+00:00,424.51750290002
2024-09-14 17:00:00+00:00,415.45406110233
2024-09-14 18:00:00+00:00,437.06163401182
2024-09-14 19:00:00+00:00,425.73774151325
2024-09-14 20:00:00+00:00,414.61708975814
2024-09-14 21:00:00+00:00,435.33041763952
2024-09-14 22:00:00+00:00,426.70650431503
2024-09-14 23:00:00+00:00,417.88978748809
2024-09-15 00:00:00+00:00,431.12187901072
2024-09-15 01:00:00+00:00,425.66210564886
2024-09-15 02:00:00+00:00,424.35284175164
2024-09-15 03:00:00+00:00,426.88965023683
2024-09-15 04:00:00+00:00,422.22355511544
2024-09-15 05:00:00+00:00,431.4450179808
2024-09-15 06:00:00+00:00,424.63315887641
2024-09-15 07:00:00+00:00,417.76876804633
2024-09-15 08:00:00+00:00,436.29686727612
2024-09-15 09:00:00+00:00,424.78585803593
2024-09-15 10:00:00+00:00,414.74981082753
2024-09-15 11:00:00+00:00,437.19858690458
2024-09-15 12:00:00+00:00,426.08763568459
2024-09-15 13:00:00+00:00,415.29317037992
2024-09-15 14:00:00+00:00,434.39816608095
2024-09-15 15:00:00+00:00,425.8190910261
2024-09-15 16:00:00+00:00,419.64492015246
2024-09-15 17:00:00+00:00,428.72542025474
2024-09-15 18:00:00+00:00,424.23443458867
2024-09-15 19:00:00+00:00,426.60375357642
2024-09-15 20:00:00+00:00,424.94987927623
2024-09-15 21:00:00+00:00,420.53273602527
2024-09-15 22:00:00+00:00,433.1812485038
2024-09-15 23:00:00+00:00,423.54496483253
2024-09-16 00:00:00+00:00,416.50408448672
2024-09-16 01:00:00+00:00,436.7775949539
2024-09-16 02:00:00+00:00,424.37710209104
2024-09-16 03:00:00+00:00,414.61839957064
2024-09-16 04:00:00+00:00,436.28746832326
2024-09-16 05:00:00+00:00,425.81323551108
2024-09-16 06:00:00+00:00,416.57781554969
2024-09-16 07:00:00+00:00,432.58199644275
2024-09-16 08:00:00+00:00,425.85948092837
2024-09-16 09:00:00+00:00,422.22014475564
2024-09-16 10:00:00+00:00,427.93575427157
2024-09-16 11:00:00+00:00,423.50442312986
2024-09-16 12:00:00+00:00,429.47229633603
2024-09-16 13:00:00+00:00,424.7098573171
2024-09-16 14:00:00+00:00,419.46658882715
2024-09-16 15:00:00+00:00,434.91497328252
2024-09-16 16:00:00+00:00,424.0108520319
2024-09-16 17:00:00+00:00,414.97168200656
2024-09-16 18:00:00+00:00,437.3697193364
2024-09-16 19:00:00+00:00,424.93182957361
2024-09-16 20:00:00+00:00,414.1147830082
2024-09-16 21:00:00+00:00,435.74819617439
2024-09-16 22:00:00+00:00,425.78923587395
2024-09-16 23:00:00+00:00,417.35680192561
2024-09-17 00:00:00+00:00,431.44591468291
2024-09-17 01:00:00+00:00,424.80662169903
2024-09-17 02:00:00+00:00,423.86313478259
2024-09-17 03:00:00+00:00,426.90481858379
2024-09-17 04:00:00+00:00,421.51004417719
2024-09-17 05:00:00+00:00,431.12254508999
2024-09-17 06:00:00+00:00,424.21196308524
2024-09-17 07:00:00+00:00,417.16062578928
2024-09-17 08:00:00+00:00,436.23581533554
2024-09-17 09:00:00+00:00,423.95456916199
2024-09-17 10:00:00+00:00,414.13829764883
2024-09-17 11:00:00+00:00,437.38441295353
2024-09-17 12:00:00+00:00,425.01585868155
2024-09-17 13:00:00+00:00,414.58789436796
2024-09-17 14:00:00+00:00,434.67718722615
2024-09-17 15:00:00+00:00,425.43587095019
2024-09-17 16:00:00+00:00,419.11957652714
2024-09-17 17:00:00+00:00,429.85517080029
2024-09-17 18:00:00+00:00,423.74568269408
2024-09-17 19:00:00+00:00,426.19623183486
2024-09-17 20:00:00+00:00,425.63507187225
2024-09-17 21:00:00+00:00,419.97810470205
2024-09-17 22:00:00+00:00,433.08285657761
2024-09-17 23:00:00+00:00,423.6397263223
2024-09-18 00:00:00+00:00,415.83277600393
2024-09-18 01:00:00+00:00,437.07514889861
2024-09-18 02:00:00+00:00,423.91729954098
2024-09-18 03:00:00+00:00,413.76033845889
2024-09-18 04:00:00+00:00,436.90105502684
2024-09-18 05:00:00+00:00,424.97404588275
2024-09-18 06:00:00+00:00,415.53109274593
2024-09-18 07:00:00+00:00,433.27028215378
2024-09-18 08:00:00+00:00,424.85176384928
2024-09-18 09:00:00+00:00,421.14737721966
2024-09-18 10:00:00+00:00,428.28634872125
2024-09-18 11:00:00+00:00,422.58354541072
2024-09-18 12:00:00+00:00,428.50050125683
2024-09-18 13:00:00+00:00,424.56900811221
2024-09-18 14:00:00+00:00,418.53344103761
2024-09-18 15:00:00+00:00,434.7467681069
2024-09-18 16:00:00+00:00,423.29640422142
2024-09-18 17:00:00+00:00,414.82972855404
2024-09-18 18:00:00+00:00,437.50268356435
2024-09-18 19:00:00+00:00,423.99666846577
2024-09-18 20:00:00+00:00,413.85887397678
2024-09-18 21:00:00+00:00,436.08612281838
2024-09-18 22:00:00+00:00,424.90183877588
2024-09-18 23:00:00+00:00,416.91940991718
2024-09-19 00:00:00+00:00,431.75318433195
2024-09-19 01:00:00+00:00,424.18648685548
2024-09-19 02:00:00+00:00,423.34094491008
2024-09-19 03:00:00+00:00,426.91952451211
2024-09-19 04:00:00+00:00,421.21587565794
2024-09-19 05:00:00+00:00,430.71863410532
2024-09-19 06:00:00+00:00,423.78827731845
2024-09-19 07:00:00+00:00,417.06922478869
2024-09-19 08:00:00+00:00,436.13020624693
2024-09-19 09:00:00+00:00,423.10247645662
2024-09-19 10:00:00+00:00,413.8967241839
2024-09-19 11:00:00+00:00,437.7654633231
2024-09-19 12:00:00+00:00,423.95509162597
2024-09-19 13:00:00+00:00,414.20517081077
2024-09-19 14:00:00+00:00,435.22346992965
2024-09-19 15:00:00+00:00,424.45968993566
2024-09-19 16:00:00+00:00,418.56321192837
2024-09-19 17:00:00+00:00,430.36843244735
2024-09-19 18:00:00+00:00,423.04814693046
2024-09-19 19:00:00+00:00,425.68889483471
2024-09-19 20:00:00+00:00,425.71519790532
2024-09-19 21:00:00+00:00,419.5851698287
2024-09-19 22:00:00+00:00,432.85568992874
2024-09-19 23:00:00+00:00,423.16460724081
2024-09-20 00:00:00+00:00,415.59266505755
2024-09-20 01:00:00+00:00,437.27391842895
2024-09-20 02:00:00+00:00,423.00605830294
2024-09-20 03:00:00+00:00,413.459010697
2024-09-20 04:00:00+00:00,437.47450238147
2024-09-20 05:00:00+00:00,423.92160940772
2024-09-20 06:00:00+00:00,415.04598688401
2024-09-20 07:00:00+00:00,433.96187970728
2024-09-20 08:00:00+00:00,423.9697659233
2024-09-20 09:00:00+00:00,420.49743715334
2024-09-20 10:00:00+00:00,428.83145401257
2024-09-20 11:00:00+00:00,421.92094026922
2024-09-20 12:00:00+00:00,427.99507564916
2024-09-20 13:00:00+00:00,424.56903718142
2024-09-20 14:00:00+00:00,418.14142986207
2024-09-20 15:00:00+00:00,434.719608079
2024-09-20 16:00:00+00:00,422.64363021931
2024-09-20 17:00:00+00:00,414.60942557529
2024-09-20 18:00:00+00:00,437.93256774422
2024-09-20 19:00:00+00:00,422.94208781105
2024-09-20 20:00:00+00:00,413.53044372601
2024-09-20 21:00:00+00:00,436.83994677282
2024-09-20 22:00:00+00:00,423.79190717431
2024-09-20 23:00:00+00:00,416.40651073199
2024-09-21 00:00:00+00:00,432.5037384166
2024-09-21 01:00:00+00:00,423.32976595388
2024-09-21 02:00:00+00:00,422.76951074863
2024-09-21 03:00:00+00:00,427.29108625258
2024-09-21 04:00:00+00:00,420.73189652384
2024-09-21 05:00:00+00:00,430.34768984528
2024-09-21 06:00:00+00:00,423.54495535585
2024-09-21 07:00:00+00:00,416.84933571592
2024-09-21 08:00:00+00:00,436.18982229639
2024-09-21 09:00:00+00:00,422.32159252146
2024-09-21 10:00:00+00:00,413.8274785009
2024-09-21 11:00:00+00:00,438.14551033016
2024-09-21 12:00:00+00:00,422.93197773697
2024-09-21 13:00:00+00:00,413.89230048539
2024-09-21 14:00:00+00:00,435.88583074959
2024-09-21 15:00:00+00:00,424.05499474373
2024-09-21 16:00:00+00:00,417.90976055702
2024-09-21 17:00:00+00:00,430.91311652217
2024-09-21 18:00:00+00:00,422.96042840937
2024-09-21 19:00:00+00:00,424.82056503132
2024-09-21 20:00:00+00:00,425.94114558881
2024-09-21 21:00:00+00:00,419.77615702444
2024-09-21 22:00:00+00:00,432.1183102579
2024-09-21 23:00:00+00:00,422.91540752946
2024-09-22 00:00:00+00:00,415.81151156673
2024-09-22 01:00:00+00:00,436.94429273728
2024-09-22 02:00:00+00:00,422.37833806917
2024-09-22 03:00:00+00:00,413.38475243725
2024-09-22 04:00:00+00:00,437.6097434126
2024-09-22 05:00:00+00:00,423.20296690332
2024-09-22 06:00:00+00:00,414.48020350114
2024-09-22 07:00:00+00:00,434.36519836923
2024-09-22 08:00:00+00:00,423.46582487594
2024-09-22 09:00:00+00:00,419.494846182
2024-09-22 10:00:00+00:00,429.15360896028
2024-09-22 11:00:00+00:00,421.77234182878
2024-09-22 12:00:00+00:00,426.84885855514
2024-09-22 13:00:00+00:00,424.49751685808
2024-09-22 14:00:00+00:00,418.23322169184
2024-09-22 15:00:00+00:00,434.09356169551
2024-09-22 16:00:00+00:00,422.49325180946
2024-09-22 17:00:00+00:00,414.81987582939
2024-09-22 18:00:00+00:00,437.8311827202
2024-09-22 19:00:00+00:00,422.43100080326
2024-09-22 20:00:00+00:00,413.30301918013
2024-09-22 21:00:00+00:00,437.2390096977
2024-09-22 22:00:00+00:00,423.23982575394
2024-09-22 23:00:00+00:00,415.62216757011
2024-09-23 00:00:00+00:00,433.12000348315
2024-09-23 01:00:00+00:00,423.01665584099
2024-09-23 02:00:00+00:00,421.5922596981
2024-09-23 03:00:00+00:00,427.72936909628
2024-09-23 04:00:00+00:00,420.72611977682
2024-09-23 05:00:00+00:00,429.15363138237
2024-09-23 06:00:00+00:00,423.50825234278
2024-09-23 07:00:00+00:00,416.95752300363
2024-09-23 08:00:00+00:00,435.37334499127
2024-09-23 09:00:00+00:00,421.76965997149
2024-09-23 10:00:00+00:00,413.69716544579
2024-09-23 11:00:00+00:00,437.91256954199
2024-09-23 12:00:00+00:00,422.09276136687
2024-09-23 13:00:00+00:00,413.21897791871
2024-09-23 14:00:00+00:00,436.14363014599
2024-09-23 15:00:00+00:00,422.85740880914
2024-09-23 16:00:00+00:00,417.44968809827
2024-09-23 17:00:00+00:00,431.23782087079
2024-09-23 18:00:00+00:00,422.3292230311
2024-09-23 19:00:00+00:00,424.12639286576
2024-09-23 20:00:00+00:00,425.82567765476
2024-09-23 21:00:00+00:00,419.75478584385
2024-09-23 22:00:00+00:00,431.52697315745
2024-09-23 23:00:00+00:00,422.17421926315
2024-09-24 00:00:00+00:00,416.14097022285
2024-09-24 01:00:00+00:00,436.75780922935
2024-09-24 02:00:00+00:00,421.14864167389
2024-09-24 03:00:00+00:00,413.65585825101
2024-09-24 04:00:00+00:00,437.89897436027
2024-09-24 05:00:00+00:00,421.88759595283
2024-09-24 06:00:00+00:00,414.37352344698
2024-09-24 07:00:00+00:00,434.90612509395
2024-09-24 08:00:00+00:00,422.52128696303
2024-09-24 09:00:00+00:00,418.96798908107
2024-09-24 10:00:00+00:00,429.53474972206
2024-09-24 11:00:00+00:00,421.46573587289
2024-09-24 12:00:00+00:00,426.1537231853
2024-09-24 13:00:00+00:00,424.34714946658
2024-09-24 14:00:00+00:00,418.50412362481
2024-09-24 15:00:00+00:00,433.26164289388
2024-09-24 16:00:00+00:00,421.52071774017
2024-09-24 17:00:00+00:00,415.10547607841
2024-09-24 18:00:00+00:00,437.50555705139
2024-09-24 19:00:00+00:00,421.08278778106
2024-09-24 20:00:00+00:00,413.35071095028
2024-09-24 21:00:00+00:00,437.43793141186
2024-09-24 22:00:00+00:00,421.96247753989
2024-09-24 23:00:00+00:00,415.15903058538
2024-09-25 00:00:00+00:00,433.55162412752
2024-09-25 01:00:00+00:00,422.24114673607
2024-09-25 02:00:00+00:00,420.67987529188
2024-09-25 03:00:00+00:00,427.94507518861
2024-09-25 04:00:00+00:00,420.62686280637
2024-09-25 05:00:00+00:00,428.1500169805
2024-09-25 06:00:00+00:00,423.15940962188
2024-09-25 07:00:00+00:00,417.35251328779
2024-09-25 08:00:00+00:00,434.71703352009
2024-09-25 09:00:00+00:00,420.82140158825
2024-09-25 10:00:00+00:00,414.14740616504
2024-09-25 11:00:00+00:00,437.86166202746
2024-09-25 12:00:00+00:00,420.8597283149
2024-09-25 13:00:00+00:00,413.27901871164
2024-09-25 14:00:00+00:00,436.61934079815
2024-09-25 15:00:00+00:00,421.71203354287
2024-09-25 16:00:00+00:00,416.15426869078
2024-09-25 17:00:00+00:00,432.39395244681
2024-09-25 18:00:00+00:00,421.49640092784
2024-09-25 19:00:00+00:00,422.59992430765
2024-09-25 20:00:00+00:00,426.66393184852
2024-09-25 21:00:00+00:00,419.35110640335
2024-09-25 22:00:00+00:00,430.27634332312
2024-09-25 23:00:00+00:00,422.27510821514
2024-09-26 00:00:00+00:00,415.94601388622
2024-09-26 01:00:00+00:00,436.25836095753
2024-09-26 02:00:00+00:00,420.47245553799
2024-09-26 03:00:00+00:00,413.26204020694
2024-09-26 04:00:00+00:00,438.32766021672
2024-09-26 05:00:00+00:00,420.76965503591
2024-09-26 06:00:00+00:00,413.46162782443
2024-09-26 07:00:00+00:00,436.02365051676
2024-09-26 08:00:00+00:00,421.45570021375
2024-09-26 09:00:00+00:00,417.54483501305
2024-09-26 10:00:00+00:00,430.78212612127
2024-09-26 11:00:00+00:00,420.810083136
2024-09-26 12:00:00+00:00,424.59755628179
2024-09-26 13:00:00+00:00,425.11629133673
2024-09-26 14:00:00+00:00,418.27698279733
2024-09-26 15:00:00+00:00,432.03950941826
2024-09-26 16:00:00+00:00,421.01517076139
2024-09-26 17:00:00+00:00,415.33864577164
2024-09-26 18:00:00+00:00,437.00811367987
2024-09-26 19:00:00+00:00,419.95637483213
2024-09-26 20:00:00+00:00,413.26604082429
2024-09-26 21:00:00+00:00,437.77474538412
2024-09-26 22:00:00+00:00,420.68263601763
2024-09-26 23:00:00+00:00,414.41224721055
2024-09-27 00:00:00+00:00,434.41014316219
2024-09-27 01:00:00+00:00,421.33593994576
2024-09-27 02:00:00+00:00,419.32655416543
2024-09-27 03:00:00+00:00,428.74487458589
2024-09-27 04:00:00+00:00,420.37634785796
2024-09-27 05:00:00+00:00,426.6374473552
2024-09-27 06:00:00+00:00,423.36167340986
2024-09-27 07:00:00+00:00,417.62480011007
2024-09-27 08:00:00+00:00,433.64179849292
2024-09-27 09:00:00+00:00,420.56395259798
2024-09-27 10:00:00+00:00,414.11990937029
2024-09-27 11:00:00+00:00,437.88116467227
2024-09-27 12:00:00+00:00,419.9283639935
2024-09-27 13:00:00+00:00,412.7846661522
2024-09-27 14:00:00+00:00,437.60806532943
2024-09-27 15:00:00+00:00,420.6616068285
2024-09-27 16:00:00+00:00,415.02100375529
2024-09-27 17:00:00+00:00,433.46177523242
2024-09-27 18:00:00+00:00,420.88910555152
2024-09-27 19:00:00+00:00,420.88640656683
2024-09-27 20:00:00+00:00,427.5736956816
2024-09-27 21:00:00+00:00,419.35756844553
2024-09-27 22:00:00+00:00,428.5633845888
2024-09-27 23:00:00+00:00,422.50361043457
2024-09-28 00:00:00+00:00,416.30764748241
2024-09-28 01:00:00+00:00,435.19095897118
2024-09-28 02:00:00+00:00,419.89998541689
2024-09-28 03:00:00+00:00,413.43506929372
2024-09-28 04:00:00+00:00,438.27053514384
2024-09-28 05:00:00+00:00,419.72720676765
2024-09-28 06:00:00+00:00,412.94262240986
2024-09-28 07:00:00+00:00,436.86460301107
2024-09-28 08:00:00+00:00,420.50829423753
2024-09-28 09:00:00+00:00,416.27873253135
2024-09-28 10:00:00+00:00,432.06168978674
2024-09-28 11:00:00+00:00,420.53626381991
2024-09-28 12:00:00+00:00,422.80639950991
2024-09-28 13:00:00+00:00,426.05914987438
2024-09-28 14:00:00+00:00,418.58514058346
2024-09-28 15:00:00+00:00,430.47225351536
2024-09-28 16:00:00+00:00,421.41222511772
2024-09-28 17:00:00+00:00,415.42683107321
2024-09-28 18:00:00+00:00,436.37306905672
2024-09-28 19:00:00+00:00,419.40563616888
2024-09-28 20:00:00+00:00,412.97938848399
2024-09-28 21:00:00+00:00,438.30947351544
2024-09-28 22:00:00+00:00,419.60025154812
2024-09-28 23:00:00+00:00,413.34979234718
2024-09-29 00:00:00+00:00,435.82483475224
2024-09-29 01:00:00+00:00,420.31871181588
2024-09-29 02:00:00+00:00,417.5148411039
2024-09-29 03:00:00+00:00,430.35030490549
2024-09-29 04:00:00+00:00,419.83765836617
2024-09-29 05:00:00+00:00,424.57587495358
2024-09-29 06:00:00+00:00,424.40673464239
2024-09-29 07:00:00+00:00,417.55281097543
2024-09-29 08:00:00+00:00,432.06583229648
2024-09-29 09:00:00+00:00,420.27479105172
2024-09-29 10:00:00+00:00,414.44319453939
2024-09-29 11:00:00+00:00,437.13762670773
2024-09-29 12:00:00+00:00,418.84909943312
2024-09-29 13:00:00+00:00,412.56893792075
2024-09-29 14:00:00+00:00,437.95034563165
2024-09-29 15:00:00+00:00,419.42804925
2024-09-29 16:00:00+00:00,414.05107769688
2024-09-29 17:00:00+00:00,434.7508014284
2024-09-29 18:00:00+00:00,420.02785733304
2024-09-29 19:00:00+00:00,419.14978497819
2024-09-29 20:00:00+00:00,428.84756399096
2024-09-29 21:00:00+00:00,419.19502683506
2024-09-29 22:00:00+00:00,426.6385837051
2024-09-29 23:00:00+00:00,423.08081646684
2024-09-30 00:00:00+00:00,416.68217300901
2024-09-30 01:00:00+00:00,433.83068647214
2024-09-30 02:00:00+00:00,419.50226441541
2024-09-30 03:00:00+00:00,413.78744112599
2024-09-30 04:00:00+00:00,437.99952170405
2024-09-30 05:00:00+00:00,418.61397576125
2024-09-30 06:00:00+00:00,412.64820364643
2024-09-30 07:00:00+00:00,437.69705335364
2024-09-30 08:00:00+00:00,419.29994597245
2024-09-30 09:00:00+00:00,414.95448959847
2024-09-30 10:00:00+00:00,433.40641094122
2024-09-30 11:00:00+00:00,419.70676714932
2024-09-30 12:00:00+00:00,420.81900007978
2024-09-30 13:00:00+00:00,427.22685881952
2024-09-30 14:00:00+00:00,418.51288948053
2024-09-30 15:00:00+00:00,428.23272682741
2024-09-30 16:00:00+00:00,421.82241697728
2024-09-30 17:00:00+00:00,415.87699821463
2024-09-30 18:00:00+00:00,434.92308605304
2024-09-30 19:00:00+00:00,418.90480226272
2024-09-30 20:00:00+00:00,413.18848880915
2024-09-30 21:00:00+00:00,438.1241093628
2024-09-30 22:00:00+00:00,418.54339708647
2024-09-30 23:00:00+00:00,412.71377269001
2024-10-01 00:00:00+00:00,436.80717145431
2024-10-01 01:00:00+00:00,419.35304621357
2024-10-01 02:00:00+00:00,415.8609945602
2024-10-01 03:00:00+00:00,431.88025602263
2024-10-01 04:00:00+00:00,419.49368018585
2024-10-01 05:00:00+00:00,422.31517034837
2024-10-01 06:00:00+00:00,425.66410907587
2024-10-01 07:00:00+00:00,417.91376938809
2024-10-01 08:00:00+00:00,430.00632437709
2024-10-01 09:00:00+00:00,420.67253718416
2024-10-01 10:00:00+00:00,415.08042854886
2024-10-01 11:00:00+00:00,436.06825788507
2024-10-01 12:00:00+00:00,418.3348755845
2024-10-01 13:00:00+00:00,412.78423546956
2024-10-01 14:00:00+00:00,438.23331903727
2024-10-01 15:00:00+00:00,418.31285862829
2024-10-01 16:00:00+00:00,413.19894195896
2024-10-01 17:00:00+00:00,436.11181133788
2024-10-01 18:00:00+00:00,419.09042066531
2024-10-01 19:00:00+00:00,417.27098119544
2024-10-01 20:00:00+00:00,430.51037150856
2024-10-01 21:00:00+00:00,418.91649427494
2024-10-01 22:00:00+00:00,424.27738848916
2024-10-01 23:00:00+00:00,424.20305031356
2024-10-02 00:00:00+00:00,417.03605196076
2024-10-02 01:00:00+00:00,431.8528818038
2024-10-02 02:00:00+00:00,419.5797611664
2024-10-02 03:00:00+00:00,414.24475590048
2024-10-02 04:00:00+00:00,437.14593693649
2024-10-02 05:00:00+00:00,417.73048143179
2024-10-02 06:00:00+00:00,412.48341629937
2024-10-02 07:00:00+00:00,438.20044792021
2024-10-02 08:00:00+00:00,418.03782987255
2024-10-02 09:00:00+00:00,413.69097800276
2024-10-02 10:00:00+00:00,434.86796901656
2024-10-02 11:00:00+00:00,418.77353778408
2024-10-02 12:00:00+00:00,418.55554301894
2024-10-02 13:00:00+00:00,428.8145442565
2024-10-02 14:00:00+00:00,418.30746732865
2024-10-02 15:00:00+00:00,425.99644311177
2024-10-02 16:00:00+00:00,422.51097714528
2024-10-02 17:00:00+00:00,416.73609597234
2024-10-02 18:00:00+00:00,433.14381935203
2024-10-02 19:00:00+00:00,418.55121990909
2024-10-02 20:00:00+00:00,414.04485465332
2024-10-02 21:00:00+00:00,437.47983492651
2024-10-02 22:00:00+00:00,417.41464982026
2024-10-02 23:00:00+00:00,412.78211115416
2024-10-03 00:00:00+00:00,437.41337856762
2024-10-03 01:00:00+00:00,418.14365441738
2024-10-03 02:00:00+00:00,414.70952410039
2024-10-03 03:00:00+00:00,433.23695570115
2024-10-03 04:00:00+00:00,418.89930675953
2024-10-03 05:00:00+00:00,420.14599408753
2024-10-03 06:00:00+00:00,426.92364066467
2024-10-03 07:00:00+00:00,418.20991139334
2024-10-03 08:00:00+00:00,427.57775159313
2024-10-03 09:00:00+00:00,421.09652039284
2024-10-03 10:00:00+00:00,415.94181496804
2024-10-03 11:00:00+00:00,434.30298394067
2024-10-03 12:00:00+00:00,417.69478688299
2024-10-03 13:00:00+00:00,413.44690817419
2024-10-03 14:00:00+00:00,437.73961080884
2024-10-03 15:00:00+00:00,417.26325036291
2024-10-03 16:00:00+00:00,412.67865852041
2024-10-03 17:00:00+00:00,437.06998528334
2024-10-03 18:00:00+00:00,418.05888901271
2024-10-03 19:00:00+00:00,415.49584974398
2024-10-03 20:00:00+00:00,432.19442317694
2024-10-03 21:00:00+00:00,418.53631148604
2024-10-03 22:00:00+00:00,421.64906220186
2024-10-03 23:00:00+00:00,425.68511087228
2024-10-04 00:00:00+00:00,417.45659185026
2024-10-04 01:00:00+00:00,429.27420080467
2024-10-04 02:00:00+00:00,420.13806961655
2024-10-04 03:00:00+00:00,415.01959066906
2024-10-04 04:00:00+00:00,435.56533849394
2024-10-04 05:00:00+00:00,417.22245225588
2024-10-04 06:00:00+00:00,412.8102869665
2024-10-04 07:00:00+00:00,438.13125869902
2024-10-04 08:00:00+00:00,416.93608391933
2024-10-04 09:00:00+00:00,412.88276968841
2024-10-04 10:00:00+00:00,436.13428592376
2024-10-04 11:00:00+00:00,417.84344885052
2024-10-04 12:00:00+00:00,416.47799743325
2024-10-04 13:00:00+00:00,430.64755192486
2024-10-04 14:00:00+00:00,418.12414687038
2024-10-04 15:00:00+00:00,424.01693468018
2024-10-04 16:00:00+00:00,429.36121370342
2024-10-04 17:00:00+00:00,419.24618572132
2024-10-04 18:00:00+00:00,432.36356516296
2024-10-04 19:00:00+00:00,424.55610949023
2024-10-04 20:00:00+00:00,415.65360615795
2024-10-04 21:00:00+00:00,438.82315643018
2024-10-04 22:00:00+00:00,422.24750667148
2024-10-04 23:00:00+00:00,413.13468353278
2024-10-05 00:00:00+00:00,441.08266290694
2024-10-05 01:00:00+00:00,421.96087376517
2024-10-05 02:00:00+00:00,413.86876290341
2024-10-05 03:00:00+00:00,438.70484687522
2024-10-05 04:00:00+00:00,422.00443247267
2024-10-05 05:00:00+00:00,418.73152528857
2024-10-05 06:00:00+00:00,433.2281879627
2024-10-05 07:00:00+00:00,420.74249292326
2024-10-05 08:00:00+00:00,426.57230966761
2024-10-05 09:00:00+00:00,427.26676760264
2024-10-05 10:00:00+00:00,417.78347664703
2024-10-05 11:00:00+00:00,434.64592532973
2024-10-05 12:00:00+00:00,423.09046542288
2024-10-05 13:00:00+00:00,414.37322055456
2024-10-05 14:00:00+00:00,439.94851636075
2024-10-05 15:00:00+00:00,421.5533624132
2024-10-05 16:00:00+00:00,413.15577708559
2024-10-05 17:00:00+00:00,440.3571719568
2024-10-05 18:00:00+00:00,421.78627291997
2024-10-05 19:00:00+00:00,415.16457143717
2024-10-05 20:00:00+00:00,436.76289292374
2024-10-05 21:00:00+00:00,421.78990773887
2024-10-05 22:00:00+00:00,421.10642460843
2024-10-05 23:00:00+00:00,430.87354030323
2024-10-06 00:00:00+00:00,420.18653713753
2024-10-06 01:00:00+00:00,429.26976306567
2024-10-06 02:00:00+00:00,425.35317600535
2024-10-06 03:00:00+00:00,417.06626164655
2024-10-06 04:00:00+00:00,436.6922752436
2024-10-06 05:00:00+00:00,422.10121184581
2024-10-06 06:00:00+00:00,414.07169106659
2024-10-06 07:00:00+00:00,440.6193156692
2024-10-06 08:00:00+00:00,421.33026814744
2024-10-06 09:00:00+00:00,413.48698048419
2024-10-06 10:00:00+00:00,439.83594460008
2024-10-06 11:00:00+00:00,421.69124716752
2024-10-06 12:00:00+00:00,416.82427896086
2024-10-06 13:00:00+00:00,435.18396403358
2024-10-06 14:00:00+00:00,421.34085280846
2024-10-06 15:00:00+00:00,423.42046903262
2024-10-06 16:00:00+00:00,429.15569579004
2024-10-06 17:00:00+00:00,418.97470539271
2024-10-06 18:00:00+00:00,431.73713896761
2024-10-06 19:00:00+00:00,424.03917106036
2024-10-06 20:00:00+00:00,415.63382140923
2024-10-06 21:00:00+00:00,438.3705769986
2024-10-06 22:00:00+00:00,421.43255584067
2024-10-06 23:00:00+00:00,413.13372892177
2024-10-07 00:00:00+00:00,440.91336641693
2024-10-07 01:00:00+00:00,421.03431454014
2024-10-07 02:00:00+00:00,413.65919668751
2024-10-07 03:00:00+00:00,438.75805329758
2024-10-07 04:00:00+00:00,421.23058459725
2024-10-07 05:00:00+00:00,418.22689959282
2024-10-07 06:00:00+00:00,433.29541683044
2024-10-07 07:00:00+00:00,420.31699977707
2024-10-07 08:00:00+00:00,425.88050634556
2024-10-07 09:00:00+00:00,427.27035666458
2024-10-07 10:00:00+00:00,417.63287123433
2024-10-07 11:00:00+00:00,434.35288816567
2024-10-07 12:00:00+00:00,422.64355138563
2024-10-07 13:00:00+00:00,414.45490061853
2024-10-07 14:00:00+00:00,439.94289777933
2024-10-07 15:00:00+00:00,420.65791381935
2024-10-07 16:00:00+00:00,412.8211861707
2024-10-07 17:00:00+00:00,440.98764309484
2024-10-07 18:00:00+00:00,420.5573367233
2024-10-07 19:00:00+00:00,414.67567211299
2024-10-07 20:00:00+00:00,437.50483156272
2024-10-07 21:00:00+00:00,420.57284757392
2024-10-07 22:00:00+00:00,420.46776528308
2024-10-07 23:00:00+00:00,431.3709721127
2024-10-08 00:00:00+00:00,419.22703003873
2024-10-08 01:00:00+00:00,428.65445804695
2024-10-08 02:00:00+00:00,425.28137190341
2024-10-08 03:00:00+00:00,416.40162741762
2024-10-08 04:00:00+00:00,436.34098740087
2024-10-08 05:00:00+00:00,421.33000210841
2024-10-08 06:00:00+00:00,413.53896930962
2024-10-08 07:00:00+00:00,440.68424667735
2024-10-08 08:00:00+00:00,419.99732118057
2024-10-08 09:00:00+00:00,412.94840979761
2024-10-08 10:00:00+00:00,440.38615547008
2024-10-08 11:00:00+00:00,420.14940535644
2024-10-08 12:00:00+00:00,416.07967476715
2024-10-08 13:00:00+00:00,435.78631391193
2024-10-08 14:00:00+00:00,419.9572917332
2024-10-08 15:00:00+00:00,422.85679440063
2024-10-08 16:00:00+00:00,429.27936403853
2024-10-08 17:00:00+00:00,418.24885700883
2024-10-08 18:00:00+00:00,431.23983684933
2024-10-08 19:00:00+00:00,423.54517475853
2024-10-08 20:00:00+00:00,415.35647235545
2024-10-08 21:00:00+00:00,438.19872472983
2024-10-08 22:00:00+00:00,420.30306210501
2024-10-08 23:00:00+00:00,413.03246938451
2024-10-09 00:00:00+00:00,441.18531083351
2024-10-09 01:00:00+00:00,419.54053280026
2024-10-09 02:00:00+00:00,413.43356527856
2024-10-09 03:00:00+00:00,439.34156539032
2024-10-09 04:00:00+00:00,419.80064467388
2024-10-09 05:00:00+00:00,417.74179961728
2024-10-09 06:00:00+00:00,433.83852524776
2024-10-09 07:00:00+00:00,419.31689116404
2024-10-09 08:00:00+00:00,425.25334643187
2024-10-09 09:00:00+00:00,427.20309415462
2024-10-09 10:00:00+00:00,417.27251510152
2024-10-09 11:00:00+00:00,433.52775639143
2024-10-09 12:00:00+00:00,421.98264251199
2024-10-09 13:00:00+00:00,414.42988466644
2024-10-09 14:00:00+00:00,439.5302226038
2024-10-09 15:00:00+00:00,419.47697685181
2024-10-09 16:00:00+00:00,412.98990712291
2024-10-09 17:00:00+00:00,440.73049875736
2024-10-09 18:00:00+00:00,419.32252757182
2024-10-09 19:00:00+00:00,414.38876773578
2024-10-09 20:00:00+00:00,437.60895479649
2024-10-09 21:00:00+00:00,419.69201653139
2024-10-09 22:00:00+00:00,419.64210540182
2024-10-09 23:00:00+00:00,431.48953531667
2024-10-10 00:00:00+00:00,418.95086507027
2024-10-10 01:00:00+00:00,427.52729703478
2024-10-10 02:00:00+00:00,425.04812921242
2024-10-10 03:00:00+00:00,416.66933347073
2024-10-10 04:00:00+00:00,435.32975051223
2024-10-10 05:00:00+00:00,420.58626353054
2024-10-10 06:00:00+00:00,413.9956881014
2024-10-10 07:00:00+00:00,440.14402166258
2024-10-10 08:00:00+00:00,418.90437134184
2024-10-10 09:00:00+00:00,412.94265011603
2024-10-10 10:00:00+00:00,440.52309948092
2024-10-10 11:00:00+00:00,419.18342622943
2024-10-10 12:00:00+00:00,415.46064495635
2024-10-10 13:00:00+00:00,436.2740967901
2024-10-10 14:00:00+00:00,419.33110017954
2024-10-10 15:00:00+00:00,421.68374288242
2024-10-10 16:00:00+00:00,429.6778105227
2024-10-10 17:00:00+00:00,418.14271920406
2024-10-10 18:00:00+00:00,429.88407904745
2024-10-10 19:00:00+00:00,423.46161630241
2024-10-10 20:00:00+00:00,415.61477032722
2024-10-10 21:00:00+00:00,437.14294867979
2024-10-10 22:00:00+00:00,419.61788115454
2024-10-10 23:00:00+00:00,413.23851465534
2024-10-11 00:00:00+00:00,440.7602873471
2024-10-11 01:00:00+00:00,418.47782677508
2024-10-11 02:00:00+00:00,413.14334337732
2024-10-11 03:00:00+00:00,439.54579616134
2024-10-11 04:00:00+00:00,418.79427933084
2024-10-11 05:00:00+00:00,416.7504842138
2024-10-11 06:00:00+00:00,434.33496535508
2024-10-11 07:00:00+00:00,418.74976071912
2024-10-11 08:00:00+00:00,423.73437654577
2024-10-11 09:00:00+00:00,427.60543207636
2024-10-11 10:00:00+00:00,417.31688623183
2024-10-11 11:00:00+00:00,432.0299025432
2024-10-11 12:00:00+00:00,421.82240555791
2024-10-11 13:00:00+00:00,414.7339446255
2024-10-11 14:00:00+00:00,438.51190595746
2024-10-11 15:00:00+00:00,418.69667430226
2024-10-11 16:00:00+00:00,412.8433331044
2024-10-11 17:00:00+00:00,440.84442033958
2024-10-11 18:00:00+00:00,418.10329659509
2024-10-11 19:00:00+00:00,413.70202520009
2024-10-11 20:00:00+00:00,438.36487297603
2024-10-11 21:00:00+00:00,418.53083455679
2024-10-11 22:00:00+00:00,418.33424841417
2024-10-11 23:00:00+00:00,432.39747411874
2024-10-12 00:00:00+00:00,418.23108868185
2024-10-12 01:00:00+00:00,425.90418016109
2024-10-12 02:00:00+00:00,425.52964536418
2024-10-12 03:00:00+00:00,416.43835996521
2024-10-12 04:00:00+00:00,433.93606095316
2024-10-12 05:00:00+00:00,420.27758481356
2024-10-12 06:00:00+00:00,413.93780180625
2024-10-12 07:00:00+00:00,439.47008681753
2024-10-12 08:00:00+00:00,417.84903333284
2024-10-12 09:00:00+00:00,412.77077698824
2024-10-12 10:00:00+00:00,440.7040407452
2024-10-12 11:00:00+00:00,417.87783803166
2024-10-12 12:00:00+00:00,414.65370364971
2024-10-12 13:00:00+00:00,437.07991866738
2024-10-12 14:00:00+00:00,418.32531352542
2024-10-12 15:00:00+00:00,420.25473250795
2024-10-12 16:00:00+00:00,430.54426071521
2024-10-12 17:00:00+00:00,417.7555007366
2024-10-12 18:00:00+00:00,428.25442896929
2024-10-12 19:00:00+00:00,423.81465553528
2024-10-12 20:00:00+00:00,415.76590872854
2024-10-12 21:00:00+00:00,435.92129440949
2024-10-12 22:00:00+00:00,419.1870022751
2024-10-12 23:00:00+00:00,413.49156031729
2024-10-13 00:00:00+00:00,440.40887771229
2024-10-13 01:00:00+00:00,417.44018992947
2024-10-13 02:00:00+00:00,412.96535214986
2024-10-13 03:00:00+00:00,440.12370118528
2024-10-13 04:00:00+00:00,417.6563380721
2024-10-13 05:00:00+00:00,415.84578877543
2024-10-13 06:00:00+00:00,435.45425803055
2024-10-13 07:00:00+00:00,418.03796361435
2024-10-13 08:00:00+00:00,422.25035910484
2024-10-13 09:00:00+00:00,427.33961958273
2024-10-13 10:00:00+00:00,417.28768617707
2024-10-13 11:00:00+00:00,429.98750351676
2024-10-13 12:00:00+00:00,421.1832350801
2024-10-13 13:00:00+00:00,415.39181335265
2024-10-13 14:00:00+00:00,436.89793567513
2024-10-13 15:00:00+00:00,417.57954678127
2024-10-13 16:00:00+00:00,413.57112645147
2024-10-13 17:00:00+00:00,440.11847427149
2024-10-13 18:00:00+00:00,416.83577506884
2024-10-13 19:00:00+00:00,413.86778426055
2024-10-13 20:00:00+00:00,438.54979642292
2024-10-13 21:00:00+00:00,417.68411397922
2024-10-13 22:00:00+00:00,417.65195295726
2024-10-13 23:00:00+00:00,433.08254975617
2024-10-14 00:00:00+00:00,418.26955653004
2024-10-14 01:00:00+00:00,424.60418263921
2024-10-14 02:00:00+00:00,426.12265337934
2024-10-14 03:00:00+00:00,417.42355270211
2024-10-14 04:00:00+00:00,432.63296155102
2024-10-14 05:00:00+00:00,420.36692502249
2024-10-14 06:00:00+00:00,415.46394526344
2024-10-14 07:00:00+00:00,438.81291408274
2024-10-14 08:00:00+00:00,417.45926105898
2024-10-14 09:00:00+00:00,414.06048673831
2024-10-14 10:00:00+00:00,440.80777148146
2024-10-14 11:00:00+00:00,417.27975610488
2024-10-14 12:00:00+00:00,415.22170430686
2024-10-14 13:00:00+00:00,438.00235643109
2024-10-14 14:00:00+00:00,418.28106231876
2024-10-14 15:00:00+00:00,418.82531775939
2024-10-14 16:00:00+00:00,431.88658326501
2024-10-14 17:00:00+00:00,417.41195592043
2024-10-14 18:00:00+00:00,426.41614976099
2024-10-14 19:00:00+00:00,424.72342084403
2024-10-14 20:00:00+00:00,416.02387885042
2024-10-14 21:00:00+00:00,434.37660569279
2024-10-14 22:00:00+00:00,419.22660222478
2024-10-14 23:00:00+00:00,413.9291449824
2024-10-15 00:00:00+00:00,439.77615744629
2024-10-15 01:00:00+00:00,416.66943788097
2024-10-15 02:00:00+00:00,412.97380545676
2024-10-15 03:00:00+00:00,440.60859930403
2024-10-15 04:00:00+00:00,416.56575445258
2024-10-15 05:00:00+00:00,415.00551556777
2024-10-15 06:00:00+00:00,436.73573937084
2024-10-15 07:00:00+00:00,417.23831238398
2024-10-15 08:00:00+00:00,420.61394955221
2024-10-15 09:00:00+00:00,429.90933568631
2024-10-15 10:00:00+00:00,417.0400849293
2024-10-15 11:00:00+00:00,428.52837213229
2024-10-15 12:00:00+00:00,422.87185057404
2024-10-15 13:00:00+00:00,415.47401661249
2024-10-15 14:00:00+00:00,436.07350582379
2024-10-15 15:00:00+00:00,418.29454192373
2024-10-15 16:00:00+00:00,413.31657578746
2024-10-15 17:00:00+00:00,440.49148683544
2024-10-15 18:00:00+00:00,416.3625513658
2024-10-15 19:00:00+00:00,412.96850185463
2024-10-15 20:00:00+00:00,440.16571564675
2024-10-15 21:00:00+00:00,416.56104496732
2024-10-15 22:00:00+00:00,415.90869448554
2024-10-15 23:00:00+00:00,435.37774342349
2024-10-16 00:00:00+00:00,417.11147288639
2024-10-16 01:00:00+00:00,422.29807451131
2024-10-16 02:00:00+00:00,428.21885017682
2024-10-16 03:00:00+00:00,416.56352909596
2024-10-16 04:00:00+00:00,430.45000326329
2024-10-16 05:00:00+00:00,421.46941848271
2024-10-16 06:00:00+00:00,414.7816537525
2024-10-16 07:00:00+00:00,437.52120256768
2024-10-16 08:00:00+00:00,417.2206456391
2024-10-16 09:00:00+00:00,413.08734796359
2024-10-16 10:00:00+00:00,440.86437435223
2024-10-16 11:00:00+00:00,415.92716263842
2024-10-16 12:00:00+00:00,413.47031559912
2024-10-16 13:00:00+00:00,439.29387461594
2024-10-16 14:00:00+00:00,416.43035343216
2024-10-16 15:00:00+00:00,417.30379928771
2024-10-16 16:00:00+00:00,433.34121999228
2024-10-16 17:00:00+00:00,417.03335599987
2024-10-16 18:00:00+00:00,424.27995940829
2024-10-16 19:00:00+00:00,426.05550237445
2024-10-16 20:00:00+00:00,416.36904392569
2024-10-16 21:00:00+00:00,432.38620573567
2024-10-16 22:00:00+00:00,419.8207122707
2024-10-16 23:00:00+00:00,414.63058457874
2024-10-17 00:00:00+00:00,438.71855823414
2024-10-17 01:00:00+00:00,416.40670898129
2024-10-17 02:00:00+00:00,413.37238339536
2024-10-17 03:00:00+00:00,440.88883590558
2024-10-17 04:00:00+00:00,415.85104018346
2024-10-17 05:00:00+00:00,414.55264099338
2024-10-17 06:00:00+00:00,438.17059164491
2024-10-17 07:00:00+00:00,416.71773178216
2024-10-17 08:00:00+00:00,419.23288046372
2024-10-17 09:00:00+00:00,431.82620532667
2024-10-17 10:00:00+00:00,417.1884768247
2024-10-17 11:00:00+00:00,426.70713498644
2024-10-17 12:00:00+00:00,424.46375165987
2024-10-17 13:00:00+00:00,416.30061509552
2024-10-17 14:00:00+00:00,434.62575755305
2024-10-17 15:00:00+00:00,418.24723601343
2024-10-17 16:00:00+00:00,413.9555823551
2024-10-17 17:00:00+00:00,439.79771830835
2024-10-17 18:00:00+00:00,415.35946135706
2024-10-17 19:00:00+00:00,413.20072687323
2024-10-17 20:00:00+00:00,440.66416480753
2024-10-17 21:00:00+00:00,415.16993904357
2024-10-17 22:00:00+00:00,415.20858648273
2024-10-17 23:00:00+00:00,436.73693448421
2024-10-18 00:00:00+00:00,416.05663431542
2024-10-18 01:00:00+00:00,420.65829881837
2024-10-18 02:00:00+00:00,429.68181773431
2024-10-18 03:00:00+00:00,416.29876491532
2024-10-18 04:00:00+00:00,428.420956664
2024-10-18 05:00:00+00:00,422.24696096498
2024-10-18 06:00:00+00:00,415.2263946098
2024-10-18 07:00:00+00:00,435.92583804718
2024-10-18 08:00:00+00:00,416.91248556122
2024-10-18 09:00:00+00:00,413.67041912685
2024-10-18 10:00:00+00:00,440.3577554064
2024-10-18 11:00:00+00:00,414.72927461742
2024-10-18 12:00:00+00:00,413.4628557074
2024-10-18 13:00:00+00:00,440.0121155149
2024-10-18 14:00:00+00:00,414.99900239522
2024-10-18 15:00:00+00:00,416.18673245035
2024-10-18 16:00:00+00:00,435.05706097063
2024-10-18 17:00:00+00:00,416.29485564951
2024-10-18 18:00:00+00:00,422.22008007921
2024-10-18 19:00:00+00:00,427.6975273929
2024-10-18 20:00:00+00:00,416.31159500537
2024-10-18 21:00:00+00:00,430.08330872779
2024-10-18 22:00:00+00:00,420.60765103918
2024-10-18 23:00:00+00:00,415.04015182771
2024-10-19 00:00:00+00:00,437.04955758546
2024-10-19 01:00:00+00:00,416.02047946
2024-10-19 02:00:00+00:00,413.5999131956
2024-10-19 03:00:00+00:00,440.45680154307
2024-10-19 04:00:00+00:00,414.58068217742
2024-10-19 05:00:00+00:00,413.89605654529
2024-10-19 06:00:00+00:00,438.99162622503
2024-10-19 07:00:00+00:00,415.25617097503
2024-10-19 08:00:00+00:00,417.37780887614
2024-10-19 09:00:00+00:00,433.44641333336
2024-10-19 10:00:00+00:00,416.11151479585
2024-10-19 11:00:00+00:00,424.08304806416
2024-10-19 12:00:00+00:00,425.79961418633
2024-10-19 13:00:00+00:00,415.94161901629
2024-10-19 14:00:00+00:00,431.99080248989
2024-10-19 15:00:00+00:00,419.02155495077
2024-10-19 16:00:00+00:00,414.62810736252
2024-10-19 17:00:00+00:00,438.33031274235
2024-10-19 18:00:00+00:00,415.07560060375
2024-10-19 19:00:00+00:00,413.52455052886
2024-10-19 20:00:00+00:00,440.64819773545
2024-10-19 21:00:00+00:00,414.22546231011
2024-10-19 22:00:00+00:00,414.5282294343
2024-10-19 23:00:00+00:00,438.0466618089
2024-10-20 00:00:00+00:00,415.16958991214
2024-10-20 01:00:00+00:00,418.81393901654
2024-10-20 02:00:00+00:00,431.6070272184
2024-10-20 03:00:00+00:00,416.04985732966
2024-10-20 04:00:00+00:00,425.90125230157
2024-10-20 05:00:00+00:00,423.85792378454
2024-10-20 06:00:00+00:00,415.69709928011
2024-10-20 07:00:00+00:00,433.64858600762
2024-10-20 08:00:00+00:00,417.54205126487
2024-10-20 09:00:00+00:00,414.50089805637
2024-10-20 10:00:00+00:00,439.18901667359
2024-10-20 11:00:00+00:00,414.24116979444
2024-10-20 12:00:00+00:00,413.77679591489
2024-10-20 13:00:00+00:00,440.32666449228
2024-10-20 14:00:00+00:00,414.01469681538
2024-10-20 15:00:00+00:00,415.45254443626
2024-10-20 16:00:00+00:00,436.63113078436
2024-10-20 17:00:00+00:00,415.22863536575
2024-10-20 18:00:00+00:00,420.40005161308
2024-10-20 19:00:00+00:00,429.58056123684
2024-10-20 20:00:00+00:00,416.05536912866
2024-10-20 21:00:00+00:00,427.76014635727
2024-10-20 22:00:00+00:00,421.87605406523
2024-10-20 23:00:00+00:00,415.57180151755
2024-10-21 00:00:00+00:00,435.15625188764
2024-10-21 01:00:00+00:00,416.13230559362
2024-10-21 02:00:00+00:00,414.3375121394
2024-10-21 03:00:00+00:00,439.78774179593
2024-10-21 04:00:00+00:00,413.64869700814
2024-10-21 05:00:00+00:00,414.03903200018
2024-10-21 06:00:00+00:00,439.78668510175
2024-10-21 07:00:00+00:00,413.94381826008
2024-10-21 08:00:00+00:00,416.39567090925
2024-10-21 09:00:00+00:00,435.21404798536
2024-10-21 10:00:00+00:00,415.50982259392
2024-10-21 11:00:00+00:00,421.66190068061
2024-10-21 12:00:00+00:00,427.82151897389
2024-10-21 13:00:00+00:00,416.09115063792
2024-10-21 14:00:00+00:00,429.21943781503
2024-10-21 15:00:00+00:00,420.37691688481
2024-10-21 16:00:00+00:00,415.3399011304
2024-10-21 17:00:00+00:00,436.23645952447
2024-10-21 18:00:00+00:00,415.297398043
2024-10-21 19:00:00+00:00,414.10875944663
2024-10-21 20:00:00+00:00,440.00621498991
2024-10-21 21:00:00+00:00,413.51178378641
2024-10-21 22:00:00+00:00,414.19657297604
2024-10-21 23:00:00+00:00,438.99361946041
2024-10-22 00:00:00+00:00,414.20660293216
2024-10-22 01:00:00+00:00,417.17246699586
2024-10-22 02:00:00+00:00,433.57944575638
2024-10-22 03:00:00+00:00,415.55877056619
2024-10-22 04:00:00+00:00,423.2418407534
2024-10-22 05:00:00+00:00,425.88022090612
2024-10-22 06:00:00+00:00,415.97899250291
2024-10-22 07:00:00+00:00,430.85380802578
2024-10-22 08:00:00+00:00,418.72800494309
2024-10-22 09:00:00+00:00,415.13281006563
2024-10-22 10:00:00+00:00,437.5084245989
2024-10-22 11:00:00+00:00,414.13208897118
2024-10-22 12:00:00+00:00,414.17199824766
2024-10-22 13:00:00+00:00,440.22394135756
2024-10-22 14:00:00+00:00,413.00412991745
2024-10-22 15:00:00+00:00,414.85926151714
2024-10-22 16:00:00+00:00,438.0618068056
2024-10-22 17:00:00+00:00,414.09635255336
2024-10-22 18:00:00+00:00,418.54632803075
2024-10-22 19:00:00+00:00,431.81998892682
2024-10-22 20:00:00+00:00,415.51596720869
2024-10-22 21:00:00+00:00,425.07914453771
2024-10-22 22:00:00+00:00,423.88093596595
2024-10-22 23:00:00+00:00,415.83969553352
2024-10-23 00:00:00+00:00,432.6073608068
2024-10-23 01:00:00+00:00,417.07163356114
2024-10-23 02:00:00+00:00,414.994882439
2024-10-23 03:00:00+00:00,438.37577507675
2024-10-23 04:00:00+00:00,413.31871506531
2024-10-23 05:00:00+00:00,414.27995047256
2024-10-23 06:00:00+00:00,440.05049764972
2024-10-23 07:00:00+00:00,412.82402025162
2024-10-23 08:00:00+00:00,415.51845393671
2024-10-23 09:00:00+00:00,436.86124512047
2024-10-23 10:00:00+00:00,414.2253416894
2024-10-23 11:00:00+00:00,419.82012038719
2024-10-23 12:00:00+00:00,429.9897654225
2024-10-23 13:00:00+00:00,415.61386633659
2024-10-23 14:00:00+00:00,426.68222416098
2024-10-23 15:00:00+00:00,422.15738041824
2024-10-23 16:00:00+00:00,415.77811157427
2024-10-23 17:00:00+00:00,433.49609428868
2024-10-23 18:00:00+00:00,415.9741297504
2024-10-23 19:00:00+00:00,414.76610896345
2024-10-23 20:00:00+00:00,438.61435980042
2024-10-23 21:00:00+00:00,413.00836251601
2024-10-23 22:00:00+00:00,414.20837101688
2024-10-23 23:00:00+00:00,439.39585000099
2024-10-24 00:00:00+00:00,413.10153516034
2024-10-24 01:00:00+00:00,415.89662206613
2024-10-24 02:00:00+00:00,435.44053833122
2024-10-24 03:00:00+00:00,414.68614481537
2024-10-24 04:00:00+00:00,420.69332904796
2024-10-24 05:00:00+00:00,428.25281427492
2024-10-24 06:00:00+00:00,415.89835266771
2024-10-24 07:00:00+00:00,427.77598283762
2024-10-24 08:00:00+00:00,420.53397505174
2024-10-24 09:00:00+00:00,415.76378212841
2024-10-24 10:00:00+00:00,434.8383644935
2024-10-24 11:00:00+00:00,414.88949949258
2024-10-24 12:00:00+00:00,414.77813803334
2024-10-24 13:00:00+00:00,439.15391145525
2024-10-24 14:00:00+00:00,412.61142771705
2024-10-24 15:00:00+00:00,414.22792447676
2024-10-24 16:00:00+00:00,438.72510620647
2024-10-24 17:00:00+00:00,413.14968667553
2024-10-24 18:00:00+00:00,416.45993949029
2024-10-24 19:00:00+00:00,433.98446283785
2024-10-24 20:00:00+00:00,414.83415351908
2024-10-24 21:00:00+00:00,421.76175719214
2024-10-24 22:00:00+00:00,426.48049618829
2024-10-24 23:00:00+00:00,415.86491461886
2024-10-25 00:00:00+00:00,428.99736293513
2024-10-25 01:00:00+00:00,418.99331540801
2024-10-25 02:00:00+00:00,415.51949688013
2024-10-25 03:00:00+00:00,435.69998464
2024-10-25 04:00:00+00:00,413.95285426348
2024-10-25 05:00:00+00:00,414.54803821787
2024-10-25 06:00:00+00:00,439.23050565912
2024-10-25 07:00:00+00:00,412.32248224206
2024-10-25 08:00:00+00:00,414.67786994953
2024-10-25 09:00:00+00:00,438.05377020377
2024-10-25 10:00:00+00:00,412.80784646774
2024-10-25 11:00:00+00:00,417.88121144903
2024-10-25 12:00:00+00:00,432.33186609437
2024-10-25 13:00:00+00:00,414.70176013939
2024-10-25 14:00:00+00:00,423.63364098506
2024-10-25 15:00:00+00:00,424.36749582232
2024-10-25 16:00:00+00:00,415.75762463476
2024-10-25 17:00:00+00:00,430.83117380383
2024-10-25 18:00:00+00:00,417.01072043172
2024-10-25 19:00:00+00:00,415.47339812907
2024-10-25 20:00:00+00:00,436.90184155854
2024-10-25 21:00:00+00:00,412.50981572367
2024-10-25 22:00:00+00:00,414.79107880759
2024-10-25 23:00:00+00:00,439.35997431886
2024-10-26 00:00:00+00:00,411.50808537815
2024-10-26 01:00:00+00:00,415.4587333787
2024-10-26 02:00:00+00:00,437.03121568021
2024-10-26 03:00:00+00:00,412.94545965794
2024-10-26 04:00:00+00:00,418.85344323627
2024-10-26 05:00:00+00:00,430.6521018493
2024-10-26 06:00:00+00:00,414.89615096171
2024-10-26 07:00:00+00:00,424.94719907616
2024-10-26 08:00:00+00:00,422.55603352458
2024-10-26 09:00:00+00:00,415.68508327589
2024-10-26 10:00:00+00:00,432.04192092831
2024-10-26 11:00:00+00:00,415.57846802156
2024-10-26 12:00:00+00:00,415.31515873902
2024-10-26 13:00:00+00:00,437.55147189593
2024-10-26 14:00:00+00:00,411.7016026744
2024-10-26 15:00:00+00:00,414.80025560083
2024-10-26 16:00:00+00:00,439.1230857976
2024-10-26 17:00:00+00:00,411.277650034
2024-10-26 18:00:00+00:00,415.89781093164
2024-10-26 19:00:00+00:00,435.90838141976
2024-10-26 20:00:00+00:00,413.01510078332
2024-10-26 21:00:00+00:00,419.79308037152
2024-10-26 22:00:00+00:00,428.97361031109
2024-10-26 23:00:00+00:00,414.9594961895
2024-10-27 00:00:00+00:00,426.168191841
2024-10-27 01:00:00+00:00,420.83270012323
2024-10-27 02:00:00+00:00,415.72564581408
2024-10-27 03:00:00+00:00,433.11729317592
2024-10-27 04:00:00+00:00,414.27514988125
2024-10-27 05:00:00+00:00,415.29795482617
2024-10-27 06:00:00+00:00,437.9849496188
2024-10-27 07:00:00+00:00,411.0653799452
2024-10-27 08:00:00+00:00,414.9725959465
2024-10-27 09:00:00+00:00,438.65739117457
2024-10-27 10:00:00+00:00,411.21341640861
2024-10-27 11:00:00+00:00,416.48548178106
2024-10-27 12:00:00+00:00,434.61656205933
2024-10-27 13:00:00+00:00,413.22401828868
2024-10-27 14:00:00+00:00,420.81535026142
2024-10-27 15:00:00+00:00,427.7637175775
2024-10-27 16:00:00+00:00,414.78134996649
2024-10-27 17:00:00+00:00,426.90274943559
2024-10-27 18:00:00+00:00,419.70190158987
2024-10-27 19:00:00+00:00,415.19148023345
2024-10-27 20:00:00+00:00,433.80142010659
2024-10-27 21:00:00+00:00,413.54650593826
2024-10-27 22:00:00+00:00,414.58332636454
2024-10-27 23:00:00+00:00,438.22449439153
2024-10-28 00:00:00+00:00,410.8062732171
2024-10-28 01:00:00+00:00,414.3998023954
2024-10-28 02:00:00+00:00,438.24817295777
2024-10-28 03:00:00+00:00,411.22690424195
2024-10-28 04:00:00+00:00,416.32921492387
2024-10-28 05:00:00+00:00,433.63968467397
2024-10-28 06:00:00+00:00,413.18857331591
2024-10-28 07:00:00+00:00,421.13155782226
2024-10-28 08:00:00+00:00,426.00826006003
2024-10-28 09:00:00+00:00,414.81311023636
2024-10-28 10:00:00+00:00,427.94686026369
2024-10-28 11:00:00+00:00,418.07882677448
2024-10-28 12:00:00+00:00,415.11021023689
2024-10-28 13:00:00+00:00,434.52437607048
2024-10-28 14:00:00+00:00,412.42298060806
2024-10-28 15:00:00+00:00,414.66536003564
2024-10-28 16:00:00+00:00,438.17246670768
2024-10-28 17:00:00+00:00,410.39476781763
2024-10-28 18:00:00+00:00,414.69403483533
2024-10-28 19:00:00+00:00,437.37283738224
2024-10-28 20:00:00+00:00,411.31158726403
2024-10-28 21:00:00+00:00,416.97749280794
2024-10-28 22:00:00+00:00,432.12565094959
2024-10-28 23:00:00+00:00,413.46972480657
2024-10-29 00:00:00+00:00,422.06608283788
2024-10-29 01:00:00+00:00,424.27336004387
2024-10-29 02:00:00+00:00,415.04544841773
2024-10-29 03:00:00+00:00,428.87598439765
2024-10-29 04:00:00+00:00,416.59636026296
2024-10-29 05:00:00+00:00,415.23198114158
2024-10-29 06:00:00+00:00,435.05370211346
2024-10-29 07:00:00+00:00,411.51966780924
2024-10-29 08:00:00+00:00,414.6601745455
2024-10-29 09:00:00+00:00,438.0795521549
2024-10-29 10:00:00+00:00,410.01983883558
2024-10-29 11:00:00+00:00,414.94254241256
2024-10-29 12:00:00+00:00,436.50363920722
2024-10-29 13:00:00+00:00,411.33283151406
2024-10-29 14:00:00+00:00,417.59680915985
2024-10-29 15:00:00+00:00,430.70510833264
2024-10-29 16:00:00+00:00,413.89498428345
2024-10-29 17:00:00+00:00,422.68686724576
2024-10-29 18:00:00+00:00,422.80286575033
2024-10-29 19:00:00+00:00,415.30230232224
2024-10-29 20:00:00+00:00,429.46495688252
2024-10-29 21:00:00+00:00,415.49030491176
2024-10-29 22:00:00+00:00,415.28157073496
2024-10-29 23:00:00+00:00,435.2739185607
2024-10-30 00:00:00+00:00,411.01876218496
2024-10-30 01:00:00+00:00,414.64908471775
2024-10-30 02:00:00+00:00,437.69088117573
2024-10-30 03:00:00+00:00,410.09815118251
2024-10-30 04:00:00+00:00,415.08182704223
2024-10-30 05:00:00+00:00,435.49504584294
2024-10-30 06:00:00+00:00,411.74494165568
2024-10-30 07:00:00+00:00,418.00286495244
2024-10-30 08:00:00+00:00,429.29565128319
2024-10-30 09:00:00+00:00,414.04593048226
2024-10-30 10:00:00+00:00,423.55061732045
2024-10-30 11:00:00+00:00,421.29376754931
2024-10-30 12:00:00+00:00,415.3588661975
2024-10-30 13:00:00+00:00,430.2540177711
2024-10-30 14:00:00+00:00,414.27765215599
2024-10-30 15:00:00+00:00,414.63064844678
2024-10-30 16:00:00+00:00,435.49704389466
2024-10-30 17:00:00+00:00,409.5001818181
2024-10-30 18:00:00+00:00,414.39790624106
2024-10-30 19:00:00+00:00,437.30133506488
2024-10-30 20:00:00+00:00,409.22676816516
2024-10-30 21:00:00+00:00,415.40656232476
2024-10-30 22:00:00+00:00,434.4746787118
2024-10-30 23:00:00+00:00,411.35612110073
2024-10-31 00:00:00+00:00,418.93203665225
2024-10-31 01:00:00+00:00,427.87375704226
2024-10-31 02:00:00+00:00,413.94463958462
2024-10-31 03:00:00+00:00,424.90028658788
2024-10-31 04:00:00+00:00,419.85076834475
2024-10-31 05:00:00+00:00,415.44796781376
2024-10-31 06:00:00+00:00,431.67012490267
2024-10-31 07:00:00+00:00,413.19434921827
2024-10-31 08:00:00+00:00,415.59242027647
2024-10-31 09:00:00+00:00,436.7184845399
2024-10-31 10:00:00+00:00,409.84295806384
2024-10-31 11:00:00+00:00,415.46114488238
2024-10-31 12:00:00+00:00,437.85814495226
2024-10-31 13:00:00+00:00,410.04905467281
2024-10-31 14:00:00+00:00,416.75572499192
2024-10-31 15:00:00+00:00,432.90921594909
2024-10-31 16:00:00+00:00,411.38207418971
2024-10-31 17:00:00+00:00,418.89528615839
2024-10-31 18:00:00+00:00,426.10348330773
2024-10-31 19:00:00+00:00,413.93083238533
2024-10-31 20:00:00+00:00,424.98339167506
2024-10-31 21:00:00+00:00,418.26666867917
2024-10-31 22:00:00+00:00,415.24540645867
2024-10-31 23:00:00+00:00,431.61073210174
2024-11-01 00:00:00+00:00,412.10127594641
2024-11-01 01:00:00+00:00,415.23799632984
2024-11-01 02:00:00+00:00,436.26468673581
2024-11-01 03:00:00+00:00,409.33445316361
2024-11-01 04:00:00+00:00,415.11410842146
2024-11-01 05:00:00+00:00,436.90504670318
2024-11-01 06:00:00+00:00,409.9919161836
2024-11-01 07:00:00+00:00,416.57035879314
2024-11-01 08:00:00+00:00,432.99344602381
2024-11-01 09:00:00+00:00,412.59721182844
2024-11-01 10:00:00+00:00,420.64498162843
2024-11-01 11:00:00+00:00,425.82546711603
2024-11-01 12:00:00+00:00,415.16259559024
2024-11-01 13:00:00+00:00,426.88473197661
2024-11-01 14:00:00+00:00,417.99020939126
2024-11-01 15:00:00+00:00,415.24366273032
2024-11-01 16:00:00+00:00,432.84186100616
2024-11-01 17:00:00+00:00,410.94973847295
2024-11-01 18:00:00+00:00,415.20887648764
2024-11-01 19:00:00+00:00,436.77275374335
2024-11-01 20:00:00+00:00,408.37733573516
2024-11-01 21:00:00+00:00,415.22311927432
2024-11-01 22:00:00+00:00,436.49043449474
2024-11-01 23:00:00+00:00,409.21246142872
2024-11-02 00:00:00+00:00,416.92096245974
2024-11-02 01:00:00+00:00,431.71474435889
2024-11-02 02:00:00+00:00,411.85370383666
2024-11-02 03:00:00+00:00,421.1629797298
2024-11-02 04:00:00+00:00,423.96211144723
2024-11-02 05:00:00+00:00,414.32747246328
2024-11-02 06:00:00+00:00,427.30601535564
2024-11-02 07:00:00+00:00,415.9031202774
2024-11-02 08:00:00+00:00,415.43629033833
2024-11-02 09:00:00+00:00,433.32700241939
2024-11-02 10:00:00+00:00,410.15264519904
2024-11-02 11:00:00+00:00,415.37400050592
2024-11-02 12:00:00+00:00,436.74932194109
2024-11-02 13:00:00+00:00,408.08706730508
2024-11-02 14:00:00+00:00,415.50113945028
2024-11-02 15:00:00+00:00,435.53196395216
2024-11-02 16:00:00+00:00,409.80823699981
2024-11-02 17:00:00+00:00,417.00052755413
2024-11-02 18:00:00+00:00,430.45709716706
2024-11-02 19:00:00+00:00,412.56767149314
2024-11-02 20:00:00+00:00,421.29600285599
2024-11-02 21:00:00+00:00,422.71736374723
2024-11-02 22:00:00+00:00,414.89525101126
2024-11-02 23:00:00+00:00,427.37247656163
2024-11-03 00:00:00+00:00,415.00655013572
2024-11-03 01:00:00+00:00,415.73435279572
2024-11-03 02:00:00+00:00,433.13270962706
2024-11-03 03:00:00+00:00,409.81737678567
2024-11-03 04:00:00+00:00,415.44156031734
2024-11-03 05:00:00+00:00,436.14429828855
2024-11-03 06:00:00+00:00,408.31340583038
2024-11-03 07:00:00+00:00,415.47301440354
2024-11-03 08:00:00+00:00,434.84459981503
2024-11-03 09:00:00+00:00,409.91379998846
2024-11-03 10:00:00+00:00,417.38412562486
2024-11-03 11:00:00+00:00,429.36097594295
2024-11-03 12:00:00+00:00,412.79747141383
2024-11-03 13:00:00+00:00,421.8426852073
2024-11-03 14:00:00+00:00,421.48688274248
2024-11-03 15:00:00+00:00,415.07353086553
2024-11-03 16:00:00+00:00,427.89474534328
2024-11-03 17:00:00+00:00,413.96177898982
2024-11-03 18:00:00+00:00,415.80951475317
2024-11-03 19:00:00+00:00,433.37617733116
2024-11-03 20:00:00+00:00,409.17646050416
2024-11-03 21:00:00+00:00,415.49068334941
2024-11-03 22:00:00+00:00,435.91130759857
2024-11-03 23:00:00+00:00,408.11120512111
2024-11-04 00:00:00+00:00,415.62749819953
2024-11-04 01:00:00+00:00,434.09590799526
2024-11-04 02:00:00+00:00,410.01653376326
2024-11-04 03:00:00+00:00,417.74767752892
2024-11-04 04:00:00+00:00,428.2350532566
2024-11-04 05:00:00+00:00,413.01500591266
2024-11-04 06:00:00+00:00,422.33352866636
2024-11-04 07:00:00+00:00,420.27881102998
2024-11-04 08:00:00+00:00,415.24670761761
2024-11-04 09:00:00+00:00,428.34826874413
2024-11-04 10:00:00+00:00,412.99893724546
2024-11-04 11:00:00+00:00,415.97233346454
2024-11-04 12:00:00+00:00,433.53849900875
2024-11-04 13:00:00+00:00,408.64309608517
2024-11-04 14:00:00+00:00,415.64163070729
2024-11-04 15:00:00+00:00,435.61596091453
2024-11-04 16:00:00+00:00,408.02460195064
2024-11-04 17:00:00+00:00,415.88072403653
2024-11-04 18:00:00+00:00,433.33034822228
2024-11-04 19:00:00+00:00,410.2382169809
2024-11-04 20:00:00+00:00,418.16234825151
2024-11-04 21:00:00+00:00,427.16151772545
2024-11-04 22:00:00+00:00,413.3448672331
2024-11-04 23:00:00+00:00,422.84639353273
2024-11-05 00:00:00+00:00,419.17655195407
2024-11-05 01:00:00+00:00,415.53299613841
2024-11-05 02:00:00+00:00,428.759475724
2024-11-05 03:00:00+00:00,411.96189056078
2024-11-05 04:00:00+00:00,416.2298676906
2024-11-05 05:00:00+00:00,433.64099089748
2024-11-05 06:00:00+00:00,408.03843938715
2024-11-05 07:00:00+00:00,415.91333613249
2024-11-05 08:00:00+00:00,435.2108282334
2024-11-05 09:00:00+00:00,407.87038941091
2024-11-05 10:00:00+00:00,416.2518120314
2024-11-05 11:00:00+00:00,432.43074653288
2024-11-05 12:00:00+00:00,410.40429044659
2024-11-05 13:00:00+00:00,418.65660562639
2024-11-05 14:00:00+00:00,425.95084885098
2024-11-05 15:00:00+00:00,413.64521286755
2024-11-05 16:00:00+00:00,423.37195996804
2024-11-05 17:00:00+00:00,417.94421107506
2024-11-05 18:00:00+00:00,415.82788149037
2024-11-05 19:00:00+00:00,429.12661501585
2024-11-05 20:00:00+00:00,411.15104713072
2024-11-05 21:00:00+00:00,416.35624906046
2024-11-05 22:00:00+00:00,433.65508787328
2024-11-05 23:00:00+00:00,407.62764737302
2024-11-06 00:00:00+00:00,416.0279026667
2024-11-06 01:00:00+00:00,434.80326202828
2024-11-06 02:00:00+00:00,407.84230725655
2024-11-06 03:00:00+00:00,416.45101984025
2024-11-06 04:00:00+00:00,431.62480246457
2024-11-06 05:00:00+00:00,410.61479345971
2024-11-06 06:00:00+00:00,418.97561687098
2024-11-06 07:00:00+00:00,424.91808046329
2024-11-06 08:00:00+00:00,413.91449056633
2024-11-06 09:00:00+00:00,423.75212906629
2024-11-06 10:00:00+00:00,417.21955092549
2024-11-06 11:00:00+00:00,415.80460971699
2024-11-06 12:00:00+00:00,429.50440276187
2024-11-06 13:00:00+00:00,410.62415617687
2024-11-06 14:00:00+00:00,416.23428605917
2024-11-06 15:00:00+00:00,433.83565860982
2024-11-06 16:00:00+00:00,407.39835328268
2024-11-06 17:00:00+00:00,415.92071488265
2024-11-06 18:00:00+00:00,434.65568137927
2024-11-06 19:00:00+00:00,407.87101953297
2024-11-06 20:00:00+00:00,416.48838641304
2024-11-06 21:00:00+00:00,431.14764369291
2024-11-06 22:00:00+00:00,410.76115690212
2024-11-06 23:00:00+00:00,419.21680889403
2024-11-07 00:00:00+00:00,424.24414355882
2024-11-07 01:00:00+00:00,414.02476936962
2024-11-07 02:00:00+00:00,424.12157815203
2024-11-07 03:00:00+00:00,416.27861450059
2024-11-07 04:00:00+00:00,416.02612793276
2024-11-07 05:00:00+00:00,429.74108604001
2024-11-07 06:00:00+00:00,409.9526963875
2024-11-07 07:00:00+00:00,416.38396111754
2024-11-07 08:00:00+00:00,433.77218800105
2024-11-07 09:00:00+00:00,407.10449789983
2024-11-07 10:00:00+00:00,416.06624715651
2024-11-07 11:00:00+00:00,434.20551603265
2024-11-07 12:00:00+00:00,407.91765628389
2024-11-07 13:00:00+00:00,416.70829415875
2024-11-07 14:00:00+00:00,430.35790933299
2024-11-07 15:00:00+00:00,410.98020514317
2024-11-07 16:00:00+00:00,419.43970073722
2024-11-07 17:00:00+00:00,423.48522253234
2024-11-07 18:00:00+00:00,414.22224920584
2024-11-07 19:00:00+00:00,424.41937121257
2024-11-07 20:00:00+00:00,415.58014002848
2024-11-07 21:00:00+00:00,416.11564827565
2024-11-07 22:00:00+00:00,429.96699188363
2024-11-07 23:00:00+00:00,409.49592949519
2024-11-08 00:00:00+00:00,416.38096066805
2024-11-08 01:00:00+00:00,433.77002492597
2024-11-08 02:00:00+00:00,406.96286774098
2024-11-08 03:00:00+00:00,416.0616746211
2024-11-08 04:00:00+00:00,433.89100223803
2024-11-08 05:00:00+00:00,408.03472304348
2024-11-08 06:00:00+00:00,416.79986757219
2024-11-08 07:00:00+00:00,429.76737897692
2024-11-08 08:00:00+00:00,411.23980770232
2024-11-08 09:00:00+00:00,419.74701043216
2024-11-08 10:00:00+00:00,422.57219431627
2024-11-08 11:00:00+00:00,414.51030346008
2024-11-08 12:00:00+00:00,424.7222345797
2024-11-08 13:00:00+00:00,414.75358143333
2024-11-08 14:00:00+00:00,416.33995057947
2024-11-08 15:00:00+00:00,431.0359932313
2024-11-08 16:00:00+00:00,407.81862464152
2024-11-08 17:00:00+00:00,417.95894813734
2024-11-08 18:00:00+00:00,434.11337167336
2024-11-08 19:00:00+00:00,405.91478919424
2024-11-08 20:00:00+00:00,418.00412145011
2024-11-08 21:00:00+00:00,433.41643886693
2024-11-08 22:00:00+00:00,407.76101088587
2024-11-08 23:00:00+00:00,418.9838573146
2024-11-09 00:00:00+00:00,428.57112823446
2024-11-09 01:00:00+00:00,411.731701048
2024-11-09 02:00:00+00:00,421.98271183618
2024-11-09 03:00:00+00:00,420.94036768442
2024-11-09 04:00:00+00:00,415.65910512389
2024-11-09 05:00:00+00:00,426.74173717375
2024-11-09 06:00:00+00:00,413.10201092758
2024-11-09 07:00:00+00:00,418.01158182247
2024-11-09 08:00:00+00:00,431.6142089688
2024-11-09 09:00:00+00:00,407.70656089114
2024-11-09 10:00:00+00:00,418.62767850024
2024-11-09 11:00:00+00:00,434.33881137795
2024-11-09 12:00:00+00:00,406.26288135962
2024-11-09 13:00:00+00:00,418.64702281924
2024-11-09 14:00:00+00:00,433.20567331457
2024-11-09 15:00:00+00:00,409.22654717122
2024-11-09 16:00:00+00:00,417.75482272493
2024-11-09 17:00:00+00:00,427.9947395137
2024-11-09 18:00:00+00:00,412.88952251971
2024-11-09 19:00:00+00:00,420.6400640065
2024-11-09 20:00:00+00:00,420.6896388759
2024-11-09 21:00:00+00:00,416.20039967867
2024-11-09 22:00:00+00:00,425.39705760686
2024-11-09 23:00:00+00:00,413.31187327992
2024-11-10 00:00:00+00:00,417.78849500129
2024-11-10 01:00:00+00:00,430.30160659557
2024-11-10 02:00:00+00:00,408.37951926877
2024-11-10 03:00:00+00:00,417.68058200727
2024-11-10 04:00:00+00:00,433.08024790574
2024-11-10 05:00:00+00:00,407.22060179801
2024-11-10 06:00:00+00:00,417.15391961524
2024-11-10 07:00:00+00:00,432.07248118866
2024-11-10 08:00:00+00:00,409.42449436911
2024-11-10 09:00:00+00:00,417.88182295346
2024-11-10 10:00:00+00:00,427.12204960696
2024-11-10 11:00:00+00:00,413.21095893091
2024-11-10 12:00:00+00:00,420.83630491059
2024-11-10 13:00:00+00:00,419.75572272748
2024-11-10 14:00:00+00:00,416.48272061587
2024-11-10 15:00:00+00:00,425.62715861287
2024-11-10 16:00:00+00:00,412.67048384594
2024-11-10 17:00:00+00:00,417.91506343148
2024-11-10 18:00:00+00:00,430.40176662423
2024-11-10 19:00:00+00:00,408.05611762297
2024-11-10 20:00:00+00:00,417.71053088341
2024-11-10 21:00:00+00:00,432.91592992099
2024-11-10 22:00:00+00:00,407.24448961762
2024-11-10 23:00:00+00:00,417.18609833881
2024-11-11 00:00:00+00:00,431.60157159106
2024-11-11 01:00:00+00:00,409.69512562121
2024-11-11 02:00:00+00:00,418.00358425816
2024-11-11 03:00:00+00:00,426.428420776
2024-11-11 04:00:00+00:00,413.5599460414
2024-11-11 05:00:00+00:00,421.05693856688
2024-11-11 06:00:00+00:00,419.02364606554
2024-11-11 07:00:00+00:00,416.76181962157
2024-11-11 08:00:00+00:00,425.80082986443
2024-11-11 09:00:00+00:00,411.98729030554
2024-11-11 10:00:00+00:00,418.10010270307
2024-11-11 11:00:00+00:00,430.39985252638
2024-11-11 12:00:00+00:00,407.70552033201
2024-11-11 13:00:00+00:00,417.80220060175
2024-11-11 14:00:00+00:00,432.6249262787
2024-11-11 15:00:00+00:00,407.27170728158
2024-11-11 16:00:00+00:00,417.313540139
2024-11-11 17:00:00+00:00,431.01114107029
2024-11-11 18:00:00+00:00,409.99011460099
2024-11-11 19:00:00+00:00,418.18350030316
2024-11-11 20:00:00+00:00,425.63073693497
2024-11-11 21:00:00+00:00,413.95677814805
2024-11-11 22:00:00+00:00,421.28111775364
2024-11-11 23:00:00+00:00,418.21443042756
2024-11-12 00:00:00+00:00,417.11359784225
2024-11-12 01:00:00+00:00,425.97755230249
2024-11-12 02:00:00+00:00,411.37809050713
2024-11-12 03:00:00+00:00,418.34004459014
2024-11-12 04:00:00+00:00,430.39603371064
2024-11-12 05:00:00+00:00,407.43673459392
2024-11-12 06:00:00+00:00,417.95430357984
2024-11-12 07:00:00+00:00,432.338415835
2024-11-12 08:00:00+00:00,407.33519802341
2024-11-12 09:00:00+00:00,417.40271901287
2024-11-12 10:00:00+00:00,430.42633956489
2024-11-12 11:00:00+00:00,410.28870208625
2024-11-12 12:00:00+00:00,418.31677093234
2024-11-12 13:00:00+00:00,424.86582101364
2024-11-12 14:00:00+00:00,414.32894467582
2024-11-12 15:00:00+00:00,421.40836950093
2024-11-12 16:00:00+00:00,417.49503316755
2024-11-12 17:00:00+00:00,417.38753690556
2024-11-12 18:00:00+00:00,426.06603270546
2024-11-12 19:00:00+00:00,410.85900489222
2024-11-12 20:00:00+00:00,418.48066823659
2024-11-12 21:00:00+00:00,430.32596477525
2024-11-12 22:00:00+00:00,407.2322330606
2024-11-12 23:00:00+00:00,417.99533036695
2024-11-13 00:00:00+00:00,432.02157653584
2024-11-13 01:00:00+00:00,407.44005868542
2024-11-13 02:00:00+00:00,417.42310088153
2024-11-13 03:00:00+00:00,429.86280386156
2024-11-13 04:00:00+00:00,410.59100919115
2024-11-13 05:00:00+00:00,418.37695047976
2024-11-13 06:00:00+00:00,424.15978904287
2024-11-13 07:00:00+00:00,414.67217833724
2024-11-13 08:00:00+00:00,421.54205609797
2024-11-13 09:00:00+00:00,416.78257115911
2024-11-13 10:00:00+00:00,417.68035163085
2024-11-13 11:00:00+00:00,426.13967955509
2024-11-13 12:00:00+00:00,410.3541182192
2024-11-13 13:00:00+00:00,418.65401712004
2024-11-13 14:00:00+00:00,430.22767252713
2024-11-13 15:00:00+00:00,402.38284608186
2024-11-13 16:00:00+00:00,414.21314388304
2024-11-13 17:00:00+00:00,437.327550794
2024-11-13 18:00:00+00:00,406.09729528524
2024-11-13 19:00:00+00:00,420.42137481838
2024-11-13 20:00:00+00:00,439.38919725713
2024-11-13 21:00:00+00:00,412.86300996085
2024-11-13 22:00:00+00:00,428.48014221531
2024-11-13 23:00:00+00:00,436.48334040106
2024-11-14 00:00:00+00:00,420.99641671367
2024-11-14 01:00:00+00:00,438.86306569916
2024-11-14 02:00:00+00:00,430.80769183975
2024-11-14 03:00:00+00:00,428.4692661712
2024-11-14 04:00:00+00:00,450.04653341054
2024-11-14 05:00:00+00:00,426.00286727057
2024-11-14 06:00:00+00:00,434.39466814751
2024-11-14 07:00:00+00:00,458.78416605978
2024-11-14 08:00:00+00:00,425.3137984459
2024-11-14 09:00:00+00:00,439.81208095701
2024-11-14 10:00:00+00:00,461.80219653412
2024-11-14 11:00:00+00:00,429.66356306306
2024-11-14 12:00:00+00:00,446.91822307921
2024-11-14 13:00:00+00:00,458.04338833917
2024-11-14 14:00:00+00:00,437.163084593
2024-11-14 15:00:00+00:00,422.87808577097
2024-11-14 16:00:00+00:00,423.69706502005
2024-11-14 17:00:00+00:00,425.1490759406
2024-11-14 18:00:00+00:00,425.42459203581
2024-11-14 19:00:00+00:00,417.66278761411
2024-11-14 20:00:00+00:00,427.05906950623
2024-11-14 21:00:00+00:00,429.18518706595
2024-11-14 22:00:00+00:00,413.89697513371
2024-11-14 23:00:00+00:00,426.24546642767
2024-11-15 00:00:00+00:00,431.93056419593
2024-11-15 01:00:00+00:00,413.92532390663
2024-11-15 02:00:00+00:00,424.00137536074
2024-11-15 03:00:00+00:00,431.70542168135
2024-11-15 04:00:00+00:00,417.37377657298
2024-11-15 05:00:00+00:00,422.41597001277
2024-11-15 06:00:00+00:00,427.98361985255
2024-11-15 07:00:00+00:00,422.23566738078
2024-11-15 08:00:00+00:00,423.06998459355
2024-11-15 09:00:00+00:00,422.059256754
2024-11-15 10:00:00+00:00,426.03463222149
2024-11-15 11:00:00+00:00,426.02740444049
2024-11-15 12:00:00+00:00,416.45471958586
2024-11-15 13:00:00+00:00,427.18073755212
2024-11-15 14:00:00+00:00,429.73851804922
2024-11-15 15:00:00+00:00,413.98071107948
2024-11-15 16:00:00+00:00,425.43618040719
2024-11-15 17:00:00+00:00,431.86639428988
2024-11-15 18:00:00+00:00,414.94640589246
2024-11-15 19:00:00+00:00,422.98457223643
2024-11-15 20:00:00+00:00,430.97305333677
2024-11-15 21:00:00+00:00,418.87628713259
2024-11-15 22:00:00+00:00,421.73045358197
2024-11-15 23:00:00+00:00,426.74646719193
2024-11-16 00:00:00+00:00,423.53944028895
2024-11-16 01:00:00+00:00,422.9679719537
2024-11-16 02:00:00+00:00,420.83224055983
2024-11-16 03:00:00+00:00,426.58760135002
2024-11-16 04:00:00+00:00,426.34495301228
2024-11-16 05:00:00+00:00,415.83542797988
2024-11-16 06:00:00+00:00,426.82794998381
2024-11-16 07:00:00+00:00,430.02008476764
2024-11-16 08:00:00+00:00,413.95948871538
2024-11-16 09:00:00+00:00,424.79814517778
2024-11-16 10:00:00+00:00,431.71357356571
2024-11-16 11:00:00+00:00,415.82626457319
2024-11-16 12:00:00+00:00,422.36302320414
2024-11-16 13:00:00+00:00,430.02428871888
2024-11-16 14:00:00+00:00,420.17414426894
2024-11-16 15:00:00+00:00,421.46542225642
2024-11-16 16:00:00+00:00,425.29027383641
2024-11-16 17:00:00+00:00,424.6648088678
2024-11-16 18:00:00+00:00,423.24447438612
2024-11-16 19:00:00+00:00,419.47521705933
2024-11-16 20:00:00+00:00,427.00383646812
2024-11-16 21:00:00+00:00,426.87658930208
2024-11-16 22:00:00+00:00,415.17439370527
2024-11-16 23:00:00+00:00,426.48079897148
2024-11-17 00:00:00+00:00,430.30417401236
2024-11-17 01:00:00+00:00,414.27863840201
2024-11-17 02:00:00+00:00,424.03494227131
2024-11-17 03:00:00+00:00,431.34151828457
2024-11-17 04:00:00+00:00,416.93720956029
2024-11-17 05:00:00+00:00,421.70845840844
2024-11-17 06:00:00+00:00,428.93897145795
2024-11-17 07:00:00+00:00,421.51882860687
2024-11-17 08:00:00+00:00,421.40101933012
2024-11-17 09:00:00+00:00,423.83280111446
2024-11-17 10:00:00+00:00,425.5690198828
2024-11-17 11:00:00+00:00,423.69955084963
2024-11-17 12:00:00+00:00,418.23349276439
2024-11-17 13:00:00+00:00,427.17831782316
2024-11-17 14:00:00+00:00,427.48228086361
2024-11-17 15:00:00+00:00,414.94312874511
2024-11-17 16:00:00+00:00,425.80808617273
2024-11-17 17:00:00+00:00,430.54917346858
2024-11-17 18:00:00+00:00,414.95629647448
2024-11-17 19:00:00+00:00,423.05849836892
2024-11-17 20:00:00+00:00,430.96351914841
2024-11-17 21:00:00+00:00,418.21511872101
2024-11-17 22:00:00+00:00,420.97662021174
2024-11-17 23:00:00+00:00,427.95789227985
2024-11-18 00:00:00+00:00,422.79290492703
2024-11-18 01:00:00+00:00,421.25406483701
2024-11-18 02:00:00+00:00,422.65176639391
2024-11-18 03:00:00+00:00,426.26050237245
2024-11-18 04:00:00+00:00,424.08216802538
2024-11-18 05:00:00+00:00,417.4322466876
2024-11-18 06:00:00+00:00,427.02903754813
2024-11-18 07:00:00+00:00,427.99463012508
2024-11-18 08:00:00+00:00,414.70800897845
2024-11-18 09:00:00+00:00,425.17010706497
2024-11-18 10:00:00+00:00,430.69616219851
2024-11-18 11:00:00+00:00,415.61011980936
2024-11-18 12:00:00+00:00,422.29624531005
2024-11-18 13:00:00+00:00,430.37679445213
2024-11-18 14:00:00+00:00,419.39185914378
2024-11-18 15:00:00+00:00,420.66108404887
2024-11-18 16:00:00+00:00,426.74409936775
2024-11-18 17:00:00+00:00,423.80508199316
2024-11-18 18:00:00+00:00,421.53757563161
2024-11-18 19:00:00+00:00,421.26962775981
2024-11-18 20:00:00+00:00,426.71749007409
2024-11-18 21:00:00+00:00,424.77031895001
2024-11-18 22:00:00+00:00,416.48466474623
2024-11-18 23:00:00+00:00,426.77740372064
2024-11-19 00:00:00+00:00,428.60617554754
2024-11-19 01:00:00+00:00,414.59465383599
2024-11-19 02:00:00+00:00,424.46058968221
2024-11-19 03:00:00+00:00,430.74650160001
2024-11-19 04:00:00+00:00,416.30956068088
2024-11-19 05:00:00+00:00,421.62064607911
2024-11-19 06:00:00+00:00,429.66304783828
2024-11-19 07:00:00+00:00,420.47973207652
2024-11-19 08:00:00+00:00,420.37418769865
2024-11-19 09:00:00+00:00,425.49163237259
2024-11-19 10:00:00+00:00,424.78287297892
2024-11-19 11:00:00+00:00,421.82583219086
2024-11-19 12:00:00+00:00,420.02894490484
2024-11-19 13:00:00+00:00,427.03732568878
2024-11-19 14:00:00+00:00,425.37728573678
2024-11-19 15:00:00+00:00,415.32896486468
2024-11-19 16:00:00+00:00,426.35283008209
2024-11-19 17:00:00+00:00,428.38133393679
2024-11-19 18:00:00+00:00,414.98382231403
2024-11-19 19:00:00+00:00,424.02857845707
2024-11-19 20:00:00+00:00,430.42911761379
2024-11-19 21:00:00+00:00,418.08175175093
2024-11-19 22:00:00+00:00,421.6450800995
2024-11-19 23:00:00+00:00,429.18794844628
2024-11-20 00:00:00+00:00,423.1162706569
2024-11-20 01:00:00+00:00,421.24406392752
2024-11-20 02:00:00+00:00,425.16968667509
2024-11-20 03:00:00+00:00,427.63800100834
2024-11-20 04:00:00+00:00,423.6322967523
2024-11-20 05:00:00+00:00,420.45615599679
2024-11-20 06:00:00+00:00,429.62839451372
2024-11-20 07:00:00+00:00,427.83789502168
2024-11-20 08:00:00+00:00,417.62419682397
2024-11-20 09:00:00+00:00,428.61167814045
2024-11-20 10:00:00+00:00,431.63497741379
2024-11-20 11:00:00+00:00,418.31498562979
2024-11-20 12:00:00+00:00,425.89178728112
2024-11-20 13:00:00+00:00,432.84190400528
2024-11-20 14:00:00+00:00,422.27695362198
2024-11-20 15:00:00+00:00,420.56010717615
2024-11-20 16:00:00+00:00,428.27600607767
2024-11-20 17:00:00+00:00,424.49375108579
2024-11-20 18:00:00+00:00,420.25715385483
2024-11-20 19:00:00+00:00,423.65379663048
2024-11-20 20:00:00+00:00,427.7445613865
2024-11-20 21:00:00+00:00,422.77443998832
2024-11-20 22:00:00+00:00,418.940993729
2024-11-20 23:00:00+00:00,428.15623035967
2024-11-21 00:00:00+00:00,426.741000782
2024-11-21 01:00:00+00:00,416.5116088028
2024-11-21 02:00:00+00:00,425.78247344364
2024-11-21 03:00:00+00:00,429.84171883165
2024-11-21 04:00:00+00:00,417.52121259852
2024-11-21 05:00:00+00:00,422.28280528531
2024-11-21 06:00:00+00:00,430.15087329803
2024-11-21 07:00:00+00:00,421.26185619314
2024-11-21 08:00:00+00:00,419.94832515526
2024-11-21 09:00:00+00:00,427.2360501814
2024-11-21 10:00:00+00:00,425.58954798698
2024-11-21 11:00:00+00:00,420.35568580407
2024-11-21 12:00:00+00:00,422.43599162731
2024-11-21 13:00:00+00:00,428.15692051108
2024-11-21 14:00:00+00:00,423.42195703197
2024-11-21 15:00:00+00:00,418.23822007146
2024-11-21 16:00:00+00:00,427.60490638797
2024-11-21 17:00:00+00:00,427.35532571181
2024-11-21 18:00:00+00:00,416.64307278019
2024-11-21 19:00:00+00:00,424.63610469645
2024-11-21 20:00:00+00:00,430.00925729962
2024-11-21 21:00:00+00:00,418.4320234452
2024-11-21 22:00:00+00:00,421.12555558126
2024-11-21 23:00:00+00:00,429.61897062807
2024-11-22 00:00:00+00:00,422.47068164891
2024-11-22 01:00:00+00:00,419.32024681956
2024-11-22 02:00:00+00:00,426.18031666031
2024-11-22 03:00:00+00:00,426.45133891427
2024-11-22 04:00:00+00:00,420.45165304191
2024-11-22 05:00:00+00:00,421.36917582024
2024-11-22 06:00:00+00:00,428.21096357157
2024-11-22 07:00:00+00:00,423.995951058
2024-11-22 08:00:00+00:00,417.6475381126
2024-11-22 09:00:00+00:00,426.92514680558
2024-11-22 10:00:00+00:00,427.96606157904
2024-11-22 11:00:00+00:00,416.90439667734
2024-11-22 12:00:00+00:00,423.53382506329
2024-11-22 13:00:00+00:00,430.05433810936
2024-11-22 14:00:00+00:00,419.39301557263
2024-11-22 15:00:00+00:00,420.25649870533
2024-11-22 16:00:00+00:00,428.93273352967
2024-11-22 17:00:00+00:00,423.50871179275
2024-11-22 18:00:00+00:00,419.08746245819
2024-11-22 19:00:00+00:00,425.0085580259
2024-11-22 20:00:00+00:00,427.07826067662
2024-11-22 21:00:00+00:00,420.91067337624
2024-11-22 22:00:00+00:00,420.27211850143
2024-11-22 23:00:00+00:00,428.07132255816
2024-11-23 00:00:00+00:00,424.78700281212
2024-11-23 01:00:00+00:00,417.16315444693
2024-11-23 02:00:00+00:00,426.09130159535
2024-11-23 03:00:00+00:00,428.53094084939
2024-11-23 04:00:00+00:00,417.2422705505
2024-11-23 05:00:00+00:00,422.45503036346
2024-11-23 06:00:00+00:00,429.96179963545
2024-11-23 07:00:00+00:00,420.31265182062
2024-11-23 08:00:00+00:00,419.43186161357
2024-11-23 09:00:00+00:00,428.13584566148
2024-11-23 10:00:00+00:00,424.55131490626
2024-11-23 11:00:00+00:00,418.93474184972
2024-11-23 12:00:00+00:00,423.8863737996
2024-11-23 13:00:00+00:00,427.56642895318
2024-11-23 14:00:00+00:00,421.39578067596
2024-11-23 15:00:00+00:00,419.41878982404
2024-11-23 16:00:00+00:00,427.78982004808
2024-11-23 17:00:00+00:00,425.34927225227
2024-11-23 18:00:00+00:00,417.05068525525
2024-11-23 19:00:00+00:00,425.12357631514
2024-11-23 20:00:00+00:00,428.79684473989
2024-11-23 21:00:00+00:00,417.9435347292
2024-11-23 22:00:00+00:00,421.30088065794
2024-11-23 23:00:00+00:00,429.60280873967
2024-11-24 00:00:00+00:00,421.46628140365
2024-11-24 01:00:00+00:00,418.64406774175
2024-11-24 02:00:00+00:00,427.20747227142
2024-11-24 03:00:00+00:00,425.55495254096
2024-11-24 04:00:00+00:00,418.81036083236
2024-11-24 05:00:00+00:00,422.80665425692
2024-11-24 06:00:00+00:00,427.90025950551
2024-11-24 07:00:00+00:00,421.81965286439
2024-11-24 08:00:00+00:00,418.71191816054
2024-11-24 09:00:00+00:00,427.23894749662
2024-11-24 10:00:00+00:00,426.03126231498
2024-11-24 11:00:00+00:00,417.07619932519
2024-11-24 12:00:00+00:00,424.03774997403
2024-11-24 13:00:00+00:00,429.08328760133
2024-11-24 14:00:00+00:00,418.68129927465
2024-11-24 15:00:00+00:00,420.09765444175
2024-11-24 16:00:00+00:00,429.33295844324
2024-11-24 17:00:00+00:00,422.40422309385
2024-11-24 18:00:00+00:00,417.9918024209
2024-11-24 19:00:00+00:00,426.40833724262
2024-11-24 20:00:00+00:00,426.16712479747
2024-11-24 21:00:00+00:00,418.91232230488
2024-11-24 22:00:00+00:00,421.91055882823
2024-11-24 23:00:00+00:00,427.77713710919
2024-11-25 00:00:00+00:00,422.46061999014
2024-11-25 01:00:00+00:00,418.22252399592
2024-11-25 02:00:00+00:00,426.35104087487
2024-11-25 03:00:00+00:00,426.71801430386
2024-11-25 04:00:00+00:00,417.27019875816
2024-11-25 05:00:00+00:00,422.75163281619
2024-11-25 06:00:00+00:00,429.33553584753
2024-11-25 07:00:00+00:00,419.4367898185
2024-11-25 08:00:00+00:00,419.10213789359
2024-11-25 09:00:00+00:00,429.9147197014
2024-11-25 10:00:00+00:00,423.15066907951
2024-11-25 11:00:00+00:00,418.25842008615
2024-11-25 12:00:00+00:00,426.38562729738
2024-11-25 13:00:00+00:00,426.51749523755
2024-11-25 14:00:00+00:00,420.17257415348
2024-11-25 15:00:00+00:00,421.69365257234
2024-11-25 16:00:00+00:00,427.47802239401
2024-11-25 17:00:00+00:00,424.36096690678
2024-11-25 18:00:00+00:00,418.28613481496
2024-11-25 19:00:00+00:00,425.53182105001
2024-11-25 20:00:00+00:00,428.64081233791
2024-11-25 21:00:00+00:00,417.86416316701
2024-11-25 22:00:00+00:00,421.90348312485
2024-11-25 23:00:00+00:00,430.7145160497
2024-11-26 00:00:00+00:00,420.43024279666
2024-11-26 01:00:00+00:00,418.84886102977
2024-11-26 02:00:00+00:00,429.44628706107
2024-11-26 03:00:00+00:00,424.31723528072
2024-11-26 04:00:00+00:00,418.35799633731
2024-11-26 05:00:00+00:00,425.48865790704
2024-11-26 06:00:00+00:00,427.17932739869
2024-11-26 07:00:00+00:00,420.97769933041
2024-11-26 08:00:00+00:00,420.93494349033
2024-11-26 09:00:00+00:00,427.41145445701
2024-11-26 10:00:00+00:00,424.82644745564
2024-11-26 11:00:00+00:00,417.97480006141
2024-11-26 12:00:00+00:00,424.70713972295
2024-11-26 13:00:00+00:00,428.75488266341
2024-11-26 14:00:00+00:00,418.4132781117
2024-11-26 15:00:00+00:00,420.78290117895
2024-11-26 16:00:00+00:00,430.14134496
2024-11-26 17:00:00+00:00,421.50544969001
2024-11-26 18:00:00+00:00,417.97599982567
2024-11-26 19:00:00+00:00,428.23702872617
2024-11-26 20:00:00+00:00,425.30954630297
2024-11-26 21:00:00+00:00,418.04255345853
2024-11-26 22:00:00+00:00,424.07050876587
2024-11-26 23:00:00+00:00,427.5332926667
2024-11-27 00:00:00+00:00,421.12604720427
2024-11-27 01:00:00+00:00,419.88411611813
2024-11-27 02:00:00+00:00,426.84039687283
2024-11-27 03:00:00+00:00,425.65221296305
2024-11-27 04:00:00+00:00,417.89125974961
2024-11-27 05:00:00+00:00,423.59805104879
2024-11-27 06:00:00+00:00,429.21583890127
2024-11-27 07:00:00+00:00,419.03042355404
2024-11-27 08:00:00+00:00,419.67623389306
2024-11-27 09:00:00+00:00,429.90904219066
2024-11-27 10:00:00+00:00,422.4943640645
2024-11-27 11:00:00+00:00,417.38049953197
2024-11-27 12:00:00+00:00,427.42409802784
2024-11-27 13:00:00+00:00,426.04832360483
2024-11-27 14:00:00+00:00,418.19741853117
2024-11-27 15:00:00+00:00,423.11012132442
2024-11-27 16:00:00+00:00,427.57669147339
2024-11-27 17:00:00+00:00,421.83563111765
2024-11-27 18:00:00+00:00,419.31007953135
2024-11-27 19:00:00+00:00,426.11434827426
2024-11-27 20:00:00+00:00,426.42100706804
2024-11-27 21:00:00+00:00,418.02833715013
2024-11-27 22:00:00+00:00,422.43811778489
2024-11-27 23:00:00+00:00,429.53991053239
2024-11-28 00:00:00+00:00,419.79901942548
2024-11-28 01:00:00+00:00,418.64497648531
2024-11-28 02:00:00+00:00,429.57391706661
2024-11-28 03:00:00+00:00,423.39943415046
2024-11-28 04:00:00+00:00,416.9797152747
2024-11-28 05:00:00+00:00,426.57223919308
2024-11-28 06:00:00+00:00,426.58275953365
2024-11-28 07:00:00+00:00,418.54542119573
2024-11-28 08:00:00+00:00,422.2114744963
2024-11-28 09:00:00+00:00,427.35473419428
2024-11-28 10:00:00+00:00,422.78177921617
2024-11-28 11:00:00+00:00,418.71085699191
2024-11-28 12:00:00+00:00,425.25638090005
2024-11-28 13:00:00+00:00,427.26232456053
2024-11-28 14:00:00+00:00,418.11149210153
2024-11-28 15:00:00+00:00,421.34614595908
2024-11-28 16:00:00+00:00,429.79869535423
2024-11-28 17:00:00+00:00,420.42354443317
2024-11-28 18:00:00+00:00,417.86835015483
2024-11-28 19:00:00+00:00,429.09810087453
2024-11-28 20:00:00+00:00,424.10747970217
2024-11-28 21:00:00+00:00,416.90735700599
2024-11-28 22:00:00+00:00,425.60936737972
2024-11-28 23:00:00+00:00,426.86860153714
2024-11-29 00:00:00+00:00,419.18333544439
2024-11-29 01:00:00+00:00,421.26534647553
2024-11-29 02:00:00+00:00,426.97973138618
2024-11-29 03:00:00+00:00,423.6146268531
2024-11-29 04:00:00+00:00,418.41201675036
2024-11-29 05:00:00+00:00,424.25948291281
2024-11-29 06:00:00+00:00,427.91653244801
2024-11-29 07:00:00+00:00,418.49277542024
2024-11-29 08:00:00+00:00,420.18725106641
2024-11-29 09:00:00+00:00,429.93903167339
2024-11-29 10:00:00+00:00,421.24692265945
2024-11-29 11:00:00+00:00,417.07736185361
2024-11-29 12:00:00+00:00,428.60085502404
2024-11-29 13:00:00+00:00,424.83897904687
2024-11-29 14:00:00+00:00,416.85836979336
2024-11-29 15:00:00+00:00,424.77973559447
2024-11-29 16:00:00+00:00,427.03006378832
2024-11-29 17:00:00+00:00,419.81625312822
2024-11-29 18:00:00+00:00,420.59967308831
2024-11-29 19:00:00+00:00,426.38982298305
2024-11-29 20:00:00+00:00,424.51323417665
2024-11-29 21:00:00+00:00,418.30773365371
2024-11-29 22:00:00+00:00,423.13840336794
2024-11-29 23:00:00+00:00,428.55158762777
2024-11-30 00:00:00+00:00,419.01085137458
2024-11-30 01:00:00+00:00,419.04513990726
2024-11-30 02:00:00+00:00,429.89472353679
2024-11-30 03:00:00+00:00,422.06069902814
2024-11-30 04:00:00+00:00,416.45937321348
2024-11-30 05:00:00+00:00,427.95977303454
2024-11-30 06:00:00+00:00,425.45905461849
2024-11-30 07:00:00+00:00,416.98219302569
2024-11-30 08:00:00+00:00,423.90807472929
2024-11-30 09:00:00+00:00,427.13302261519
2024-11-30 10:00:00+00:00,420.38868433785
2024-11-30 11:00:00+00:00,420.12864306334
2024-11-30 12:00:00+00:00,425.71543483856
2024-11-30 13:00:00+00:00,425.24133826346
2024-11-30 14:00:00+00:00,418.47844142913
2024-11-30 15:00:00+00:00,421.9741287008
2024-11-30 16:00:00+00:00,428.95221577134
2024-11-30 17:00:00+00:00,419.77812570926
2024-11-30 18:00:00+00:00,417.92407544252
2024-11-30 19:00:00+00:00,429.71152908423
2024-11-30 20:00:00+00:00,423.02521375937
2024-11-30 21:00:00+00:00,415.8753859146
2024-11-30 22:00:00+00:00,427.30128653284
2024-11-30 23:00:00+00:00,426.08458693035
2024-12-01 00:00:00+00:00,417.12497394181
2024-12-01 01:00:00+00:00,423.1801307574
2024-12-01 02:00:00+00:00,426.93867973126
2024-12-01 03:00:00+00:00,421.19431164549
2024-12-01 04:00:00+00:00,419.66195644454
2024-12-01 05:00:00+00:00,424.8486405563
2024-12-01 06:00:00+00:00,426.07725369382
2024-12-01 07:00:00+00:00,418.61739913559
2024-12-01 08:00:00+00:00,420.79574390254
2024-12-01 09:00:00+00:00,429.29638492505
2024-12-01 10:00:00+00:00,420.49240995232
2024-12-01 11:00:00+00:00,416.99199763239
2024-12-01 12:00:00+00:00,429.42401235414
2024-12-01 13:00:00+00:00,423.84006254577
2024-12-01 14:00:00+00:00,415.57139630703
2024-12-01 15:00:00+00:00,426.56209474508
2024-12-01 16:00:00+00:00,426.49734981613
2024-12-01 17:00:00+00:00,417.53424233864
2024-12-01 18:00:00+00:00,422.43060175491
2024-12-01 19:00:00+00:00,426.65088943915
2024-12-01 20:00:00+00:00,422.02136333942
2024-12-01 21:00:00+00:00,419.34945749296
2024-12-01 22:00:00+00:00,423.93283530457
2024-12-01 23:00:00+00:00,426.82245200699
2024-12-02 00:00:00+00:00,418.93203645516
2024-12-02 01:00:00+00:00,419.66262285146
2024-12-02 02:00:00+00:00,429.5889015827
2024-12-02 03:00:00+00:00,421.17587319924
2024-12-02 04:00:00+00:00,416.15378867492
2024-12-02 05:00:00+00:00,429.08969479169
2024-12-02 06:00:00+00:00,424.49349534919
2024-12-02 07:00:00+00:00,415.43722153384
2024-12-02 08:00:00+00:00,425.83523390999
2024-12-02 09:00:00+00:00,426.61222179073
2024-12-02 10:00:00+00:00,418.14054774594
2024-12-02 11:00:00+00:00,421.78390742044
2024-12-02 12:00:00+00:00,426.06862582352
2024-12-02 13:00:00+00:00,422.98225730516
2024-12-02 14:00:00+00:00,419.1401841003
2024-12-02 15:00:00+00:00,422.82557497221
2024-12-02 16:00:00+00:00,427.61903681819
2024-12-02 17:00:00+00:00,419.27501788671
2024-12-02 18:00:00+00:00,418.4982921454
2024-12-02 19:00:00+00:00,429.83360070093
2024-12-02 20:00:00+00:00,421.82981799693
2024-12-02 21:00:00+00:00,415.45390771777
2024-12-02 22:00:00+00:00,428.72351405022
2024-12-02 23:00:00+00:00,425.00040801855
2024-12-03 00:00:00+00:00,415.49713553212
2024-12-03 01:00:00+00:00,425.14059829693
2024-12-03 02:00:00+00:00,426.6121240257
2024-12-03 03:00:00+00:00,418.83013274721
2024-12-03 04:00:00+00:00,421.18792909662
2024-12-03 05:00:00+00:00,425.38772459654
2024-12-03 06:00:00+00:00,423.90761354841
2024-12-03 07:00:00+00:00,419.03736773942
2024-12-03 08:00:00+00:00,421.70136504083
2024-12-03 09:00:00+00:00,428.22806951632
2024-12-03 10:00:00+00:00,419.74553541481
2024-12-03 11:00:00+00:00,417.47436795763
2024-12-03 12:00:00+00:00,429.84942351301
2024-12-03 13:00:00+00:00,422.56096351232
2024-12-03 14:00:00+00:00,414.93838953677
2024-12-03 15:00:00+00:00,428.17798009143
2024-12-03 16:00:00+00:00,425.51701420921
2024-12-03 17:00:00+00:00,415.70667631516
2024-12-03 18:00:00+00:00,424.37960493023
2024-12-03 19:00:00+00:00,426.53835320441
2024-12-03 20:00:00+00:00,419.60085050656
2024-12-03 21:00:00+00:00,420.66923470556
2024-12-03 22:00:00+00:00,424.66060248283
2024-12-03 23:00:00+00:00,424.79373447301
2024-12-04 00:00:00+00:00,419.063884669
2024-12-04 01:00:00+00:00,420.61446954322
2024-12-04 02:00:00+00:00,428.80319639478
2024-12-04 03:00:00+00:00,420.24532423166
2024-12-04 04:00:00+00:00,416.47482360114
2024-12-04 05:00:00+00:00,429.81942911444
2024-12-04 06:00:00+00:00,423.19631155439
2024-12-04 07:00:00+00:00,414.54380694335
2024-12-04 08:00:00+00:00,427.63209467162
2024-12-04 09:00:00+00:00,425.82894079713
2024-12-04 10:00:00+00:00,416.05835928894
2024-12-04 11:00:00+00:00,423.68803642073
2024-12-04 22:00:00+00:00,429.73884507645
2024-12-04 23:00:00+00:00,423.8117893045
2024-12-05 00:00:00+00:00,414.21216259501
2024-12-05 01:00:00+00:00,427.12210759675
2024-12-05 02:00:00+00:00,426.006338105
2024-12-05 03:00:00+00:00,416.46946204476
2024-12-05 04:00:00+00:00,423.13213981623
2024-12-05 05:00:00+00:00,425.7169065721
2024-12-05 06:00:00+00:00,421.33103449175
2024-12-05 07:00:00+00:00,420.04993010742
2024-12-05 08:00:00+00:00,422.66050282966
2024-12-05 09:00:00+00:00,426.5012855835
2024-12-05 10:00:00+00:00,419.49860677951
2024-12-05 11:00:00+00:00,418.17605979794
2024-12-05 12:00:00+00:00,429.67253117964
2024-12-05 13:00:00+00:00,421.41869814722
2024-12-05 14:00:00+00:00,414.65382426521
2024-12-05 15:00:00+00:00,429.52677728031
2024-12-05 16:00:00+00:00,424.30965289061
2024-12-05 17:00:00+00:00,414.09056809885
2024-12-05 18:00:00+00:00,426.5258253275
2024-12-05 19:00:00+00:00,426.02764347193
2024-12-05 20:00:00+00:00,417.04177406248
2024-12-05 21:00:00+00:00,422.55545683355
2024-12-05 22:00:00+00:00,425.08727398448
2024-12-05 23:00:00+00:00,422.25119963421
2024-12-06 00:00:00+00:00,419.8545797549
2024-12-06 01:00:00+00:00,421.5513875333
2024-12-06 02:00:00+00:00,427.3160580295
2024-12-06 03:00:00+00:00,419.75438129102
2024-12-06 04:00:00+00:00,417.06537750872
2024-12-06 05:00:00+00:00,429.96701805194
2024-12-06 06:00:00+00:00,421.94225785968
2024-12-06 07:00:00+00:00,414.00601068348
2024-12-06 08:00:00+00:00,429.23559234435
2024-12-06 09:00:00+00:00,424.6350852249
2024-12-06 10:00:00+00:00,414.21952051043
2024-12-06 11:00:00+00:00,425.88546283776
2024-12-06 12:00:00+00:00,425.8551600075
2024-12-06 13:00:00+00:00,417.82042108198
2024-12-06 14:00:00+00:00,421.9733935503
2024-12-06 15:00:00+00:00,424.31872375071
2024-12-06 16:00:00+00:00,423.27608848846
2024-12-06 17:00:00+00:00,419.66061603827
2024-12-06 18:00:00+00:00,420.4231821021
2024-12-06 19:00:00+00:00,428.09585055648
2024-12-06 20:00:00+00:00,420.00157436078
2024-12-06 21:00:00+00:00,416.04042133888
2024-12-06 22:00:00+00:00,430.17676081172
2024-12-06 23:00:00+00:00,422.37827957599
2024-12-07 00:00:00+00:00,413.53552944201
2024-12-07 01:00:00+00:00,428.8691964936
2024-12-07 02:00:00+00:00,424.90984982083
2024-12-07 03:00:00+00:00,414.45803296515
2024-12-07 04:00:00+00:00,425.24956867258
2024-12-07 05:00:00+00:00,425.58853192627
2024-12-07 06:00:00+00:00,418.64118264148
2024-12-07 07:00:00+00:00,421.47997056561
2024-12-07 08:00:00+00:00,423.47406089137
2024-12-07 09:00:00+00:00,424.36840174552
2024-12-07 10:00:00+00:00,419.54489882939
2024-12-07 11:00:00+00:00,419.24070919587
2024-12-07 12:00:00+00:00,428.87602139447
2024-12-07 13:00:00+00:00,420.26244270998
2024-12-07 14:00:00+00:00,415.08413699555
2024-12-07 15:00:00+00:00,430.36303002812
2024-12-07 16:00:00+00:00,422.73145123423
2024-12-07 17:00:00+00:00,413.22352083205
2024-12-07 18:00:00+00:00,428.50437246503
2024-12-07 19:00:00+00:00,424.96701571108
2024-12-07 20:00:00+00:00,414.91915839517
2024-12-07 21:00:00+00:00,424.6486236375
2024-12-07 22:00:00+00:00,425.09502861579
2024-12-07 23:00:00+00:00,419.64405807234
2024-12-08 00:00:00+00:00,421.0343018122
2024-12-08 01:00:00+00:00,422.47364252162
2024-12-08 02:00:00+00:00,425.32880075249
2024-12-08 03:00:00+00:00,419.53436910438
2024-12-08 04:00:00+00:00,418.12570857796
2024-12-08 05:00:00+00:00,429.45313930676
2024-12-08 06:00:00+00:00,420.6168397536
2024-12-08 07:00:00+00:00,414.24817659634
2024-12-08 08:00:00+00:00,430.34858515313
2024-12-08 09:00:00+00:00,423.40886120561
2024-12-08 10:00:00+00:00,412.85773503734
2024-12-08 11:00:00+00:00,427.95174857666
2024-12-08 12:00:00+00:00,425.27052357649
2024-12-08 13:00:00+00:00,415.19749727837
2024-12-08 14:00:00+00:00,424.0721287783
2024-12-08 15:00:00+00:00,424.7696616959
2024-12-08 16:00:00+00:00,420.32649722584
2024-12-08 17:00:00+00:00,420.80442857717
2024-12-08 18:00:00+00:00,421.58219407228
2024-12-08 19:00:00+00:00,425.99065029017
2024-12-08 20:00:00+00:00,419.81108544971
2024-12-08 21:00:00+00:00,417.02471316815
2024-12-08 22:00:00+00:00,429.72409572384
2024-12-08 23:00:00+00:00,421.24743645021
2024-12-09 00:00:00+00:00,413.40668883003
2024-12-09 01:00:00+00:00,430.1085659022
2024-12-09 02:00:00+00:00,423.72614772712
2024-12-09 03:00:00+00:00,412.78851957403
2024-12-09 04:00:00+00:00,427.44197361145
2024-12-09 05:00:00+00:00,425.18213289207
2024-12-09 06:00:00+00:00,415.81548558808
2024-12-09 07:00:00+00:00,423.4975845263
2024-12-09 08:00:00+00:00,424.11708576918
2024-12-09 09:00:00+00:00,421.52625163842
2024-12-09 10:00:00+00:00,420.42309132508
2024-12-09 11:00:00+00:00,420.42460362393
2024-12-09 12:00:00+00:00,427.09048928895
2024-12-09 13:00:00+00:00,419.76737419616
2024-12-09 14:00:00+00:00,415.93907676549
2024-12-09 15:00:00+00:00,430.3212641953
2024-12-09 16:00:00+00:00,421.40104823494
2024-12-09 17:00:00+00:00,412.84909456906
2024-12-09 18:00:00+00:00,430.07767633515
2024-12-09 19:00:00+00:00,423.75458675973
2024-12-09 20:00:00+00:00,413.01497467501
2024-12-09 21:00:00+00:00,426.96418692899
2024-12-09 22:00:00+00:00,424.7896593202
2024-12-09 23:00:00+00:00,416.73945704008
2024-12-10 00:00:00+00:00,422.93107526756
2024-12-10 01:00:00+00:00,423.23110917178
2024-12-10 02:00:00+00:00,422.54148800771
2024-12-10 03:00:00+00:00,420.17247394532
2024-12-10 04:00:00+00:00,419.36286337438
2024-12-10 05:00:00+00:00,427.9156167091
2024-12-10 06:00:00+00:00,419.90692282923
2024-12-10 07:00:00+00:00,414.96068410428
2024-12-10 08:00:00+00:00,430.62731611134
2024-12-10 09:00:00+00:00,421.83240362891
2024-12-10 10:00:00+00:00,412.28719922737
2024-12-10 11:00:00+00:00,429.78535393868
2024-12-10 12:00:00+00:00,424.00644518777
2024-12-10 13:00:00+00:00,413.13414675141
2024-12-10 14:00:00+00:00,426.39793660594
2024-12-10 15:00:00+00:00,424.55480986918
2024-12-10 16:00:00+00:00,417.42700745546
2024-12-10 17:00:00+00:00,422.45668968511
2024-12-10 18:00:00+00:00,422.45106972484
2024-12-10 19:00:00+00:00,423.42325551335
2024-12-10 20:00:00+00:00,420.06034789258
2024-12-10 21:00:00+00:00,418.27791978108
2024-12-10 22:00:00+00:00,428.55967102344
2024-12-10 23:00:00+00:00,420.17141680282
2024-12-11 00:00:00+00:00,413.9990028714
2024-12-11 01:00:00+00:00,430.76562335821
2024-12-11 02:00:00+00:00,422.12035014145
2024-12-11 03:00:00+00:00,411.93856953441
2024-12-11 04:00:00+00:00,429.4732402797
2024-12-11 05:00:00+00:00,424.06771215263
2024-12-11 06:00:00+00:00,413.49534182473
2024-12-11 07:00:00+00:00,425.82220009575
2024-12-11 08:00:00+00:00,424.13856801088
2024-12-11 09:00:00+00:00,418.31570594165
2024-12-11 10:00:00+00:00,421.97808020141
2024-12-11 11:00:00+00:00,421.56526782312
2024-12-11 12:00:00+00:00,424.42520671527
2024-12-11 13:00:00+00:00,419.92002035197
2024-12-11 14:00:00+00:00,417.20955514439
2024-12-11 15:00:00+00:00,429.26902446836
2024-12-11 16:00:00+00:00,420.47691756395
2024-12-11 17:00:00+00:00,413.00586929857
2024-12-11 18:00:00+00:00,430.9828500676
2024-12-11 19:00:00+00:00,422.43272008112
2024-12-11 20:00:00+00:00,411.55664975852
2024-12-11 21:00:00+00:00,429.24106826363
2024-12-11 22:00:00+00:00,424.03942343665
2024-12-11 23:00:00+00:00,413.83776684503
2024-12-12 00:00:00+00:00,425.41191240721
2024-12-12 01:00:00+00:00,423.5613577363
2024-12-12 02:00:00+00:00,419.17179598915
2024-12-12 03:00:00+00:00,421.71347236395
2024-12-12 04:00:00+00:00,420.50786865044
2024-12-12 05:00:00+00:00,425.37894802046
2024-12-12 06:00:00+00:00,419.97678697547
2024-12-12 07:00:00+00:00,416.00936758911
2024-12-12 08:00:00+00:00,429.891935467
2024-12-12 09:00:00+00:00,420.87036562132
2024-12-12 10:00:00+00:00,412.08505097923
2024-12-12 11:00:00+00:00,431.11989276556
2024-12-12 12:00:00+00:00,422.76988541233
2024-12-12 13:00:00+00:00,411.2673658607
2024-12-12 14:00:00+00:00,428.98932238582
2024-12-12 15:00:00+00:00,423.980155924
2024-12-12 16:00:00+00:00,414.2453732047
2024-12-12 17:00:00+00:00,425.05909329995
2024-12-12 18:00:00+00:00,422.93416659414
2024-12-12 19:00:00+00:00,420.0316803497
2024-12-12 20:00:00+00:00,421.56258785283
2024-12-12 21:00:00+00:00,419.42616088534
2024-12-12 22:00:00+00:00,426.274816893
2024-12-12 23:00:00+00:00,420.15652381935
2024-12-13 00:00:00+00:00,414.83853065689
2024-12-13 01:00:00+00:00,430.4540298546
2024-12-13 02:00:00+00:00,421.02847693762
2024-12-13 03:00:00+00:00,411.47679802077
2024-12-13 04:00:00+00:00,431.12300860917
2024-12-13 05:00:00+00:00,422.87146814994
2024-12-13 06:00:00+00:00,411.33610664085
2024-12-13 07:00:00+00:00,428.55786544149
2024-12-13 08:00:00+00:00,423.7325639615
2024-12-13 09:00:00+00:00,414.98147006462
2024-12-13 10:00:00+00:00,424.5298155159
2024-12-13 11:00:00+00:00,422.2439610926
2024-12-13 12:00:00+00:00,421.10576899001
2024-12-13 13:00:00+00:00,421.22959073841
2024-12-13 14:00:00+00:00,418.42592325421
2024-12-13 15:00:00+00:00,427.2424882628
2024-12-13 16:00:00+00:00,420.14282242447
2024-12-13 17:00:00+00:00,413.89971628763
2024-12-13 18:00:00+00:00,430.96168460663
2024-12-13 19:00:00+00:00,421.20425943856
2024-12-13 20:00:00+00:00,411.00482687397
2024-12-13 21:00:00+00:00,431.06706828899
2024-12-13 22:00:00+00:00,422.94281095707
2024-12-13 23:00:00+00:00,411.55715244362
2024-12-14 00:00:00+00:00,428.10845840198
2024-12-14 01:00:00+00:00,423.42884235517
2024-12-14 02:00:00+00:00,415.79871916501
2024-12-14 03:00:00+00:00,423.99384776055
2024-12-14 04:00:00+00:00,421.47461202751
2024-12-14 05:00:00+00:00,422.18461723362
2024-12-14 06:00:00+00:00,420.91086305636
2024-12-14 07:00:00+00:00,417.4116446192
2024-12-14 08:00:00+00:00,428.14369157097
2024-12-14 09:00:00+00:00,420.09871795081
2024-12-14 10:00:00+00:00,413.01784099758
2024-12-14 11:00:00+00:00,431.4561800502
2024-12-14 12:00:00+00:00,421.28792155802
2024-12-14 13:00:00+00:00,410.6730820628
2024-12-14 14:00:00+00:00,430.98956625235
2024-12-14 15:00:00+00:00,422.86931033295
2024-12-14 16:00:00+00:00,411.95017027255
2024-12-14 17:00:00+00:00,427.65330414266
2024-12-14 18:00:00+00:00,422.96796931655
2024-12-14 19:00:00+00:00,416.77968470656
2024-12-14 20:00:00+00:00,423.48692234478
2024-12-14 21:00:00+00:00,420.61068372905
2024-12-14 22:00:00+00:00,423.36860252407
2024-12-14 23:00:00+00:00,420.61579637513
2024-12-15 00:00:00+00:00,416.38646260207
2024-12-15 01:00:00+00:00,429.0872021153
2024-12-15 02:00:00+00:00,420.09508167856
2024-12-15 03:00:00+00:00,412.23556739456
2024-12-15 04:00:00+00:00,431.77678101955
2024-12-15 05:00:00+00:00,421.38879832062
2024-12-15 06:00:00+00:00,410.45258279017
2024-12-15 07:00:00+00:00,430.76971534643
2024-12-15 08:00:00+00:00,422.78560618052
2024-12-15 09:00:00+00:00,412.34835226769
2024-12-15 10:00:00+00:00,427.00714479214
2024-12-15 11:00:00+00:00,422.71449384485
2024-12-15 12:00:00+00:00,417.6123797782
2024-12-15 13:00:00+00:00,422.93579703119
2024-12-15 14:00:00+00:00,419.95648545519
2024-12-15 15:00:00+00:00,424.26191091567
2024-12-15 16:00:00+00:00,420.40229525739
2024-12-15 17:00:00+00:00,415.56554427542
2024-12-15 18:00:00+00:00,429.65357483175
2024-12-15 19:00:00+00:00,420.22575500481
2024-12-15 20:00:00+00:00,411.61785623289
2024-12-15 21:00:00+00:00,431.80561842429
2024-12-15 22:00:00+00:00,421.64189854678
2024-12-15 23:00:00+00:00,410.34743668763
2024-12-16 00:00:00+00:00,430.31885482947
2024-12-16 01:00:00+00:00,422.8519919534
2024-12-16 02:00:00+00:00,412.89744641723
2024-12-16 03:00:00+00:00,426.47033268333
2024-12-16 04:00:00+00:00,422.16407762389
2024-12-16 05:00:00+00:00,418.613428299
2024-12-16 06:00:00+00:00,422.45755764288
2024-12-16 07:00:00+00:00,419.06242778628
2024-12-16 08:00:00+00:00,425.30910028316
2024-12-16 09:00:00+00:00,420.15019762718
2024-12-16 10:00:00+00:00,414.5355135259
2024-12-16 11:00:00+00:00,430.51251889476
2024-12-16 12:00:00+00:00,420.16053861487
2024-12-16 13:00:00+00:00,410.97382144364
2024-12-16 14:00:00+00:00,432.10350931461
2024-12-16 15:00:00+00:00,421.55695158193
2024-12-16 16:00:00+00:00,410.38167379337
2024-12-16 17:00:00+00:00,430.09999408319
2024-12-16 18:00:00+00:00,422.49677079364
2024-12-16 19:00:00+00:00,413.63434728841
2024-12-16 20:00:00+00:00,425.9873294349
2024-12-16 21:00:00+00:00,421.41933443623
2024-12-16 22:00:00+00:00,419.78595301237
2024-12-16 23:00:00+00:00,422.01044532446
2024-12-17 00:00:00+00:00,418.04468559861
2024-12-17 01:00:00+00:00,426.48568710484
2024-12-17 02:00:00+00:00,419.94626070886
2024-12-17 03:00:00+00:00,413.65301135543
2024-12-17 04:00:00+00:00,431.14062683349
2024-12-17 05:00:00+00:00,420.17002984077
2024-12-17 06:00:00+00:00,410.48091686218
2024-12-17 07:00:00+00:00,432.17028901427
2024-12-17 08:00:00+00:00,421.54948615585
2024-12-17 09:00:00+00:00,410.48658805587
2024-12-17 10:00:00+00:00,429.67318093787
2024-12-17 11:00:00+00:00,422.26326800337
2024-12-17 12:00:00+00:00,414.33239636922
2024-12-17 13:00:00+00:00,425.40500278261
2024-12-17 14:00:00+00:00,420.80278109242
2024-12-17 15:00:00+00:00,420.79443389893
2024-12-17 16:00:00+00:00,421.56898182576
2024-12-17 17:00:00+00:00,417.16772574549
2024-12-17 18:00:00+00:00,427.3976197879
2024-12-17 19:00:00+00:00,419.7860632491
2024-12-17 20:00:00+00:00,412.8323759091
2024-12-17 21:00:00+00:00,431.6214795617
2024-12-17 22:00:00+00:00,420.20614945822
2024-12-17 23:00:00+00:00,410.07258459473
2024-12-18 00:00:00+00:00,432.10654156458
2024-12-18 01:00:00+00:00,421.53878574028
2024-12-18 02:00:00+00:00,410.73420065155
2024-12-18 03:00:00+00:00,429.23618966364
2024-12-18 04:00:00+00:00,421.92146177274
2024-12-18 05:00:00+00:00,415.15527693541
2024-12-18 06:00:00+00:00,424.83388234465
2024-12-18 07:00:00+00:00,420.10313024946
2024-12-18 08:00:00+00:00,421.87700349944
2024-12-18 09:00:00+00:00,421.34011796114
2024-12-18 10:00:00+00:00,416.24492998294
2024-12-18 11:00:00+00:00,428.16992804258
2024-12-18 12:00:00+00:00,419.84507785019
2024-12-18 13:00:00+00:00,411.96331375901
2024-12-18 14:00:00+00:00,431.99980624173
2024-12-18 15:00:00+00:00,420.4153577847
2024-12-18 16:00:00+00:00,409.61378842397
2024-12-18 17:00:00+00:00,432.02007383711
2024-12-18 18:00:00+00:00,421.62636417074
2024-12-18 19:00:00+00:00,410.877786923
2024-12-18 20:00:00+00:00,428.8458769103
2024-12-18 21:00:00+00:00,421.64877838692
2024-12-18 22:00:00+00:00,415.82579598795
2024-12-18 23:00:00+00:00,424.42413216043
2024-12-19 00:00:00+00:00,419.41590019806
2024-12-19 01:00:00+00:00,422.77061294571
2024-12-19 02:00:00+00:00,420.9516564244
2024-12-19 03:00:00+00:00,415.35225052812
2024-12-19 04:00:00+00:00,429.06905146377
2024-12-19 05:00:00+00:00,419.69803213241
2024-12-19 06:00:00+00:00,411.26516008811
2024-12-19 07:00:00+00:00,432.40990146315
2024-12-19 08:00:00+00:00,420.38444999657
2024-12-19 09:00:00+00:00,409.40951901745
2024-12-19 10:00:00+00:00,431.87048306618
2024-12-19 11:00:00+00:00,421.5381022727
2024-12-19 12:00:00+00:00,411.28671687853
2024-12-19 13:00:00+00:00,428.34924323662
2024-12-19 14:00:00+00:00,421.22992864349
2024-12-19 15:00:00+00:00,416.70788886351
2024-12-19 16:00:00+00:00,423.87709966758
2024-12-19 17:00:00+00:00,418.65797218698
2024-12-19 18:00:00+00:00,423.77733138958
2024-12-19 19:00:00+00:00,420.59058168291
2024-12-19 20:00:00+00:00,414.46713024054
2024-12-19 21:00:00+00:00,429.81315449514
2024-12-19 22:00:00+00:00,419.57092655836
2024-12-19 23:00:00+00:00,410.59279575805
2024-12-20 00:00:00+00:00,432.64530674354
2024-12-20 01:00:00+00:00,420.33969625495
2024-12-20 02:00:00+00:00,409.2657539076
2024-12-20 03:00:00+00:00,431.61133693296
2024-12-20 04:00:00+00:00,421.27040420802
2024-12-20 05:00:00+00:00,411.7659642392
2024-12-20 06:00:00+00:00,427.77272798434
2024-12-20 07:00:00+00:00,420.65711582916
2024-12-20 08:00:00+00:00,417.62677541214
2024-12-20 09:00:00+00:00,423.44465708939
2024-12-20 10:00:00+00:00,417.7949579897
2024-12-20 11:00:00+00:00,424.93374191137
2024-12-20 12:00:00+00:00,420.33027600983
2024-12-20 13:00:00+00:00,413.56788095859
2024-12-20 14:00:00+00:00,430.71365614488
2024-12-20 15:00:00+00:00,419.50284360866
2024-12-20 16:00:00+00:00,410.01406939136
2024-12-20 17:00:00+00:00,433.05336933851
2024-12-20 18:00:00+00:00,420.30294001902
2024-12-20 19:00:00+00:00,409.29335690955
2024-12-20 20:00:00+00:00,431.52879337665
2024-12-20 21:00:00+00:00,421.03924985172
2024-12-20 22:00:00+00:00,412.46044375166
2024-12-20 23:00:00+00:00,427.40593004035
2024-12-21 00:00:00+00:00,420.09899566213
2024-12-21 01:00:00+00:00,418.77968652381
2024-12-21 02:00:00+00:00,422.90103198339
2024-12-21 03:00:00+00:00,416.996936326
2024-12-21 04:00:00+00:00,425.99892069782
2024-12-21 05:00:00+00:00,419.98363477129
2024-12-21 06:00:00+00:00,412.78251978628
2024-12-21 07:00:00+00:00,431.43025166014
2024-12-21 08:00:00+00:00,419.35724783626
2024-12-21 09:00:00+00:00,409.5590800019
2024-12-21 10:00:00+00:00,433.19670937989
2024-12-21 11:00:00+00:00,420.19164877072
2024-12-21 12:00:00+00:00,409.4101102823
2024-12-21 13:00:00+00:00,431.18486582823
2024-12-21 14:00:00+00:00,420.74340873448
2024-12-21 15:00:00+00:00,413.15405625987
2024-12-21 16:00:00+00:00,426.81373613406
2024-12-21 17:00:00+00:00,419.5062306794
2024-12-21 18:00:00+00:00,419.80650441899
2024-12-21 19:00:00+00:00,422.3440016506
2024-12-21 20:00:00+00:00,416.19326259965
2024-12-21 21:00:00+00:00,426.97846180583
2024-12-21 22:00:00+00:00,419.63426659262
2024-12-21 23:00:00+00:00,412.03298234547
2024-12-22 00:00:00+00:00,432.02199125556
2024-12-22 01:00:00+00:00,419.19448923995
2024-12-22 02:00:00+00:00,409.1970293256
2024-12-22 03:00:00+00:00,433.2800734843
2024-12-22 04:00:00+00:00,420.0361222481
2024-12-22 05:00:00+00:00,409.63372376612
2024-12-22 06:00:00+00:00,430.80445724695
2024-12-22 07:00:00+00:00,420.39398751841
2024-12-22 08:00:00+00:00,413.9305102394
2024-12-22 09:00:00+00:00,426.13181038286
2024-12-22 10:00:00+00:00,422.49265380644
2024-12-22 11:00:00+00:00,423.90954112542
2024-12-22 12:00:00+00:00,421.9111351282
2024-12-22 13:00:00+00:00,419.3571672713
2024-12-22 14:00:00+00:00,430.13479113511
2024-12-22 15:00:00+00:00,420.0217192303
2024-12-22 16:00:00+00:00,415.46662507083
2024-12-22 17:00:00+00:00,433.75590988559
2024-12-22 18:00:00+00:00,420.60651321811
2024-12-22 19:00:00+00:00,413.10271336694
2024-12-22 20:00:00+00:00,433.48568696079
2024-12-22 21:00:00+00:00,422.27251925529
2024-12-22 22:00:00+00:00,414.07973784239
2024-12-22 23:00:00+00:00,429.87456214836
2024-12-23 00:00:00+00:00,423.03851773655
2024-12-23 01:00:00+00:00,418.63509194791
2024-12-23 02:00:00+00:00,424.94330065869
2024-12-23 03:00:00+00:00,421.59767522272
2024-12-23 04:00:00+00:00,425.17863790731
2024-12-23 05:00:00+00:00,421.06394098871
2024-12-23 06:00:00+00:00,418.16502556587
2024-12-23 07:00:00+00:00,431.06522276219
2024-12-23 08:00:00+00:00,419.6803506868
2024-12-23 09:00:00+00:00,414.65671993846
2024-12-23 10:00:00+00:00,434.20060923322
2024-12-23 11:00:00+00:00,420.72814134237
2024-12-23 12:00:00+00:00,412.99933182063
2024-12-23 13:00:00+00:00,433.10020985943
2024-12-23 14:00:00+00:00,422.36198865906
2024-12-23 15:00:00+00:00,414.88591825093
2024-12-23 16:00:00+00:00,428.96962790943
2024-12-23 17:00:00+00:00,422.75512094445
2024-12-23 18:00:00+00:00,420.14107026583
2024-12-23 19:00:00+00:00,424.02228321576
2024-12-23 20:00:00+00:00,420.87608160442
2024-12-23 21:00:00+00:00,426.84799985858
2024-12-23 22:00:00+00:00,420.54543699293
2024-12-23 23:00:00+00:00,417.28613144704
2024-12-24 00:00:00+00:00,432.29605034178
2024-12-24 01:00:00+00:00,419.67811565838
2024-12-24 02:00:00+00:00,413.90496821454
2024-12-24 03:00:00+00:00,434.34632545852
2024-12-24 04:00:00+00:00,420.87426995379
2024-12-24 05:00:00+00:00,412.95997084994
2024-12-24 06:00:00+00:00,432.46771642024
2024-12-24 07:00:00+00:00,422.36346535023
2024-12-24 08:00:00+00:00,415.67888395834
2024-12-24 09:00:00+00:00,427.95446554526
2024-12-24 10:00:00+00:00,422.3461538201
2024-12-24 11:00:00+00:00,421.44206158998
2024-12-24 12:00:00+00:00,423.11349170807
2024-12-24 13:00:00+00:00,420.00782209803
2024-12-24 14:00:00+00:00,428.15457049331
2024-12-24 15:00:00+00:00,420.08900676285
2024-12-24 16:00:00+00:00,416.28906886265
2024-12-24 17:00:00+00:00,433.06771021197
2024-12-24 18:00:00+00:00,419.69125036077
2024-12-24 19:00:00+00:00,413.27241019591
2024-12-24 20:00:00+00:00,434.30942183591
2024-12-24 21:00:00+00:00,421.06403012815
2024-12-24 22:00:00+00:00,413.0733803496
2024-12-24 23:00:00+00:00,431.73136303125
2024-12-25 00:00:00+00:00,422.32882208852
2024-12-25 01:00:00+00:00,416.57946503053
2024-12-25 02:00:00+00:00,426.90359734232
2024-12-25 03:00:00+00:00,421.8007272631
2024-12-25 04:00:00+00:00,422.57013463612
2024-12-25 05:00:00+00:00,422.54162175995
2024-12-25 06:00:00+00:00,418.95684458042
2024-12-25 07:00:00+00:00,429.25197835074
2024-12-25 08:00:00+00:00,419.98717525396
2024-12-25 09:00:00+00:00,415.12662921463
2024-12-25 10:00:00+00:00,433.65572620555
2024-12-25 11:00:00+00:00,419.96692514626
2024-12-25 12:00:00+00:00,412.51293232932
2024-12-25 13:00:00+00:00,434.19428851887
2024-12-25 14:00:00+00:00,421.35663915041
2024-12-25 15:00:00+00:00,413.07442919242
2024-12-25 16:00:00+00:00,431.07892079134
2024-12-25 17:00:00+00:00,422.23624154553
2024-12-25 18:00:00+00:00,417.34055793428
2024-12-25 19:00:00+00:00,426.12417419593
2024-12-25 20:00:00+00:00,421.13346705821
2024-12-25 21:00:00+00:00,423.98576065971
2024-12-25 22:00:00+00:00,421.74105299467
2024-12-25 23:00:00+00:00,417.98057610218
2024-12-26 00:00:00+00:00,430.43656157249
2024-12-26 01:00:00+00:00,419.64227847248
2024-12-26 02:00:00+00:00,414.25343526796
2024-12-26 03:00:00+00:00,434.21840581079
2024-12-26 04:00:00+00:00,419.93626265502
2024-12-26 05:00:00+00:00,412.36632577388
2024-12-26 06:00:00+00:00,433.86363398435
2024-12-26 07:00:00+00:00,421.34457684485
2024-12-26 08:00:00+00:00,413.70220224277
2024-12-26 09:00:00+00:00,430.095220369
2024-12-26 10:00:00+00:00,421.91352745255
2024-12-26 11:00:00+00:00,418.59422137175
2024-12-26 12:00:00+00:00,424.95281408685
2024-12-26 13:00:00+00:00,420.38895557671
2024-12-26 14:00:00+00:00,425.39077797117
2024-12-26 15:00:00+00:00,420.81713607042
2024-12-26 16:00:00+00:00,417.01478220364
2024-12-26 17:00:00+00:00,431.42154291644
2024-12-26 18:00:00+00:00,419.14608227307
2024-12-26 19:00:00+00:00,413.48465693819
2024-12-26 20:00:00+00:00,434.32715289258
2024-12-26 21:00:00+00:00,419.76644260331
2024-12-26 22:00:00+00:00,412.03344232431
2024-12-26 23:00:00+00:00,433.19753515586
2024-12-27 00:00:00+00:00,421.12944315542
2024-12-27 01:00:00+00:00,414.14400422792
2024-12-27 02:00:00+00:00,428.94924349214
2024-12-27 03:00:00+00:00,421.55974044463
2024-12-27 04:00:00+00:00,419.67642117318
2024-12-27 05:00:00+00:00,424.20251802847
2024-12-27 06:00:00+00:00,419.57854249718
2024-12-27 07:00:00+00:00,426.6753348025
2024-12-27 08:00:00+00:00,420.45097346627
2024-12-27 09:00:00+00:00,416.00986582477
2024-12-27 10:00:00+00:00,432.39108375445
2024-12-27 11:00:00+00:00,419.23189079
2024-12-27 12:00:00+00:00,412.74574137717
2024-12-27 13:00:00+00:00,434.65514825051
2024-12-27 14:00:00+00:00,420.07459907158
2024-12-27 15:00:00+00:00,411.97873133692
2024-12-27 16:00:00+00:00,432.89067014762
2024-12-27 17:00:00+00:00,421.28719963998
2024-12-27 18:00:00+00:00,414.91547228803
2024-12-27 19:00:00+00:00,428.31759885328
2024-12-27 20:00:00+00:00,421.08558515542
2024-12-27 21:00:00+00:00,420.97558473669
2024-12-27 22:00:00+00:00,423.25328515552
2024-12-27 23:00:00+00:00,418.7426436547
2024-12-28 00:00:00+00:00,427.97247796027
2024-12-28 01:00:00+00:00,419.86768166781
2024-12-28 02:00:00+00:00,415.10934304525
2024-12-28 03:00:00+00:00,433.22219487709
2024-12-28 04:00:00+00:00,419.07471108076
2024-12-28 05:00:00+00:00,412.11862930934
2024-12-28 06:00:00+00:00,434.73747714463
2024-12-28 07:00:00+00:00,420.05496305124
2024-12-28 08:00:00+00:00,412.07640768288
2024-12-28 09:00:00+00:00,432.2951364819
2024-12-28 10:00:00+00:00,421.06940957193
2024-12-28 11:00:00+00:00,415.77477520711
2024-12-28 12:00:00+00:00,427.39278201891
2024-12-28 13:00:00+00:00,420.46480520277
2024-12-28 14:00:00+00:00,422.28185745248
2024-12-28 15:00:00+00:00,422.42279860015
2024-12-28 16:00:00+00:00,417.79371185366
2024-12-28 17:00:00+00:00,429.20771535067
2024-12-28 18:00:00+00:00,419.39888925182
2024-12-28 19:00:00+00:00,414.17412833264
2024-12-28 20:00:00+00:00,433.87272406601
2024-12-28 21:00:00+00:00,418.92974664447
2024-12-28 22:00:00+00:00,411.73389889448
2024-12-28 23:00:00+00:00,434.61123217053
2024-12-29 00:00:00+00:00,420.02525124174
2024-12-29 01:00:00+00:00,412.41553157779
2024-12-29 02:00:00+00:00,431.53166495638
2024-12-29 03:00:00+00:00,420.836022984
2024-12-29 04:00:00+00:00,416.79520026329
2024-12-29 05:00:00+00:00,426.37733682069
2024-12-29 06:00:00+00:00,419.86523772928
2024-12-29 07:00:00+00:00,423.61660398897
2024-12-29 08:00:00+00:00,421.57288172437
2024-12-29 09:00:00+00:00,416.90335621668
2024-12-29 10:00:00+00:00,430.35087892763
2024-12-29 11:00:00+00:00,418.96107202805
2024-12-29 12:00:00+00:00,413.38355985404
2024-12-29 13:00:00+00:00,434.39889442585
2024-12-29 14:00:00+00:00,418.81458902066
2024-12-29 15:00:00+00:00,411.45178454743
2024-12-29 16:00:00+00:00,434.37924232421
2024-12-29 17:00:00+00:00,419.95546254929
2024-12-29 18:00:00+00:00,412.86805247293
2024-12-29 19:00:00+00:00,430.72784248452
2024-12-29 20:00:00+00:00,420.51627509234
2024-12-29 21:00:00+00:00,417.87944617319
2024-12-29 22:00:00+00:00,425.39671022089
2024-12-29 23:00:00+00:00,419.18446028921
2024-12-30 00:00:00+00:00,424.93094962494
2024-12-30 01:00:00+00:00,420.80153023912
2024-12-30 02:00:00+00:00,416.06662382037
2024-12-30 03:00:00+00:00,431.37230574982
2024-12-30 04:00:00+00:00,418.55952940357
2024-12-30 05:00:00+00:00,412.72396351133
2024-12-30 06:00:00+00:00,434.75237893958
2024-12-30 07:00:00+00:00,418.70962924218
2024-12-30 08:00:00+00:00,411.34363541458
2024-12-30 09:00:00+00:00,434.00045832811
2024-12-30 10:00:00+00:00,419.77562569021
2024-12-30 11:00:00+00:00,413.56286611613
2024-12-30 12:00:00+00:00,429.80304818744
2024-12-30 13:00:00+00:00,420.1035811271
2024-12-30 14:00:00+00:00,419.13026325479
2024-12-30 15:00:00+00:00,424.33653239478
2024-12-30 16:00:00+00:00,418.48047622321
2024-12-30 17:00:00+00:00,426.29405958319
2024-12-30 18:00:00+00:00,419.97507665668
2024-12-30 19:00:00+00:00,415.2737001036
2024-12-30 20:00:00+00:00,432.34380068502
2024-12-30 21:00:00+00:00,418.11204753241
2024-12-30 22:00:00+00:00,412.21170741124
2024-12-30 23:00:00+00:00,434.99917738873
2024-12-31 00:00:00+00:00,418.51868997105
2024-12-31 01:00:00+00:00,411.44496340234
2024-12-31 02:00:00+00:00,433.48766636577
2024-12-31 03:00:00+00:00,419.65252219156
2024-12-31 04:00:00+00:00,414.28149681724
2024-12-31 05:00:00+00:00,428.85132590508
2024-12-31 06:00:00+00:00,419.7108614695
2024-12-31 07:00:00+00:00,420.3191130138
2024-12-31 08:00:00+00:00,423.3539157932
2024-12-31 09:00:00+00:00,417.7520458118
2024-12-31 10:00:00+00:00,427.39161138169
2024-12-31 11:00:00+00:00,419.47236095165
2024-12-31 12:00:00+00:00,414.41515573629
2024-12-31 13:00:00+00:00,433.06126009956
2024-12-31 14:00:00+00:00,417.98100479371
2024-12-31 15:00:00+00:00,411.60770125033
2024-12-31 16:00:00+00:00,435.0748843521
2024-12-31 17:00:00+00:00,418.56548288697
2024-12-31 18:00:00+00:00,411.41993607378
2024-12-31 19:00:00+00:00,432.95703333595
2024-12-31 20:00:00+00:00,419.57048887591
2024-12-31 21:00:00+00:00,414.91009635682
2024-12-31 22:00:00+00:00,428.00595804256
2024-12-31 23:00:00+00:00,419.28218790317
2025-01-01 00:00:00+00:00,421.36790259452
2025-01-01 01:00:00+00:00,422.57470387718
2025-01-01 02:00:00+00:00,417.03677054255
2025-01-01 03:00:00+00:00,428.54370642592
2025-01-01 04:00:00+00:00,418.83976900749
2025-01-01 05:00:00+00:00,413.70049371266
2025-01-01 06:00:00+00:00,433.72047711914
2025-01-01 07:00:00+00:00,417.7053204927
2025-01-01 08:00:00+00:00,411.25512006144
2025-01-01 09:00:00+00:00,435.08882853043
2025-01-01 10:00:00+00:00,418.43506921718
2025-01-01 11:00:00+00:00,411.68608360983
2025-01-01 12:00:00+00:00,432.31389972958
2025-01-01 13:00:00+00:00,419.30081187335
2025-01-01 14:00:00+00:00,415.79284925191
2025-01-01 15:00:00+00:00,427.02359948415
2025-01-01 16:00:00+00:00,418.71119228143
2025-01-01 17:00:00+00:00,422.56567329129
2025-01-01 18:00:00+00:00,421.6361320329
2025-01-01 19:00:00+00:00,416.23275060667
2025-01-01 20:00:00+00:00,429.59411222138
2025-01-01 21:00:00+00:00,418.19379280087
2025-01-01 22:00:00+00:00,412.94630454616
2025-01-01 23:00:00+00:00,434.2172611398
2025-01-02 00:00:00+00:00,417.35509637289
2025-01-02 01:00:00+00:00,410.90019469299
2025-01-02 02:00:00+00:00,434.79578303784
2025-01-02 03:00:00+00:00,418.1984073774
2025-01-02 04:00:00+00:00,411.94829970881
2025-01-02 05:00:00+00:00,431.45018559727
2025-01-02 06:00:00+00:00,418.93509033671
2025-01-02 07:00:00+00:00,416.60739015196
2025-01-02 08:00:00+00:00,425.9256870281
2025-01-02 09:00:00+00:00,418.0181434892
2025-01-02 10:00:00+00:00,423.93239030058
2025-01-02 11:00:00+00:00,420.70976617824
2025-01-02 12:00:00+00:00,415.44251012822
2025-01-02 13:00:00+00:00,430.78190052571
2025-01-02 14:00:00+00:00,417.55048438014
2025-01-02 15:00:00+00:00,412.35901146251
2025-01-02 16:00:00+00:00,434.8372196355
2025-01-02 17:00:00+00:00,416.98525310281
2025-01-02 18:00:00+00:00,410.84482659638
2025-01-02 19:00:00+00:00,434.70251660332
2025-01-02 20:00:00+00:00,417.91450347422
2025-01-02 21:00:00+00:00,412.59255084647
2025-01-02 22:00:00+00:00,430.78212595247
2025-01-02 23:00:00+00:00,418.52608049389
2025-01-03 00:00:00+00:00,417.83862004405
2025-01-03 01:00:00+00:00,425.01323011754
2025-01-03 02:00:00+00:00,417.48116008582
2025-01-03 03:00:00+00:00,425.05883802176
2025-01-03 04:00:00+00:00,419.85382509998
2025-01-03 05:00:00+00:00,414.78524386084
2025-01-03 06:00:00+00:00,431.63162827177
2025-01-03 07:00:00+00:00,417.03590926052
2025-01-03 08:00:00+00:00,411.86716457559
2025-01-03 09:00:00+00:00,435.1419376487
2025-01-03 10:00:00+00:00,416.86676688221
2025-01-03 11:00:00+00:00,410.82626780958
2025-01-03 12:00:00+00:00,434.36145867421
2025-01-03 13:00:00+00:00,417.85428174137
2025-01-03 14:00:00+00:00,413.16482178586
2025-01-03 15:00:00+00:00,429.98798575648
2025-01-03 16:00:00+00:00,418.29522852043
2025-01-03 17:00:00+00:00,418.86991473798
2025-01-03 18:00:00+00:00,424.11279532306
2025-01-03 19:00:00+00:00,417.00697893528
2025-01-03 20:00:00+00:00,426.1940302912
2025-01-03 21:00:00+00:00,419.16794243952
2025-01-03 22:00:00+00:00,414.21277904353
2025-01-03 23:00:00+00:00,432.45541144913
2025-01-04 00:00:00+00:00,416.70270462143
2025-01-04 01:00:00+00:00,411.49198172039
2025-01-04 02:00:00+00:00,435.31997244342
2025-01-04 03:00:00+00:00,416.68234160895
2025-01-04 04:00:00+00:00,410.9165940653
2025-01-04 05:00:00+00:00,433.8944128787
2025-01-04 06:00:00+00:00,417.70343870536
2025-01-04 07:00:00+00:00,413.82422749647
2025-01-04 08:00:00+00:00,429.09726799674
2025-01-04 09:00:00+00:00,418.10309687663
2025-01-04 10:00:00+00:00,419.79525146936
2025-01-04 11:00:00+00:00,423.24405397803
2025-01-04 12:00:00+00:00,416.5614978492
2025-01-04 13:00:00+00:00,427.14836365182
2025-01-04 14:00:00+00:00,418.57529170898
2025-01-04 15:00:00+00:00,413.67269880173
2025-01-04 16:00:00+00:00,433.0588034772
2025-01-04 17:00:00+00:00,416.47907435627
2025-01-04 18:00:00+00:00,411.14736193156
2025-01-04 19:00:00+00:00,435.34253142693
2025-01-04 20:00:00+00:00,416.6986879662
2025-01-04 21:00:00+00:00,411.0239785849
2025-01-04 22:00:00+00:00,433.35638317174
2025-01-04 23:00:00+00:00,417.71159799991
2025-01-05 00:00:00+00:00,414.4482118543
2025-01-05 01:00:00+00:00,428.24653030013
2025-01-05 02:00:00+00:00,417.77441860138
2025-01-05 03:00:00+00:00,420.87623486379
2025-01-05 04:00:00+00:00,422.32898118063
2025-01-05 05:00:00+00:00,416.04570729708
2025-01-05 06:00:00+00:00,428.19178194097
2025-01-05 07:00:00+00:00,417.90772492114
2025-01-05 08:00:00+00:00,413.15630266374
2025-01-05 09:00:00+00:00,433.87114309237
2025-01-05 10:00:00+00:00,416.02112664185
2025-01-05 11:00:00+00:00,410.83142193991
2025-01-05 12:00:00+00:00,435.51981991042
2025-01-05 13:00:00+00:00,416.38190862333
2025-01-05 14:00:00+00:00,411.28751615212
2025-01-05 15:00:00+00:00,432.91526686429
2025-01-05 16:00:00+00:00,417.33926505935
2025-01-05 17:00:00+00:00,415.30149127799
2025-01-05 18:00:00+00:00,427.42433335651
2025-01-05 19:00:00+00:00,417.21729655368
2025-01-05 20:00:00+00:00,422.07421364378
2025-01-05 21:00:00+00:00,421.44932859852
2025-01-05 22:00:00+00:00,415.35068056901
2025-01-05 23:00:00+00:00,429.33294241032
2025-01-06 00:00:00+00:00,417.21487973214
2025-01-06 01:00:00+00:00,412.54820102162
2025-01-06 02:00:00+00:00,434.38777886394
2025-01-06 03:00:00+00:00,415.68813736846
2025-01-06 04:00:00+00:00,410.6888741558
2025-01-06 05:00:00+00:00,435.40613135588
2025-01-06 06:00:00+00:00,416.22799115844
2025-01-06 07:00:00+00:00,411.64931023362
2025-01-06 08:00:00+00:00,432.24940927462
2025-01-06 09:00:00+00:00,417.16886844442
2025-01-06 10:00:00+00:00,416.13954784433
2025-01-06 11:00:00+00:00,426.53123275441
2025-01-06 12:00:00+00:00,416.86345217848
2025-01-06 13:00:00+00:00,423.14809250448
2025-01-06 14:00:00+00:00,420.61238641936
2025-01-06 15:00:00+00:00,414.85614675256
2025-01-06 16:00:00+00:00,430.26340344451
2025-01-06 17:00:00+00:00,416.65649501914
2025-01-06 18:00:00+00:00,412.12601983431
2025-01-06 19:00:00+00:00,434.84264089506
2025-01-06 20:00:00+00:00,415.42985574689
2025-01-06 21:00:00+00:00,410.608376545
2025-01-06 22:00:00+00:00,435.24615895871
2025-01-06 23:00:00+00:00,416.1144561709
2025-01-07 00:00:00+00:00,412.07616216701
2025-01-07 01:00:00+00:00,431.57907336302
2025-01-07 02:00:00+00:00,416.9743637842
2025-01-07 03:00:00+00:00,417.02150384671
2025-01-07 04:00:00+00:00,425.58565475494
2025-01-07 05:00:00+00:00,416.50492782601
2025-01-07 06:00:00+00:00,424.1960189914
2025-01-07 07:00:00+00:00,419.75738913795
2025-01-07 08:00:00+00:00,414.39560272196
2025-01-07 09:00:00+00:00,431.10359939686
2025-01-07 10:00:00+00:00,416.09271912554
2025-01-07 11:00:00+00:00,411.77815948692
2025-01-07 12:00:00+00:00,435.17194875606
2025-01-07 13:00:00+00:00,415.15866986318
2025-01-07 14:00:00+00:00,410.62105262659
2025-01-07 15:00:00+00:00,434.95953052681
2025-01-07 16:00:00+00:00,416.11164105425
2025-01-07 17:00:00+00:00,412.5069182201
2025-01-07 18:00:00+00:00,430.8541449475
2025-01-07 19:00:00+00:00,416.88138414656
2025-01-07 20:00:00+00:00,417.84754404321
2025-01-07 21:00:00+00:00,424.71785719336
2025-01-07 22:00:00+00:00,416.21511396963
2025-01-07 23:00:00+00:00,425.14230859154
2025-01-08 00:00:00+00:00,419.04981721299
2025-01-08 01:00:00+00:00,413.98372652
2025-01-08 02:00:00+00:00,431.81685802663
2025-01-08 03:00:00+00:00,415.71011684439
2025-01-08 04:00:00+00:00,411.46624590531
2025-01-08 05:00:00+00:00,435.38455775312
2025-01-08 06:00:00+00:00,415.0633505249
2025-01-08 07:00:00+00:00,410.65296999747
2025-01-08 08:00:00+00:00,434.61262059622
2025-01-08 09:00:00+00:00,415.97969427966
2025-01-08 10:00:00+00:00,413.06941916267
2025-01-08 11:00:00+00:00,430.06636127679
2025-01-08 12:00:00+00:00,416.67183451085
2025-01-08 13:00:00+00:00,418.77451239195
2025-01-08 14:00:00+00:00,423.78832918408
2025-01-08 15:00:00+00:00,415.82499497774
2025-01-08 16:00:00+00:00,426.08299803457
2025-01-08 17:00:00+00:00,418.48689314557
2025-01-08 18:00:00+00:00,413.47944238068
2025-01-08 19:00:00+00:00,432.53190425136
2025-01-08 20:00:00+00:00,415.43630217537
2025-01-08 21:00:00+00:00,411.09196544028
2025-01-08 22:00:00+00:00,435.62353179992
2025-01-08 23:00:00+00:00,415.01217003038
2025-01-09 00:00:00+00:00,410.65643067331
2025-01-09 01:00:00+00:00,434.32891999738
2025-01-09 02:00:00+00:00,415.95681074962
2025-01-09 03:00:00+00:00,413.55555220248
2025-01-09 04:00:00+00:00,429.42546810894
2025-01-09 05:00:00+00:00,416.49041787246
2025-01-09 06:00:00+00:00,419.62879133591
2025-01-09 07:00:00+00:00,423.07525944573
2025-01-09 08:00:00+00:00,415.46270874019
2025-01-09 09:00:00+00:00,427.06162785349
2025-01-09 10:00:00+00:00,417.74313212155
2025-01-09 11:00:00+00:00,413.09466982223
2025-01-09 12:00:00+00:00,433.18214558927
2025-01-09 13:00:00+00:00,414.99373746108
2025-01-09 14:00:00+00:00,410.90945631069
2025-01-09 15:00:00+00:00,435.74319083991
2025-01-09 16:00:00+00:00,414.65936884881
2025-01-09 17:00:00+00:00,411.09546531527
2025-01-09 18:00:00+00:00,433.80315905733
2025-01-09 19:00:00+00:00,415.73065099792
2025-01-09 20:00:00+00:00,414.45853274994
2025-01-09 21:00:00+00:00,428.46119731873
2025-01-09 22:00:00+00:00,416.24546153716
2025-01-09 23:00:00+00:00,420.80051615269
2025-01-10 00:00:00+00:00,421.99693379343
2025-01-10 01:00:00+00:00,415.17160174977
2025-01-10 02:00:00+00:00,428.15579160534
2025-01-10 03:00:00+00:00,416.84274047697
2025-01-10 04:00:00+00:00,412.88028360408
2025-01-10 05:00:00+00:00,433.84570645186
2025-01-10 06:00:00+00:00,414.40899334715
2025-01-10 07:00:00+00:00,410.97853521253
2025-01-10 08:00:00+00:00,435.74288975894
2025-01-10 09:00:00+00:00,414.60472251611
2025-01-10 10:00:00+00:00,411.38733670877
2025-01-10 11:00:00+00:00,433.22067035291
2025-01-10 12:00:00+00:00,415.73772450655
2025-01-10 13:00:00+00:00,415.14682181632
2025-01-10 14:00:00+00:00,427.57987966044
2025-01-10 15:00:00+00:00,416.1483277857
2025-01-10 16:00:00+00:00,421.70853927323
2025-01-10 17:00:00+00:00,421.12763499948
2025-01-10 18:00:00+00:00,414.93992000241
2025-01-10 19:00:00+00:00,428.97238281748
2025-01-10 20:00:00+00:00,416.23461160356
2025-01-10 21:00:00+00:00,412.64260792688
2025-01-10 22:00:00+00:00,434.26631974998
2025-01-10 23:00:00+00:00,414.140901707
2025-01-11 00:00:00+00:00,410.94830815997
2025-01-11 01:00:00+00:00,435.6086348448
2025-01-11 02:00:00+00:00,414.46664791584
2025-01-11 03:00:00+00:00,411.73373699139
2025-01-11 04:00:00+00:00,432.62652781503
2025-01-11 05:00:00+00:00,415.63684722257
2025-01-11 06:00:00+00:00,415.89321703542
2025-01-11 07:00:00+00:00,426.69768757911
2025-01-11 08:00:00+00:00,415.94656429038
2025-01-11 09:00:00+00:00,422.79275148091
2025-01-11 10:00:00+00:00,420.17966288857
2025-01-11 11:00:00+00:00,414.60608309639
2025-01-11 12:00:00+00:00,429.92601457113
2025-01-11 13:00:00+00:00,415.49471474541
2025-01-11 14:00:00+00:00,412.40573262567
2025-01-11 15:00:00+00:00,434.77487865474
2025-01-11 16:00:00+00:00,413.68914307424
2025-01-11 17:00:00+00:00,411.01666572695
2025-01-11 18:00:00+00:00,435.51593008075
2025-01-11 19:00:00+00:00,414.21918482188
2025-01-11 20:00:00+00:00,412.24214713281
2025-01-11 21:00:00+00:00,431.99375463387
2025-01-11 22:00:00+00:00,415.43569597622
2025-01-11 23:00:00+00:00,416.79867981675
2025-01-12 00:00:00+00:00,425.76463087153
2025-01-12 01:00:00+00:00,415.68304522227
2025-01-12 02:00:00+00:00,423.72176453358
2025-01-12 03:00:00+00:00,419.32641159922
2025-01-12 04:00:00+00:00,414.33534869583
2025-01-12 05:00:00+00:00,430.69034094044
2025-01-12 06:00:00+00:00,414.9024714363
2025-01-12 07:00:00+00:00,412.2007609777
2025-01-12 08:00:00+00:00,435.09773583349
2025-01-12 09:00:00+00:00,416.77097931717
2025-01-12 10:00:00+00:00,416.41335556843
2025-01-12 11:00:00+00:00,435.26447069976
2025-01-12 12:00:00+00:00,418.77653244553
2025-01-12 13:00:00+00:00,417.59393645629
2025-01-12 14:00:00+00:00,430.72663859105
2025-01-12 15:00:00+00:00,420.85143596394
2025-01-12 16:00:00+00:00,421.94408042127
2025-01-12 17:00:00+00:00,424.43080505403
2025-01-12 18:00:00+00:00,421.28540251999
2025-01-12 19:00:00+00:00,428.16122974026
2025-01-12 20:00:00+00:00,419.03822156538
2025-01-12 21:00:00+00:00,419.73547796547
2025-01-12 22:00:00+00:00,433.72783489585
2025-01-12 23:00:00+00:00,416.48165453065
2025-01-13 00:00:00+00:00,417.42953975981
2025-01-13 01:00:00+00:00,436.19718589915
2025-01-13 02:00:00+00:00,417.01658279685
2025-01-13 03:00:00+00:00,416.42981351403
2025-01-13 04:00:00+00:00,434.45115262615
2025-01-13 05:00:00+00:00,419.24598929162
2025-01-13 06:00:00+00:00,418.35482710271
2025-01-13 07:00:00+00:00,429.27032960689
2025-01-13 08:00:00+00:00,421.08525376259
2025-01-13 09:00:00+00:00,423.29445185944
2025-01-13 10:00:00+00:00,422.93699486908
2025-01-13 11:00:00+00:00,421.06496518178
2025-01-13 12:00:00+00:00,429.58633395819
2025-01-13 13:00:00+00:00,418.0647200666
2025-01-13 14:00:00+00:00,419.21296020727
2025-01-13 15:00:00+00:00,434.55150069239
2025-01-13 16:00:00+00:00,416.3110632511
2025-01-13 17:00:00+00:00,416.90617455881
2025-01-13 18:00:00+00:00,436.11032189299
2025-01-13 19:00:00+00:00,417.37959706266
2025-01-13 20:00:00+00:00,416.46124881383
2025-01-13 21:00:00+00:00,433.46489501982
2025-01-13 22:00:00+00:00,419.6830355157
2025-01-13 23:00:00+00:00,419.12104946286
2025-01-14 00:00:00+00:00,427.79901608221
2025-01-14 01:00:00+00:00,421.17056624365
2025-01-14 02:00:00+00:00,424.56247568887
2025-01-14 03:00:00+00:00,421.58382999247
2025-01-14 04:00:00+00:00,420.66332164211
2025-01-14 05:00:00+00:00,430.81082794298
2025-01-14 06:00:00+00:00,417.3094733099
2025-01-14 07:00:00+00:00,418.55781156756
2025-01-14 08:00:00+00:00,435.21278585445
2025-01-14 09:00:00+00:00,416.21792976
2025-01-14 10:00:00+00:00,416.58842548354
2025-01-14 11:00:00+00:00,435.7996841292
2025-01-14 12:00:00+00:00,417.7559083846
2025-01-14 13:00:00+00:00,416.77598084531
2025-01-14 14:00:00+00:00,432.29436134326
2025-01-14 15:00:00+00:00,420.0125042561
2025-01-14 16:00:00+00:00,420.23573375982
2025-01-14 17:00:00+00:00,426.17202254678
2025-01-14 18:00:00+00:00,421.17222715328
2025-01-14 19:00:00+00:00,426.03907409965
2025-01-14 20:00:00+00:00,420.17052621763
2025-01-14 21:00:00+00:00,420.28445049211
2025-01-14 22:00:00+00:00,432.05208150631
2025-01-14 23:00:00+00:00,416.5497601434
2025-01-15 00:00:00+00:00,418.08589590545
2025-01-15 01:00:00+00:00,435.66816794373
2025-01-15 02:00:00+00:00,416.16595065971
2025-01-15 03:00:00+00:00,416.47324468075
2025-01-15 04:00:00+00:00,435.24224693718
2025-01-15 05:00:00+00:00,418.09930088474
2025-01-15 06:00:00+00:00,417.3419762116
2025-01-15 07:00:00+00:00,430.93326252305
2025-01-15 08:00:00+00:00,420.34957506021
2025-01-15 09:00:00+00:00,421.36019685777
2025-01-15 10:00:00+00:00,424.62821684418
2025-01-15 11:00:00+00:00,421.10660923264
2025-01-15 12:00:00+00:00,427.41450554274
2025-01-15 13:00:00+00:00,418.98402909908
2025-01-15 14:00:00+00:00,419.84015722298
2025-01-15 15:00:00+00:00,433.21059098371
2025-01-15 16:00:00+00:00,416.06502376421
2025-01-15 17:00:00+00:00,417.44620264162
2025-01-15 18:00:00+00:00,436.07415725565
2025-01-15 19:00:00+00:00,416.2847521582
2025-01-15 20:00:00+00:00,416.33453687131
2025-01-15 21:00:00+00:00,434.74012630591
2025-01-15 22:00:00+00:00,418.45744613655
2025-01-15 23:00:00+00:00,417.99172654372
2025-01-16 00:00:00+00:00,429.78198319721
2025-01-16 01:00:00+00:00,420.5189438074
2025-01-16 02:00:00+00:00,422.70339488417
2025-01-16 03:00:00+00:00,423.36260326953
2025-01-16 04:00:00+00:00,420.86615547644
2025-01-16 05:00:00+00:00,428.98911065652
2025-01-16 06:00:00+00:00,418.13713008856
2025-01-16 07:00:00+00:00,419.31779102149
2025-01-16 08:00:00+00:00,434.28415273197
2025-01-16 09:00:00+00:00,415.87052629787
2025-01-16 10:00:00+00:00,417.02975734865
2025-01-16 11:00:00+00:00,435.78342082795
2025-01-16 12:00:00+00:00,416.69983981422
2025-01-16 13:00:00+00:00,416.27584766423
2025-01-16 14:00:00+00:00,433.56349549992
2025-01-16 15:00:00+00:00,419.03473319242
2025-01-16 16:00:00+00:00,418.49076689408
2025-01-16 17:00:00+00:00,428.11454019516
2025-01-16 18:00:00+00:00,420.80047755224
2025-01-16 19:00:00+00:00,423.58900415797
2025-01-16 20:00:00+00:00,421.79906592469
2025-01-16 21:00:00+00:00,420.64454098637
2025-01-16 22:00:00+00:00,429.79069596931
2025-01-16 23:00:00+00:00,417.17256813561
2025-01-17 00:00:00+00:00,418.73648696064
2025-01-17 01:00:00+00:00,434.48286513295
2025-01-17 02:00:00+00:00,415.68475820515
2025-01-17 03:00:00+00:00,416.65981979251
2025-01-17 04:00:00+00:00,435.55871682216
2025-01-17 05:00:00+00:00,417.01335941516
2025-01-17 06:00:00+00:00,416.45514422815
2025-01-17 07:00:00+00:00,432.4963346472
2025-01-17 08:00:00+00:00,419.4170708739
2025-01-17 09:00:00+00:00,419.59588510387
2025-01-17 10:00:00+00:00,426.3405441359
2025-01-17 11:00:00+00:00,420.96790242048
2025-01-17 12:00:00+00:00,425.01557592622
2025-01-17 13:00:00+00:00,420.1632708423
2025-01-17 14:00:00+00:00,420.50815225489
2025-01-17 15:00:00+00:00,430.98594355364
2025-01-17 16:00:00+00:00,416.15964828846
2025-01-17 17:00:00+00:00,418.49749786897
2025-01-17 18:00:00+00:00,434.91156046675
2025-01-17 19:00:00+00:00,415.42714976741
2025-01-17 20:00:00+00:00,416.69694571738
2025-01-17 21:00:00+00:00,434.97184522921
2025-01-17 22:00:00+00:00,417.27399663182
2025-01-17 23:00:00+00:00,417.06788614463
2025-01-18 00:00:00+00:00,431.05948468988
2025-01-18 01:00:00+00:00,419.77608640166
2025-01-18 02:00:00+00:00,420.5219279011
2025-01-18 03:00:00+00:00,424.84780738483
2025-01-18 04:00:00+00:00,420.99777930895
2025-01-18 05:00:00+00:00,426.23549855608
2025-01-18 06:00:00+00:00,418.95268964988
2025-01-18 07:00:00+00:00,420.14701629988
2025-01-18 08:00:00+00:00,431.96231744567
2025-01-18 09:00:00+00:00,415.60293625918
2025-01-18 10:00:00+00:00,418.02398847011
2025-01-18 11:00:00+00:00,435.16821247481
2025-01-18 12:00:00+00:00,415.52948135816
2025-01-18 13:00:00+00:00,416.53020141278
2025-01-18 14:00:00+00:00,434.33823381894
2025-01-18 15:00:00+00:00,417.78190590818
2025-01-18 16:00:00+00:00,417.11878312078
2025-01-18 17:00:00+00:00,430.06337255164
2025-01-18 18:00:00+00:00,420.0341779493
2025-01-18 19:00:00+00:00,421.21389284147
2025-01-18 20:00:00+00:00,423.74370489949
2025-01-18 21:00:00+00:00,420.73295363323
2025-01-18 22:00:00+00:00,427.23306809566
2025-01-18 23:00:00+00:00,418.21761623273
2025-01-19 00:00:00+00:00,419.41960070619
2025-01-19 01:00:00+00:00,432.75387737134
2025-01-19 02:00:00+00:00,415.47673587981
2025-01-19 03:00:00+00:00,417.19543092399
2025-01-19 04:00:00+00:00,435.33773463893
2025-01-19 05:00:00+00:00,415.89355576147
2025-01-19 06:00:00+00:00,416.0587892498
2025-01-19 07:00:00+00:00,433.77924660318
2025-01-19 08:00:00+00:00,418.174511633
2025-01-19 09:00:00+00:00,417.67651673197
2025-01-19 10:00:00+00:00,428.72302195592
2025-01-19 11:00:00+00:00,420.25178738924
2025-01-19 12:00:00+00:00,422.28618126774
2025-01-19 13:00:00+00:00,422.34640743234
2025-01-19 14:00:00+00:00,420.55973262197
2025-01-19 15:00:00+00:00,428.45210499826
2025-01-19 16:00:00+00:00,417.17236623632
2025-01-19 17:00:00+00:00,418.95639650409
2025-01-19 18:00:00+00:00,433.51403586989
2025-01-19 19:00:00+00:00,415.08389358599
2025-01-19 20:00:00+00:00,416.82452913471
2025-01-19 21:00:00+00:00,435.2681308243
2025-01-19 22:00:00+00:00,416.03070022488
2025-01-19 23:00:00+00:00,416.15648759431
2025-01-20 00:00:00+00:00,432.86148389534
2025-01-20 01:00:00+00:00,418.47399730255
2025-01-20 02:00:00+00:00,418.40055519627
2025-01-20 03:00:00+00:00,427.29925317694
2025-01-20 04:00:00+00:00,420.34307671191
2025-01-20 05:00:00+00:00,423.44685443666
2025-01-20 06:00:00+00:00,420.94877637696
2025-01-20 07:00:00+00:00,420.29466494305
2025-01-20 08:00:00+00:00,429.5257678566
2025-01-20 09:00:00+00:00,416.34573489011
2025-01-20 10:00:00+00:00,418.49307998555
2025-01-20 11:00:00+00:00,434.06301017772
2025-01-20 12:00:00+00:00,414.91639510118
2025-01-20 13:00:00+00:00,416.4968587929
2025-01-20 14:00:00+00:00,434.99600265437
2025-01-20 15:00:00+00:00,416.26728637006
2025-01-20 16:00:00+00:00,416.34282734108
2025-01-20 17:00:00+00:00,431.78708950429
2025-01-20 18:00:00+00:00,418.79572159669
2025-01-20 19:00:00+00:00,419.16843470041
2025-01-20 20:00:00+00:00,425.84412305893
2025-01-20 21:00:00+00:00,420.40809870874
2025-01-20 22:00:00+00:00,424.5527392879
2025-01-20 23:00:00+00:00,419.64071852009
2025-01-21 00:00:00+00:00,420.00756114228
2025-01-21 01:00:00+00:00,430.49355180449
2025-01-21 02:00:00+00:00,415.58659978815
2025-01-21 03:00:00+00:00,418.05269930781
2025-01-21 04:00:00+00:00,434.42301396503
2025-01-21 05:00:00+00:00,414.79350424793
2025-01-21 06:00:00+00:00,416.26887508768
2025-01-21 07:00:00+00:00,434.52293543167
2025-01-21 08:00:00+00:00,416.60489300041
2025-01-21 09:00:00+00:00,416.599737868
2025-01-21 10:00:00+00:00,430.65685772719
2025-01-21 11:00:00+00:00,419.12837246671
2025-01-21 12:00:00+00:00,419.97583423208
2025-01-21 13:00:00+00:00,424.45332363982
2025-01-21 14:00:00+00:00,420.42979242509
2025-01-21 15:00:00+00:00,425.22219408529
2025-01-21 16:00:00+00:00,418.88543338869
2025-01-21 17:00:00+00:00,419.52194856981
2025-01-21 18:00:00+00:00,431.0637041035
2025-01-21 19:00:00+00:00,415.44047263728
2025-01-21 20:00:00+00:00,417.31039830116
2025-01-21 21:00:00+00:00,434.50667486832
2025-01-21 22:00:00+00:00,415.20281120688
2025-01-21 23:00:00+00:00,415.67879972649
2025-01-22 00:00:00+00:00,433.97856821673
2025-01-22 01:00:00+00:00,417.22759235463
2025-01-22 02:00:00+00:00,416.48211260671
2025-01-22 03:00:00+00:00,429.66641156541
2025-01-22 04:00:00+00:00,419.53380014928
2025-01-22 05:00:00+00:00,420.37324540126
2025-01-22 06:00:00+00:00,423.42941945251
2025-01-22 07:00:00+00:00,420.33817151789
2025-01-22 08:00:00+00:00,426.27324635527
2025-01-22 09:00:00+00:00,417.86703721182
2025-01-22 10:00:00+00:00,419.10827407647
2025-01-22 11:00:00+00:00,431.83005144529
2025-01-22 12:00:00+00:00,415.00469688345
2025-01-22 13:00:00+00:00,416.86169899525
2025-01-22 14:00:00+00:00,434.60315311787
2025-01-22 15:00:00+00:00,415.05557348398
2025-01-22 16:00:00+00:00,415.79996740422
2025-01-22 17:00:00+00:00,433.21191761255
2025-01-22 18:00:00+00:00,417.37904752693
2025-01-22 19:00:00+00:00,417.16267808717
2025-01-22 20:00:00+00:00,428.27940176598
2025-01-22 21:00:00+00:00,419.64208467244
2025-01-22 22:00:00+00:00,421.49271994841
2025-01-22 23:00:00+00:00,421.90044822435
2025-01-23 00:00:00+00:00,420.20836945464
2025-01-23 01:00:00+00:00,427.43481519283
2025-01-23 02:00:00+00:00,416.67446959952
2025-01-23 03:00:00+00:00,418.80542634009
2025-01-23 04:00:00+00:00,432.54330697143
2025-01-23 05:00:00+00:00,414.40414348714
2025-01-23 06:00:00+00:00,416.66270939002
2025-01-23 07:00:00+00:00,434.52269470908
2025-01-23 08:00:00+00:00,415.23275328911
2025-01-23 09:00:00+00:00,415.77098838829
2025-01-23 10:00:00+00:00,432.4003196184
2025-01-23 11:00:00+00:00,417.72141888651
2025-01-23 12:00:00+00:00,417.65990099952
2025-01-23 13:00:00+00:00,427.02830941945
2025-01-23 14:00:00+00:00,419.80214019052
2025-01-23 15:00:00+00:00,422.45476188483
2025-01-23 16:00:00+00:00,420.62768682184
2025-01-23 17:00:00+00:00,420.01690759447
2025-01-23 18:00:00+00:00,428.40411068916
2025-01-23 19:00:00+00:00,415.8181710333
2025-01-23 20:00:00+00:00,418.40621168008
2025-01-23 21:00:00+00:00,433.06894533041
2025-01-23 22:00:00+00:00,414.13156396078
2025-01-23 23:00:00+00:00,416.36335643798
2025-01-24 00:00:00+00:00,434.3208905559
2025-01-24 01:00:00+00:00,415.40461073949
2025-01-24 02:00:00+00:00,415.8817106833
2025-01-24 03:00:00+00:00,431.49607545397
2025-01-24 04:00:00+00:00,418.00558941223
2025-01-24 05:00:00+00:00,418.28978215446
2025-01-24 06:00:00+00:00,425.74422372706
2025-01-24 07:00:00+00:00,419.88512304096
2025-01-24 08:00:00+00:00,423.34890326666
2025-01-24 09:00:00+00:00,419.46989894469
2025-01-24 10:00:00+00:00,419.79575103498
2025-01-24 11:00:00+00:00,429.23299585805
2025-01-24 12:00:00+00:00,415.13240347395
2025-01-24 13:00:00+00:00,417.99759382434
2025-01-24 14:00:00+00:00,433.4171267561
2025-01-24 15:00:00+00:00,413.41147805168
2025-01-24 16:00:00+00:00,416.71240058278
2025-01-24 17:00:00+00:00,434.08577668746
2025-01-24 18:00:00+00:00,415.17668267303
2025-01-24 19:00:00+00:00,416.77643509396
2025-01-24 20:00:00+00:00,430.35998114502
2025-01-24 21:00:00+00:00,418.01188417899
2025-01-24 22:00:00+00:00,419.69896080507
2025-01-24 23:00:00+00:00,424.09095625667
2025-01-25 00:00:00+00:00,419.88984227852
2025-01-25 01:00:00+00:00,424.95006938782
2025-01-25 02:00:00+00:00,417.82007887009
2025-01-25 03:00:00+00:00,419.74557812319
2025-01-25 04:00:00+00:00,430.52512289912
2025-01-25 05:00:00+00:00,413.91127107027
2025-01-25 06:00:00+00:00,418.05363629879
2025-01-25 07:00:00+00:00,433.94003287845
2025-01-25 08:00:00+00:00,413.38681069847
2025-01-25 09:00:00+00:00,416.0475563401
2025-01-25 10:00:00+00:00,433.37954101758
2025-01-25 11:00:00+00:00,416.12258934295
2025-01-25 12:00:00+00:00,416.36882863801
2025-01-25 13:00:00+00:00,429.36351062474
2025-01-25 14:00:00+00:00,418.80602092598
2025-01-25 15:00:00+00:00,419.65993063716
2025-01-25 16:00:00+00:00,423.172719358
2025-01-25 17:00:00+00:00,420.19639221911
2025-01-25 18:00:00+00:00,425.13165377632
2025-01-25 19:00:00+00:00,417.36802198997
2025-01-25 20:00:00+00:00,419.49319749288
2025-01-25 21:00:00+00:00,430.62232667497
2025-01-25 22:00:00+00:00,414.12560369652
2025-01-25 23:00:00+00:00,417.44689471795
2025-01-26 00:00:00+00:00,433.6823864976
2025-01-26 01:00:00+00:00,414.16517861811
2025-01-26 02:00:00+00:00,415.89675766037
2025-01-26 03:00:00+00:00,432.82954219952
2025-01-26 04:00:00+00:00,416.49379236474
2025-01-26 05:00:00+00:00,416.65757806024
2025-01-26 06:00:00+00:00,428.31320415175
2025-01-26 07:00:00+00:00,419.10426889167
2025-01-26 08:00:00+00:00,420.36852725302
2025-01-26 09:00:00+00:00,421.78805146066
2025-01-26 10:00:00+00:00,420.26643829317
2025-01-26 11:00:00+00:00,426.14610161738
2025-01-26 12:00:00+00:00,416.27107527851
2025-01-26 13:00:00+00:00,419.36704860115
2025-01-26 14:00:00+00:00,431.29645880245
2025-01-26 15:00:00+00:00,413.588449036
2025-01-26 16:00:00+00:00,417.33504088637
2025-01-26 17:00:00+00:00,433.68694822345
2025-01-26 18:00:00+00:00,414.1748140548
2025-01-26 19:00:00+00:00,416.07660560508
2025-01-26 20:00:00+00:00,432.094945559
2025-01-26 21:00:00+00:00,416.80019506052
2025-01-26 22:00:00+00:00,417.28296947011
2025-01-26 23:00:00+00:00,427.07037578345
2025-01-27 00:00:00+00:00,419.39157630449
2025-01-27 01:00:00+00:00,421.34223431841
2025-01-27 02:00:00+00:00,420.68966054035
2025-01-27 03:00:00+00:00,420.27110599538
2025-01-27 04:00:00+00:00,426.97118015944
2025-01-27 05:00:00+00:00,415.53499980057
2025-01-27 06:00:00+00:00,419.10376726822
2025-01-27 07:00:00+00:00,431.80292959894
2025-01-27 08:00:00+00:00,413.40477833045
2025-01-27 09:00:00+00:00,417.05346903845
2025-01-27 10:00:00+00:00,433.59345474714
2025-01-27 11:00:00+00:00,414.45104912564
2025-01-27 12:00:00+00:00,416.07443868761
2025-01-27 13:00:00+00:00,431.37808572149
2025-01-27 14:00:00+00:00,417.23775062774
2025-01-27 15:00:00+00:00,417.71961063228
2025-01-27 16:00:00+00:00,426.06134262969
2025-01-27 17:00:00+00:00,419.49793271879
2025-01-27 18:00:00+00:00,422.16412811118
2025-01-27 19:00:00+00:00,419.67299158117
2025-01-27 20:00:00+00:00,420.0698909625
2025-01-27 21:00:00+00:00,427.8466033291
2025-01-27 22:00:00+00:00,414.86619263259
2025-01-27 23:00:00+00:00,418.69607035434
2025-01-28 00:00:00+00:00,432.33611921461
2025-01-28 01:00:00+00:00,413.22801299903
2025-01-28 02:00:00+00:00,416.71821667258
2025-01-28 03:00:00+00:00,433.52277687405
2025-01-28 04:00:00+00:00,414.64493514492
2025-01-28 05:00:00+00:00,416.10150247228
2025-01-28 06:00:00+00:00,430.70513595812
2025-01-28 07:00:00+00:00,417.51038205917
2025-01-28 08:00:00+00:00,418.22422046789
2025-01-28 09:00:00+00:00,424.97080890421
2025-01-28 10:00:00+00:00,419.74206595878
2025-01-28 11:00:00+00:00,422.95755006514
2025-01-28 12:00:00+00:00,418.68320375228
2025-01-28 13:00:00+00:00,419.99943458019
2025-01-28 14:00:00+00:00,428.59170428456
2025-01-28 15:00:00+00:00,414.51433919926
2025-01-28 16:00:00+00:00,418.10371755999
2025-01-28 17:00:00+00:00,432.70829401793
2025-01-28 18:00:00+00:00,413.32808751081
2025-01-28 19:00:00+00:00,416.17755485086
2025-01-28 20:00:00+00:00,433.37316552403
2025-01-28 21:00:00+00:00,415.00824894915
2025-01-28 22:00:00+00:00,415.91487703931
2025-01-28 23:00:00+00:00,430.07280004962
2025-01-29 00:00:00+00:00,417.81452750356
2025-01-29 01:00:00+00:00,418.50840837273
2025-01-29 02:00:00+00:00,424.1255973537
2025-01-29 03:00:00+00:00,419.71919172982
2025-01-29 04:00:00+00:00,423.57032428116
2025-01-29 05:00:00+00:00,417.98308673762
2025-01-29 06:00:00+00:00,419.58654490878
2025-01-29 07:00:00+00:00,429.20457546195
2025-01-29 08:00:00+00:00,414.01576926714
2025-01-29 09:00:00+00:00,417.7053866637
2025-01-29 10:00:00+00:00,432.80737336409
2025-01-29 11:00:00+00:00,413.55508827689
2025-01-29 12:00:00+00:00,415.82382738795
2025-01-29 13:00:00+00:00,432.94001520555
2025-01-29 14:00:00+00:00,415.52982921155
2025-01-29 15:00:00+00:00,415.86513731156
2025-01-29 16:00:00+00:00,429.21511107146
2025-01-29 17:00:00+00:00,418.29024715652
2025-01-29 18:00:00+00:00,418.83389725261
2025-01-29 19:00:00+00:00,423.16039996454
2025-01-29 20:00:00+00:00,419.87987035967
2025-01-29 21:00:00+00:00,424.10330050291
2025-01-29 22:00:00+00:00,417.28124045964
2025-01-29 23:00:00+00:00,419.37265148044
2025-01-30 00:00:00+00:00,429.62670321033
2025-01-30 01:00:00+00:00,413.81423649798
2025-01-30 02:00:00+00:00,417.37624494316
2025-01-30 03:00:00+00:00,432.95610554047
2025-01-30 04:00:00+00:00,413.62460427789
2025-01-30 05:00:00+00:00,415.65460682004
2025-01-30 06:00:00+00:00,432.49195215553
2025-01-30 07:00:00+00:00,415.86504615337
2025-01-30 08:00:00+00:00,416.06998821543
2025-01-30 09:00:00+00:00,428.23903873366
2025-01-30 10:00:00+00:00,418.56530180337
2025-01-30 11:00:00+00:00,419.5490163974
2025-01-30 12:00:00+00:00,422.02338889461
2025-01-30 13:00:00+00:00,419.94380895839
2025-01-30 14:00:00+00:00,424.94961227059
2025-01-30 15:00:00+00:00,416.37211297396
2025-01-30 16:00:00+00:00,419.2091490847
2025-01-30 17:00:00+00:00,430.23996944588
2025-01-30 18:00:00+00:00,413.38040223573
2025-01-30 19:00:00+00:00,417.16680081763
2025-01-30 20:00:00+00:00,433.03200367768
2025-01-30 21:00:00+00:00,413.66533006741
2025-01-30 22:00:00+00:00,415.66081477302
2025-01-30 23:00:00+00:00,431.93963794567
2025-01-31 00:00:00+00:00,416.16219560133
2025-01-31 01:00:00+00:00,416.46317809344
2025-01-31 02:00:00+00:00,427.29576636812
2025-01-31 03:00:00+00:00,418.84938966446
2025-01-31 04:00:00+00:00,420.15586539626
2025-01-31 05:00:00+00:00,421.01331625855
2025-01-31 06:00:00+00:00,419.95687694501
2025-01-31 07:00:00+00:00,425.6604794326
2025-01-31 08:00:00+00:00,415.6511654727
2025-01-31 09:00:00+00:00,418.96639539322
2025-01-31 10:00:00+00:00,430.7099989449
2025-01-31 11:00:00+00:00,413.14120805306
2025-01-31 12:00:00+00:00,416.87340095838
2025-01-31 13:00:00+00:00,432.99455239097
2025-01-31 14:00:00+00:00,413.85317878008
2025-01-31 15:00:00+00:00,415.50844847157
2025-01-31 16:00:00+00:00,431.37807696559
2025-01-31 17:00:00+00:00,416.60018936414
2025-01-31 18:00:00+00:00,416.68305206043
2025-01-31 19:00:00+00:00,426.40376949429
2025-01-31 20:00:00+00:00,419.14261855109
2025-01-31 21:00:00+00:00,420.70482121639
2025-01-31 22:00:00+00:00,420.13515175197
2025-01-31 23:00:00+00:00,419.93487831517
2025-02-01 00:00:00+00:00,426.2879884302
2025-02-01 01:00:00+00:00,415.11191683615
2025-02-01 02:00:00+00:00,418.67473423093
2025-02-01 03:00:00+00:00,431.08726368319
2025-02-01 04:00:00+00:00,413.08488032633
2025-02-01 05:00:00+00:00,416.53826428982
2025-02-01 06:00:00+00:00,432.88762617541
2025-02-01 07:00:00+00:00,414.17926092144
2025-02-01 08:00:00+00:00,415.47441082708
2025-02-01 09:00:00+00:00,431.59521226983
2025-02-01 10:00:00+00:00,423.12288070276
2025-02-01 11:00:00+00:00,419.25805098944
2025-02-01 12:00:00+00:00,427.02778198382
2025-02-01 13:00:00+00:00,425.65104679352
2025-02-01 14:00:00+00:00,422.73502113813
2025-02-01 15:00:00+00:00,421.77733050274
2025-02-01 16:00:00+00:00,425.72866548777
2025-02-01 17:00:00+00:00,427.79747342023
2025-02-01 18:00:00+00:00,418.33172540001
2025-02-01 19:00:00+00:00,423.37731769902
2025-02-01 20:00:00+00:00,431.96803319199
2025-02-01 21:00:00+00:00,418.08279021107
2025-02-01 22:00:00+00:00,420.20931028701
2025-02-01 23:00:00+00:00,433.1110544355
2025-02-02 00:00:00+00:00,420.5959000216
2025-02-02 01:00:00+00:00,418.48091903489
2025-02-02 02:00:00+00:00,430.59519146427
2025-02-02 03:00:00+00:00,423.94613604935
2025-02-02 04:00:00+00:00,419.73678889909
2025-02-02 05:00:00+00:00,425.63923739701
2025-02-02 06:00:00+00:00,425.90257803818
2025-02-02 07:00:00+00:00,423.83158838701
2025-02-02 08:00:00+00:00,420.66561257948
2025-02-02 09:00:00+00:00,425.12184683582
2025-02-02 10:00:00+00:00,428.72371144662
2025-02-02 11:00:00+00:00,418.03442989342
2025-02-02 12:00:00+00:00,422.27490382801
2025-02-02 13:00:00+00:00,432.36074448466
2025-02-02 14:00:00+00:00,418.58215504014
2025-02-02 15:00:00+00:00,419.19370636903
2025-02-02 16:00:00+00:00,432.6568026225
2025-02-02 17:00:00+00:00,421.4700501379
2025-02-02 18:00:00+00:00,418.08598138365
2025-02-02 19:00:00+00:00,429.44081427415
2025-02-02 20:00:00+00:00,424.57968121528
2025-02-02 21:00:00+00:00,420.13435305458
2025-02-02 22:00:00+00:00,424.31072919685
2025-02-02 23:00:00+00:00,425.84064077212
2025-02-03 00:00:00+00:00,424.72928388416
2025-02-03 01:00:00+00:00,419.7771547034
2025-02-03 02:00:00+00:00,424.44057143491
2025-02-03 03:00:00+00:00,429.74597369051
2025-02-03 04:00:00+00:00,417.89939298406
2025-02-03 05:00:00+00:00,421.28903545153
2025-02-03 06:00:00+00:00,432.69996372738
2025-02-03 07:00:00+00:00,419.16956336043
2025-02-03 08:00:00+00:00,418.49258520565
2025-02-03 09:00:00+00:00,432.0971848023
2025-02-03 10:00:00+00:00,422.30667056621
2025-02-03 11:00:00+00:00,418.11868115402
2025-02-03 12:00:00+00:00,428.23449416366
2025-02-03 13:00:00+00:00,425.08005818109
2025-02-03 14:00:00+00:00,420.937319305
2025-02-03 15:00:00+00:00,422.92904597856
2025-02-03 16:00:00+00:00,425.79370344325
2025-02-03 17:00:00+00:00,425.8355272917
2025-02-03 18:00:00+00:00,418.97070617265
2025-02-03 19:00:00+00:00,423.77611556328
2025-02-03 20:00:00+00:00,430.53867745281
2025-02-03 21:00:00+00:00,417.95635763923
2025-02-03 22:00:00+00:00,420.44518192886
2025-02-03 23:00:00+00:00,432.69532769029
2025-02-04 00:00:00+00:00,419.90529448901
2025-02-04 01:00:00+00:00,418.03224353318
2025-02-04 02:00:00+00:00,431.21475940679
2025-02-04 03:00:00+00:00,423.18796935061
2025-02-04 04:00:00+00:00,418.3900162254
2025-02-04 05:00:00+00:00,426.84642593318
2025-02-04 06:00:00+00:00,425.54271750316
2025-02-04 07:00:00+00:00,421.85435846743
2025-02-04 08:00:00+00:00,421.77740353079
2025-02-04 09:00:00+00:00,425.35019561643
2025-02-04 10:00:00+00:00,426.96766066943
2025-02-04 11:00:00+00:00,418.55879613601
2025-02-04 12:00:00+00:00,422.7749259287
2025-02-04 13:00:00+00:00,431.31308507299
2025-02-04 14:00:00+00:00,418.31062646779
2025-02-04 15:00:00+00:00,419.41958841703
2025-02-04 16:00:00+00:00,432.69212749117
2025-02-04 17:00:00+00:00,420.72391477242
2025-02-04 18:00:00+00:00,417.55481151777
2025-02-04 19:00:00+00:00,430.43717721967
2025-02-04 20:00:00+00:00,423.90614166409
2025-02-04 21:00:00+00:00,418.74213092242
2025-02-04 22:00:00+00:00,425.71256696387
2025-02-04 23:00:00+00:00,425.66493644203
2025-02-05 00:00:00+00:00,422.85853991842
2025-02-05 01:00:00+00:00,420.88576723485
2025-02-05 02:00:00+00:00,424.80226917275
2025-02-05 03:00:00+00:00,428.09036941966
2025-02-05 04:00:00+00:00,418.24132809501
2025-02-05 05:00:00+00:00,421.80891530892
2025-02-05 06:00:00+00:00,431.90722370528
2025-02-05 07:00:00+00:00,418.73497950489
2025-02-05 08:00:00+00:00,418.59106303386
2025-02-05 09:00:00+00:00,432.24634135576
2025-02-05 10:00:00+00:00,421.56058964005
2025-02-05 11:00:00+00:00,417.50975847918
2025-02-05 12:00:00+00:00,429.23574816531
2025-02-05 13:00:00+00:00,424.61537940049
2025-02-05 14:00:00+00:00,419.4271935521
2025-02-05 15:00:00+00:00,424.2856014283
2025-02-05 16:00:00+00:00,425.80373112907
2025-02-05 17:00:00+00:00,423.96814739654
2025-02-05 18:00:00+00:00,419.86486920991
2025-02-05 19:00:00+00:00,424.30635849952
2025-02-05 20:00:00+00:00,429.03940048684
2025-02-05 21:00:00+00:00,418.02096509025
2025-02-05 22:00:00+00:00,421.01921073825
2025-02-05 23:00:00+00:00,432.15486824702
2025-02-06 00:00:00+00:00,419.26589356146
2025-02-06 01:00:00+00:00,418.04842796023
2025-02-06 02:00:00+00:00,431.78017206732
2025-02-06 03:00:00+00:00,422.35312339197
2025-02-06 04:00:00+00:00,417.49016997445
2025-02-06 05:00:00+00:00,428.14638211593
2025-02-06 06:00:00+00:00,425.07557284647
2025-02-06 07:00:00+00:00,420.17016306571
2025-02-06 08:00:00+00:00,423.11773232967
2025-02-06 09:00:00+00:00,425.40453605749
2025-02-06 10:00:00+00:00,425.19933317795
2025-02-06 11:00:00+00:00,419.26754522074
2025-02-06 12:00:00+00:00,423.30466020084
2025-02-06 13:00:00+00:00,430.10967102075
2025-02-06 14:00:00+00:00,418.10353229774
2025-02-06 15:00:00+00:00,419.88551827188
2025-02-06 16:00:00+00:00,432.55022492093
2025-02-06 17:00:00+00:00,419.85795792981
2025-02-06 18:00:00+00:00,417.3737960577
2025-02-06 19:00:00+00:00,431.35567970927
2025-02-06 20:00:00+00:00,422.9686568793
2025-02-06 21:00:00+00:00,417.65354308057
2025-02-06 22:00:00+00:00,427.18785490506
2025-02-06 23:00:00+00:00,425.20880634513
2025-02-07 00:00:00+00:00,421.11666421652
2025-02-07 01:00:00+00:00,422.17130807849
2025-02-07 02:00:00+00:00,425.01578493239
2025-02-07 03:00:00+00:00,426.35747734088
2025-02-07 04:00:00+00:00,418.74146491161
2025-02-07 05:00:00+00:00,422.40338820252
2025-02-07 06:00:00+00:00,430.90766652802
2025-02-07 07:00:00+00:00,418.31614130968
2025-02-07 08:00:00+00:00,418.96728150818
2025-02-07 09:00:00+00:00,432.53981879328
2025-02-07 10:00:00+00:00,420.56307362562
2025-02-07 11:00:00+00:00,416.96375763738
2025-02-07 12:00:00+00:00,430.5616167369
2025-02-07 13:00:00+00:00,423.62911424359
2025-02-07 14:00:00+00:00,418.02476618579
2025-02-07 15:00:00+00:00,426.00593493573
2025-02-07 16:00:00+00:00,425.34642562537
2025-02-07 17:00:00+00:00,422.10336153647
2025-02-07 18:00:00+00:00,421.18406665332
2025-02-07 19:00:00+00:00,424.47704987707
2025-02-07 20:00:00+00:00,427.44521487663
2025-02-07 21:00:00+00:00,418.39568165183
2025-02-07 22:00:00+00:00,421.44773179432
2025-02-07 23:00:00+00:00,431.51773128132
2025-02-08 00:00:00+00:00,418.67593854215
2025-02-08 01:00:00+00:00,418.12292494332
2025-02-08 02:00:00+00:00,432.37205211372
2025-02-08 03:00:00+00:00,421.27211103193
2025-02-08 04:00:00+00:00,416.74155204134
2025-02-08 05:00:00+00:00,429.67040965554
2025-02-08 06:00:00+00:00,424.16318544116
2025-02-08 07:00:00+00:00,418.59190362836
2025-02-08 08:00:00+00:00,424.84762158163
2025-02-08 09:00:00+00:00,425.31975646251
2025-02-08 10:00:00+00:00,423.17184972169
2025-02-08 11:00:00+00:00,420.31839690447
2025-02-08 12:00:00+00:00,423.81108423243
2025-02-08 13:00:00+00:00,428.47214788007
2025-02-08 14:00:00+00:00,418.21566831241
2025-02-08 15:00:00+00:00,420.48163387622
2025-02-08 16:00:00+00:00,431.96133457583
2025-02-08 17:00:00+00:00,419.14612639864
2025-02-08 18:00:00+00:00,417.40055675141
2025-02-08 19:00:00+00:00,431.99434616088
2025-02-08 20:00:00+00:00,421.98590319586
2025-02-08 21:00:00+00:00,416.69919362194
2025-02-08 22:00:00+00:00,428.65875849767
2025-02-08 23:00:00+00:00,424.5915213385
2025-02-09 00:00:00+00:00,419.29869502401
2025-02-09 01:00:00+00:00,423.7084405361
2025-02-09 02:00:00+00:00,425.09565432395
2025-02-09 03:00:00+00:00,424.30285616811
2025-02-09 04:00:00+00:00,419.61011787318
2025-02-09 05:00:00+00:00,423.00591120517
2025-02-09 06:00:00+00:00,429.43632002925
2025-02-09 07:00:00+00:00,418.19861782393
2025-02-09 08:00:00+00:00,419.50618981423
2025-02-09 09:00:00+00:00,432.31551985843
2025-02-09 10:00:00+00:00,419.75811834911
2025-02-09 11:00:00+00:00,416.68704240608
2025-02-09 12:00:00+00:00,431.57757308477
2025-02-09 13:00:00+00:00,422.66294257312
2025-02-09 14:00:00+00:00,416.74503449078
2025-02-09 15:00:00+00:00,427.72723460807
2025-02-09 16:00:00+00:00,424.82976183339
2025-02-09 17:00:00+00:00,420.08876480499
2025-02-09 18:00:00+00:00,422.77928651607
2025-02-09 19:00:00+00:00,424.64472034332
2025-02-09 20:00:00+00:00,425.42511651295
2025-02-09 21:00:00+00:00,419.16768429119
2025-02-09 22:00:00+00:00,422.01786827975
2025-02-09 23:00:00+00:00,430.31098508734
2025-02-10 00:00:00+00:00,418.4182296997
2025-02-10 01:00:00+00:00,418.46083824959
2025-02-10 02:00:00+00:00,432.45945868651
2025-02-10 03:00:00+00:00,420.34204557637
2025-02-10 04:00:00+00:00,416.24442976367
2025-02-10 05:00:00+00:00,430.94220199645
2025-02-10 06:00:00+00:00,423.23072722053
2025-02-10 07:00:00+00:00,417.07977963214
2025-02-10 08:00:00+00:00,426.65413473881
2025-02-10 09:00:00+00:00,425.17910352471
2025-02-10 10:00:00+00:00,421.0078247779
2025-02-10 11:00:00+00:00,421.60996046109
2025-02-10 12:00:00+00:00,424.38366989929
2025-02-10 13:00:00+00:00,426.40011146662
2025-02-10 14:00:00+00:00,418.64987307534
2025-02-10 15:00:00+00:00,421.33230600209
2025-02-10 16:00:00+00:00,430.79382031904
2025-02-10 17:00:00+00:00,418.66636433116
2025-02-10 18:00:00+00:00,417.81004425559
2025-02-10 19:00:00+00:00,432.12939628779
2025-02-10 20:00:00+00:00,421.06254596296
2025-02-10 21:00:00+00:00,416.08631041361
2025-02-10 22:00:00+00:00,429.88175479658
2025-02-10 23:00:00+00:00,423.90766318171
2025-02-11 00:00:00+00:00,417.59009910566
2025-02-11 01:00:00+00:00,425.31100845154
2025-02-11 02:00:00+00:00,425.12046444484
2025-02-11 03:00:00+00:00,422.02328419677
2025-02-11 04:00:00+00:00,420.76813870492
2025-02-11 05:00:00+00:00,423.70238304448
2025-02-11 06:00:00+00:00,427.45603922225
2025-02-11 07:00:00+00:00,418.41217100865
2025-02-11 08:00:00+00:00,420.33345674056
2025-02-11 09:00:00+00:00,431.3169489518
2025-02-11 10:00:00+00:00,419.17128053883
2025-02-11 11:00:00+00:00,416.9261488577
2025-02-11 12:00:00+00:00,431.92738372117
2025-02-11 13:00:00+00:00,421.79707757506
2025-02-11 14:00:00+00:00,415.83147920834
2025-02-11 15:00:00+00:00,429.08265380075
2025-02-11 16:00:00+00:00,424.35845325384
2025-02-11 17:00:00+00:00,418.0927593236
2025-02-11 18:00:00+00:00,424.35879684431
2025-02-11 19:00:00+00:00,424.9349099036
2025-02-11 20:00:00+00:00,423.00368803774
2025-02-11 21:00:00+00:00,420.17129344575
2025-02-11 22:00:00+00:00,422.89141025858
2025-02-11 23:00:00+00:00,428.38427279456
2025-02-12 00:00:00+00:00,418.4541951178
2025-02-12 01:00:00+00:00,419.27265423454
2025-02-12 02:00:00+00:00,431.74099901241
2025-02-12 03:00:00+00:00,419.61386696535
2025-02-12 04:00:00+00:00,416.24311183826
2025-02-12 05:00:00+00:00,431.58146623412
2025-02-12 06:00:00+00:00,422.37257948213
2025-02-12 07:00:00+00:00,415.85918675941
2025-02-12 08:00:00+00:00,428.17262341084
2025-02-12 09:00:00+00:00,424.5154738202
2025-02-12 10:00:00+00:00,418.56698109005
2025-02-12 11:00:00+00:00,423.86821657444
2025-02-12 12:00:00+00:00,424.30911094457
2025-02-12 13:00:00+00:00,424.00502023026
2025-02-12 14:00:00+00:00,420.0617164442
2025-02-12 15:00:00+00:00,421.62553236443
2025-02-12 16:00:00+00:00,429.37435874395
2025-02-12 17:00:00+00:00,418.87786859107
2025-02-12 18:00:00+00:00,417.85377151739
2025-02-12 19:00:00+00:00,432.26416415078
2025-02-12 20:00:00+00:00,420.35325912206
2025-02-12 21:00:00+00:00,415.26270408049
2025-02-12 22:00:00+00:00,431.49699276431
2025-02-12 23:00:00+00:00,422.95745718665
2025-02-13 00:00:00+00:00,415.70748280109
2025-02-13 01:00:00+00:00,427.7041222913
2025-02-13 02:00:00+00:00,424.56776794796
2025-02-13 03:00:00+00:00,419.51280676134
2025-02-13 04:00:00+00:00,422.94797621447
2025-02-13 05:00:00+00:00,423.75734272413
2025-02-13 06:00:00+00:00,425.20448356876
2025-02-13 07:00:00+00:00,419.58877827481
2025-02-13 08:00:00+00:00,420.6600069338
2025-02-13 09:00:00+00:00,430.2717958296
2025-02-13 10:00:00+00:00,418.93123648478
2025-02-13 11:00:00+00:00,417.04756324902
2025-02-13 12:00:00+00:00,432.41836979832
2025-02-13 13:00:00+00:00,420.80025569889
2025-02-13 14:00:00+00:00,415.01089097685
2025-02-13 15:00:00+00:00,430.88366303742
2025-02-13 16:00:00+00:00,423.35495593685
2025-02-13 17:00:00+00:00,416.23212132757
2025-02-13 18:00:00+00:00,426.66886274722
2025-02-13 19:00:00+00:00,424.52060524506
2025-02-13 20:00:00+00:00,420.63429900354
2025-02-13 21:00:00+00:00,422.01164047357
2025-02-13 22:00:00+00:00,423.15838303058
2025-02-13 23:00:00+00:00,426.4259792331
2025-02-14 00:00:00+00:00,419.16074147892
2025-02-14 01:00:00+00:00,419.76388659771
2025-02-14 02:00:00+00:00,431.03028307185
2025-02-14 03:00:00+00:00,419.15349604292
2025-02-14 04:00:00+00:00,416.23574794674
2025-02-14 05:00:00+00:00,432.43457304059
2025-02-14 06:00:00+00:00,421.2989246445
2025-02-14 07:00:00+00:00,414.82494444734
2025-02-14 08:00:00+00:00,430.21256059571
2025-02-14 09:00:00+00:00,423.65218368423
2025-02-14 10:00:00+00:00,416.92998236622
2025-02-14 11:00:00+00:00,425.56680426705
2025-02-14 12:00:00+00:00,424.34017820618
2025-02-14 13:00:00+00:00,421.8249557883
2025-02-14 14:00:00+00:00,421.10332058675
2025-02-14 15:00:00+00:00,422.47128876427
2025-02-14 16:00:00+00:00,427.57633123091
2025-02-14 17:00:00+00:00,418.80031579052
2025-02-14 18:00:00+00:00,418.88450622963
2025-02-14 19:00:00+00:00,431.61779025309
2025-02-14 20:00:00+00:00,419.34310082126
2025-02-14 21:00:00+00:00,415.65279019857
2025-02-14 22:00:00+00:00,432.21264196844
2025-02-14 23:00:00+00:00,421.71177155825
2025-02-15 00:00:00+00:00,414.92227728106
2025-02-15 01:00:00+00:00,429.32542097951
2025-02-15 02:00:00+00:00,423.86669169168
2025-02-15 03:00:00+00:00,417.64854143884
2025-02-15 04:00:00+00:00,424.59372858631
2025-02-15 05:00:00+00:00,424.00213378464
2025-02-15 06:00:00+00:00,422.97022555465
2025-02-15 07:00:00+00:00,420.42436800006
2025-02-15 08:00:00+00:00,421.63410591737
2025-02-15 09:00:00+00:00,428.47249169173
2025-02-15 10:00:00+00:00,418.83321470836
2025-02-15 11:00:00+00:00,417.89759659832
2025-02-15 12:00:00+00:00,431.96824502084
2025-02-15 13:00:00+00:00,419.86170555448
2025-02-15 14:00:00+00:00,414.98787892275
2025-02-15 15:00:00+00:00,431.86303246473
2025-02-15 16:00:00+00:00,422.31154532627
2025-02-15 17:00:00+00:00,414.93639021476
2025-02-15 18:00:00+00:00,428.49058410275
2025-02-15 19:00:00+00:00,424.0937722565
2025-02-15 20:00:00+00:00,418.34409624662
2025-02-15 21:00:00+00:00,423.73150861536
2025-02-15 22:00:00+00:00,423.61778310204
2025-02-15 23:00:00+00:00,423.98955782118
2025-02-16 00:00:00+00:00,419.97781515989
2025-02-16 01:00:00+00:00,420.75594881998
2025-02-16 02:00:00+00:00,429.43264175734
2025-02-16 03:00:00+00:00,418.82939043734
2025-02-16 04:00:00+00:00,416.97205933685
2025-02-16 05:00:00+00:00,432.28904885477
2025-02-16 06:00:00+00:00,420.2514094563
2025-02-16 07:00:00+00:00,414.53737262974
2025-02-16 08:00:00+00:00,431.45041945486
2025-02-16 09:00:00+00:00,422.68939819125
2025-02-16 10:00:00+00:00,415.23851651992
2025-02-16 11:00:00+00:00,427.61241881592
2025-02-16 12:00:00+00:00,424.06175717192
2025-02-16 13:00:00+00:00,419.29930990128
2025-02-16 14:00:00+00:00,422.85955973962
2025-02-16 15:00:00+00:00,422.96809147812
2025-02-16 16:00:00+00:00,425.18071016187
2025-02-16 17:00:00+00:00,419.54631552367
2025-02-16 18:00:00+00:00,419.74820290368
2025-02-16 19:00:00+00:00,430.32445167579
2025-02-16 20:00:00+00:00,418.91495275121
2025-02-16 21:00:00+00:00,416.06669822926
2025-02-16 22:00:00+00:00,432.50990568355
2025-02-16 23:00:00+00:00,420.63208562042
2025-02-17 00:00:00+00:00,414.20045134775
2025-02-17 01:00:00+00:00,430.97514812057
2025-02-17 02:00:00+00:00,422.95017541627
2025-02-17 03:00:00+00:00,415.67890015824
2025-02-17 04:00:00+00:00,426.75410040484
2025-02-17 05:00:00+00:00,423.8520541732
2025-02-17 06:00:00+00:00,420.34177819642
2025-02-17 07:00:00+00:00,422.08460929015
2025-02-17 08:00:00+00:00,422.27842674432
2025-02-17 09:00:00+00:00,426.33709201069
2025-02-17 10:00:00+00:00,419.18682490083
2025-02-17 11:00:00+00:00,418.79042377928
2025-02-17 12:00:00+00:00,431.06921559949
2025-02-17 13:00:00+00:00,419.06545735622
2025-02-17 14:00:00+00:00,415.31067585174
2025-02-17 15:00:00+00:00,432.53695472335
2025-02-17 16:00:00+00:00,420.98806703728
2025-02-17 17:00:00+00:00,414.05891144862
2025-02-17 18:00:00+00:00,430.33971057291
2025-02-17 19:00:00+00:00,423.12717307855
2025-02-17 20:00:00+00:00,416.2864361305
2025-02-17 21:00:00+00:00,425.82049719633
2025-02-17 22:00:00+00:00,423.54679087696
2025-02-17 23:00:00+00:00,421.44741672815
2025-02-18 00:00:00+00:00,421.31886270135
2025-02-18 01:00:00+00:00,421.48776279111
2025-02-18 02:00:00+00:00,427.44055483147
2025-02-18 03:00:00+00:00,418.89740052633
2025-02-18 04:00:00+00:00,417.83052222077
2025-02-18 05:00:00+00:00,431.68021715218
2025-02-18 06:00:00+00:00,419.23878117682
2025-02-18 07:00:00+00:00,414.65426095822
2025-02-18 08:00:00+00:00,432.42269004749
2025-02-18 09:00:00+00:00,421.47609723483
2025-02-18 10:00:00+00:00,413.87654335421
2025-02-18 11:00:00+00:00,429.653179568
2025-02-18 12:00:00+00:00,423.31423392022
2025-02-18 13:00:00+00:00,416.80648560363
2025-02-18 14:00:00+00:00,424.99488308437
2025-02-18 15:00:00+00:00,423.16679772564
2025-02-18 16:00:00+00:00,422.3865831677
2025-02-18 17:00:00+00:00,420.78357712111
2025-02-18 18:00:00+00:00,420.59782013915
2025-02-18 19:00:00+00:00,428.31290686075
2025-02-18 20:00:00+00:00,418.87573739418
2025-02-18 21:00:00+00:00,416.79256432641
2025-02-18 22:00:00+00:00,432.05720271754
2025-02-18 23:00:00+00:00,419.62369404168
2025-02-19 00:00:00+00:00,413.94650280558
2025-02-19 01:00:00+00:00,432.15051592255
2025-02-19 02:00:00+00:00,421.77408080563
2025-02-19 03:00:00+00:00,414.03634222367
2025-02-19 04:00:00+00:00,428.88698252618
2025-02-19 05:00:00+00:00,423.29855127209
2025-02-19 06:00:00+00:00,417.64603727889
2025-02-19 07:00:00+00:00,424.10982252048
2025-02-19 08:00:00+00:00,422.64734736596
2025-02-19 09:00:00+00:00,423.46070621259
2025-02-19 10:00:00+00:00,420.26751590874
2025-02-19 11:00:00+00:00,419.63834438275
2025-02-19 12:00:00+00:00,429.21806555972
2025-02-19 13:00:00+00:00,418.84179777394
2025-02-19 14:00:00+00:00,415.8259588859
2025-02-19 15:00:00+00:00,432.39490588625
2025-02-19 16:00:00+00:00,419.92405933203
2025-02-19 17:00:00+00:00,413.43139973891
2025-02-19 18:00:00+00:00,431.82155331814
2025-02-19 19:00:00+00:00,422.04118187604
2025-02-19 20:00:00+00:00,414.2375981061
2025-02-19 21:00:00+00:00,428.12190485783
2025-02-19 22:00:00+00:00,423.17332611933
2025-02-19 23:00:00+00:00,418.48068854635
2025-02-20 00:00:00+00:00,423.32750892822
2025-02-20 01:00:00+00:00,421.9993584048
2025-02-20 02:00:00+00:00,424.61803122258
2025-02-20 03:00:00+00:00,419.76630475554
2025-02-20 04:00:00+00:00,418.72110975179
2025-02-20 05:00:00+00:00,430.0900760358
2025-02-20 06:00:00+00:00,418.80920599697
2025-02-20 07:00:00+00:00,415.02065920156
2025-02-20 08:00:00+00:00,432.6279564292
2025-02-20 09:00:00+00:00,424.50376554019
2025-02-20 10:00:00+00:00,418.39915992656
2025-02-20 11:00:00+00:00,431.40669070556
2025-02-20 12:00:00+00:00,427.65291379853
2025-02-20 13:00:00+00:00,419.12720263657
2025-02-20 14:00:00+00:00,427.31506537016
2025-02-20 15:00:00+00:00,428.99469899692
2025-02-20 16:00:00+00:00,423.0570954405
2025-02-20 17:00:00+00:00,423.22803838176
2025-02-20 18:00:00+00:00,427.40286408018
2025-02-20 19:00:00+00:00,428.29994451329
2025-02-20 20:00:00+00:00,421.35374155181
2025-02-20 21:00:00+00:00,423.56497812243
2025-02-20 22:00:00+00:00,432.23536471908
2025-02-20 23:00:00+00:00,422.47118804942
2025-02-21 00:00:00+00:00,419.62830256156
2025-02-21 01:00:00+00:00,432.9697427947
2025-02-21 02:00:00+00:00,425.50879191029
2025-02-21 03:00:00+00:00,417.98046604871
2025-02-21 04:00:00+00:00,430.35281228544
2025-02-21 05:00:00+00:00,428.23939920722
2025-02-21 06:00:00+00:00,419.83880943306
2025-02-21 07:00:00+00:00,426.01593322011
2025-02-21 08:00:00+00:00,428.6490685109
2025-02-21 09:00:00+00:00,424.53883488513
2025-02-21 10:00:00+00:00,422.42971205467
2025-02-21 11:00:00+00:00,426.13728089243
2025-02-21 12:00:00+00:00,429.723655915
2025-02-21 13:00:00+00:00,421.44079355259
2025-02-21 14:00:00+00:00,421.98299797639
2025-02-21 15:00:00+00:00,432.87369200754
2025-02-21 16:00:00+00:00,423.27683423205
2025-02-21 17:00:00+00:00,418.53715146839
2025-02-21 18:00:00+00:00,432.55501278167
2025-02-21 19:00:00+00:00,426.40358544815
2025-02-21 20:00:00+00:00,417.95870586594
2025-02-21 21:00:00+00:00,429.20313066026
2025-02-21 22:00:00+00:00,428.51860080496
2025-02-21 23:00:00+00:00,420.89762819883
2025-02-22 00:00:00+00:00,424.83440773809
2025-02-22 01:00:00+00:00,427.95922984365
2025-02-22 02:00:00+00:00,426.06458359008
2025-02-22 03:00:00+00:00,421.92314876656
2025-02-22 04:00:00+00:00,424.58040306906
2025-02-22 05:00:00+00:00,431.03389957499
2025-02-22 06:00:00+00:00,421.77078706217
2025-02-22 07:00:00+00:00,420.3731725975
2025-02-22 08:00:00+00:00,433.28617937426
2025-02-22 09:00:00+00:00,424.11148316195
2025-02-22 10:00:00+00:00,417.66462569721
2025-02-22 11:00:00+00:00,431.96702829795
2025-02-22 12:00:00+00:00,427.05933455482
2025-02-22 13:00:00+00:00,418.25517791688
2025-02-22 14:00:00+00:00,428.06044855576
2025-02-22 15:00:00+00:00,428.38100764961
2025-02-22 16:00:00+00:00,422.1857865496
2025-02-22 17:00:00+00:00,423.85178276879
2025-02-22 18:00:00+00:00,426.86058421536
2025-02-22 19:00:00+00:00,427.65985933792
2025-02-22 20:00:00+00:00,421.61019720567
2025-02-22 21:00:00+00:00,423.05684182165
2025-02-22 22:00:00+00:00,432.03573858037
2025-02-22 23:00:00+00:00,422.28357130451
2025-02-23 00:00:00+00:00,419.03644646079
2025-02-23 01:00:00+00:00,433.27951178165
2025-02-23 02:00:00+00:00,424.98518003536
2025-02-23 03:00:00+00:00,417.06322085587
2025-02-23 04:00:00+00:00,430.99797759637
2025-02-23 05:00:00+00:00,427.70129736783
2025-02-23 06:00:00+00:00,418.74563972805
2025-02-23 07:00:00+00:00,426.81922225624
2025-02-23 08:00:00+00:00,428.11823485919
2025-02-23 09:00:00+00:00,423.43341837941
2025-02-23 10:00:00+00:00,423.05021486456
2025-02-23 11:00:00+00:00,425.6697909199
2025-02-23 12:00:00+00:00,428.93388700871
2025-02-23 13:00:00+00:00,421.66656658885
2025-02-23 14:00:00+00:00,421.45367822747
2025-02-23 15:00:00+00:00,432.62921782525
2025-02-23 16:00:00+00:00,423.07168424849
2025-02-23 17:00:00+00:00,417.7972572777
2025-02-23 18:00:00+00:00,432.89723171203
2025-02-23 19:00:00+00:00,425.91276348021
2025-02-23 20:00:00+00:00,416.94000643146
2025-02-23 21:00:00+00:00,429.94621448178
2025-02-23 22:00:00+00:00,427.95467356565
2025-02-23 23:00:00+00:00,419.70644897004
2025-02-24 00:00:00+00:00,425.63740538979
2025-02-24 01:00:00+00:00,427.46173255187
2025-02-24 02:00:00+00:00,424.97148359883
2025-02-24 03:00:00+00:00,422.40046612527
2025-02-24 04:00:00+00:00,424.26792848318
2025-02-24 05:00:00+00:00,430.25926187008
2025-02-24 06:00:00+00:00,421.83333180928
2025-02-24 07:00:00+00:00,419.93882569419
2025-02-24 08:00:00+00:00,433.10409772883
2025-02-24 09:00:00+00:00,423.84378792433
2025-02-24 10:00:00+00:00,416.84978791069
2025-02-24 11:00:00+00:00,432.38184884479
2025-02-24 12:00:00+00:00,426.59106124283
2025-02-24 13:00:00+00:00,417.08553701491
2025-02-24 14:00:00+00:00,428.83346698059
2025-02-24 15:00:00+00:00,427.92150344113
2025-02-24 16:00:00+00:00,420.83761575414
2025-02-24 17:00:00+00:00,424.60609493629
2025-02-24 18:00:00+00:00,426.49621144975
2025-02-24 19:00:00+00:00,426.47128513497
2025-02-24 20:00:00+00:00,422.01794321269
2025-02-24 21:00:00+00:00,422.69477863944
2025-02-24 22:00:00+00:00,431.3509896741
2025-02-24 23:00:00+00:00,422.21705871111
2025-02-25 00:00:00+00:00,418.46857033397
2025-02-25 01:00:00+00:00,433.27441999726
2025-02-25 02:00:00+00:00,424.55230507281
2025-02-25 03:00:00+00:00,416.26450547014
2025-02-25 04:00:00+00:00,431.64568005454
2025-02-25 05:00:00+00:00,427.04824328446
2025-02-25 06:00:00+00:00,417.62767488128
2025-02-25 07:00:00+00:00,427.66543624755
2025-02-25 08:00:00+00:00,427.59275448904
2025-02-25 09:00:00+00:00,422.22313147638
2025-02-25 10:00:00+00:00,423.68981528398
2025-02-25 11:00:00+00:00,425.32281947441
2025-02-25 12:00:00+00:00,427.99250239132
2025-02-25 13:00:00+00:00,421.81819382543
2025-02-25 14:00:00+00:00,421.13546897396
2025-02-25 15:00:00+00:00,432.26835261646
2025-02-25 16:00:00+00:00,422.70778977437
2025-02-25 17:00:00+00:00,417.26357612991
2025-02-25 18:00:00+00:00,433.20792619849
2025-02-25 19:00:00+00:00,425.24485055847
2025-02-25 20:00:00+00:00,416.03040115023
2025-02-25 21:00:00+00:00,430.73420510322
2025-02-25 22:00:00+00:00,427.28471619666
2025-02-25 23:00:00+00:00,418.48612720663
2025-02-26 00:00:00+00:00,426.50294879695
2025-02-26 01:00:00+00:00,426.99252605643
2025-02-26 02:00:00+00:00,423.74035441293
2025-02-26 03:00:00+00:00,422.73708297668
2025-02-26 04:00:00+00:00,424.08935013432
2025-02-26 05:00:00+00:00,429.55903159836
2025-02-26 06:00:00+00:00,421.57562000443
2025-02-26 07:00:00+00:00,419.79045456014
2025-02-26 08:00:00+00:00,432.96990307119
2025-02-26 09:00:00+00:00,423.04678202846
2025-02-26 10:00:00+00:00,416.51720456437
2025-02-26 11:00:00+00:00,432.80509528017
2025-02-26 12:00:00+00:00,425.64179097516
2025-02-26 13:00:00+00:00,416.33985003391
2025-02-26 14:00:00+00:00,429.530430784
2025-02-26 15:00:00+00:00,427.16757435489
2025-02-26 16:00:00+00:00,419.7734530704
2025-02-26 17:00:00+00:00,425.14938161438
2025-02-26 18:00:00+00:00,426.1085338426
2025-02-26 19:00:00+00:00,425.41496941599
2025-02-26 20:00:00+00:00,422.04552147431
2025-02-26 21:00:00+00:00,422.57508016472
2025-02-26 22:00:00+00:00,430.68569473129
2025-02-26 23:00:00+00:00,421.62409115622
2025-02-27 00:00:00+00:00,418.3141917338
2025-02-27 01:00:00+00:00,433.22261396624
2025-02-27 02:00:00+00:00,423.5413145633
2025-02-27 03:00:00+00:00,415.45208135639
2025-02-27 04:00:00+00:00,432.42123048689
2025-02-27 05:00:00+00:00,426.2183412551
2025-02-27 06:00:00+00:00,416.3894130906
2025-02-27 07:00:00+00:00,428.73694899288
2025-02-27 08:00:00+00:00,426.9315104101
2025-02-27 09:00:00+00:00,420.79830982523
2025-02-27 10:00:00+00:00,424.54835815482
2025-02-27 11:00:00+00:00,424.9334997337
2025-02-27 12:00:00+00:00,426.81878741294
2025-02-27 13:00:00+00:00,422.08325539372
2025-02-27 14:00:00+00:00,420.85459209472
2025-02-27 15:00:00+00:00,431.75830085677
2025-02-27 16:00:00+00:00,422.30863274244
2025-02-27 17:00:00+00:00,416.77632659412
2025-02-27 18:00:00+00:00,433.52343290682
2025-02-27 19:00:00+00:00,424.42652868146
2025-02-27 20:00:00+00:00,415.09212849393
2025-02-27 21:00:00+00:00,431.68222789617
2025-02-27 22:00:00+00:00,426.43680675146
2025-02-27 23:00:00+00:00,417.11830605933
2025-02-28 00:00:00+00:00,427.61099742527
2025-02-28 01:00:00+00:00,426.40744339578
2025-02-28 02:00:00+00:00,422.27187945461
2025-02-28 03:00:00+00:00,423.68220887472
2025-02-28 04:00:00+00:00,423.70764114016
2025-02-28 05:00:00+00:00,428.36279429665
2025-02-28 06:00:00+00:00,421.86831469099
2025-02-28 07:00:00+00:00,419.39362722669
2025-02-28 08:00:00+00:00,432.65175939765
2025-02-28 09:00:00+00:00,422.68453957907
2025-02-28 10:00:00+00:00,415.7795687927
2025-02-28 11:00:00+00:00,433.44483296956
2025-02-28 12:00:00+00:00,424.92617929726
2025-02-28 13:00:00+00:00,415.08876515341
2025-02-28 14:00:00+00:00,430.81988400363
2025-02-28 15:00:00+00:00,426.48818501171
2025-02-28 16:00:00+00:00,418.15907083152
2025-02-28 17:00:00+00:00,426.52724358538
2025-02-28 18:00:00+00:00,425.69497627072
2025-02-28 19:00:00+00:00,423.88751222498
2025-02-28 20:00:00+00:00,422.96585926625
2025-02-28 21:00:00+00:00,422.3626874229
2025-02-28 22:00:00+00:00,429.78351610372
2025-02-28 23:00:00+00:00,421.81713300695
2025-03-01 00:00:00+00:00,417.99897905896
2025-03-01 01:00:00+00:00,433.29320462437
2025-03-01 02:00:00+00:00,423.11631273885
2025-03-01 03:00:00+00:00,414.99557147678
2025-03-01 04:00:00+00:00,433.15173145148
2025-03-01 05:00:00+00:00,425.336132612
2025-03-01 06:00:00+00:00,415.35924265973
2025-03-01 07:00:00+00:00,429.874296502
2025-03-01 08:00:00+00:00,426.32273308344
2025-03-01 09:00:00+00:00,419.39044398174
2025-03-01 10:00:00+00:00,425.5258654286
2025-03-01 11:00:00+00:00,424.75884843808
2025-03-01 12:00:00+00:00,425.51300441066
2025-03-01 13:00:00+00:00,422.44443075082
2025-03-01 14:00:00+00:00,420.93658967759
2025-03-01 15:00:00+00:00,431.06778278347
2025-03-01 16:00:00+00:00,421.93900273913
2025-03-01 17:00:00+00:00,416.71330891167
2025-03-01 18:00:00+00:00,433.71561944331
2025-03-01 19:00:00+00:00,423.59024706316
2025-03-01 20:00:00+00:00,414.51669732445
2025-03-01 21:00:00+00:00,432.62477562171
2025-03-01 22:00:00+00:00,425.59668733027
2025-03-01 23:00:00+00:00,415.95181334716
2025-03-02 00:00:00+00:00,428.82469787147
2025-03-02 01:00:00+00:00,425.94088331738
2025-03-02 02:00:00+00:00,420.8143900596
2025-03-02 03:00:00+00:00,424.61770319383
2025-03-02 04:00:00+00:00,423.58155058068
2025-03-02 05:00:00+00:00,427.27554451416
2025-03-02 06:00:00+00:00,422.04524293892
2025-03-02 07:00:00+00:00,419.4689308878
2025-03-02 08:00:00+00:00,432.32260929977
2025-03-02 09:00:00+00:00,422.10209132763
2025-03-02 10:00:00+00:00,415.62746990015
2025-03-02 11:00:00+00:00,434.03048209909
2025-03-02 12:00:00+00:00,423.95248031877
2025-03-02 13:00:00+00:00,414.3901753613
2025-03-02 14:00:00+00:00,432.05527279625
2025-03-02 15:00:00+00:00,425.62541144791
2025-03-02 16:00:00+00:00,416.93581223769
2025-03-02 17:00:00+00:00,427.84254571001
2025-03-02 18:00:00+00:00,425.28271795314
2025-03-02 19:00:00+00:00,422.53138600348
2025-03-02 20:00:00+00:00,423.76973217015
2025-03-02 21:00:00+00:00,422.38981955051
2025-03-02 22:00:00+00:00,428.85803477651
2025-03-02 23:00:00+00:00,421.79848663561
2025-03-03 00:00:00+00:00,418.12578437988
2025-03-03 01:00:00+00:00,433.22580263806
2025-03-03 02:00:00+00:00,422.39146879925
2025-03-03 03:00:00+00:00,414.77596456151
2025-03-03 04:00:00+00:00,433.91804367073
2025-03-03 05:00:00+00:00,424.44161437274
2025-03-03 06:00:00+00:00,414.50057324705
2025-03-03 07:00:00+00:00,431.20054755593
2025-03-03 08:00:00+00:00,425.67379858967
2025-03-03 09:00:00+00:00,418.02662047083
2025-03-03 10:00:00+00:00,426.79721785188
2025-03-03 11:00:00+00:00,424.60528884365
2025-03-03 12:00:00+00:00,424.13074405811
2025-03-03 13:00:00+00:00,423.10717358873
2025-03-03 14:00:00+00:00,421.15107655363
2025-03-03 15:00:00+00:00,430.25416565648
2025-03-03 16:00:00+00:00,421.78324217749
2025-03-03 17:00:00+00:00,416.87730333564
2025-03-03 18:00:00+00:00,433.84032236236
2025-03-03 19:00:00+00:00,422.83744696492
2025-03-03 20:00:00+00:00,414.1869328483
2025-03-03 21:00:00+00:00,433.63406708932
2025-03-03 22:00:00+00:00,424.74036752839
2025-03-03 23:00:00+00:00,414.956945222
2025-03-04 00:00:00+00:00,430.25491438515
2025-03-04 01:00:00+00:00,425.44166647259
2025-03-04 02:00:00+00:00,419.39908368745
2025-03-04 03:00:00+00:00,425.77400753755
2025-03-04 04:00:00+00:00,423.68043229532
2025-03-04 05:00:00+00:00,425.84184759346
2025-03-04 06:00:00+00:00,422.52719387491
2025-03-04 07:00:00+00:00,419.82192238862
2025-03-04 08:00:00+00:00,431.57967557619
2025-03-04 09:00:00+00:00,421.85813077246
2025-03-04 10:00:00+00:00,415.73692096344
2025-03-04 11:00:00+00:00,434.28116263514
2025-03-04 12:00:00+00:00,423.24328183758
2025-03-04 13:00:00+00:00,413.84643661896
2025-03-04 14:00:00+00:00,433.1567703434
2025-03-04 15:00:00+00:00,424.9578906291
2025-03-04 16:00:00+00:00,415.67338609095
2025-03-04 17:00:00+00:00,429.25883665709
2025-03-04 18:00:00+00:00,425.0465300496
2025-03-04 19:00:00+00:00,420.91643469388
2025-03-04 20:00:00+00:00,424.85560002799
2025-03-04 21:00:00+00:00,422.62282281872
2025-03-04 22:00:00+00:00,427.51654855818
2025-03-04 23:00:00+00:00,422.13290940594
2025-03-05 00:00:00+00:00,418.49184074617
2025-03-05 01:00:00+00:00,432.71658501915
2025-03-05 02:00:00+00:00,421.98353531271
2025-03-05 03:00:00+00:00,414.7908812462
2025-03-05 04:00:00+00:00,434.48005440357
2025-03-05 05:00:00+00:00,423.58166901372
2025-03-05 06:00:00+00:00,413.81811981355
2025-03-05 07:00:00+00:00,432.48442542258
2025-03-05 08:00:00+00:00,424.99468150672
2025-03-05 09:00:00+00:00,416.67213739396
2025-03-05 10:00:00+00:00,428.22410761703
2025-03-05 11:00:00+00:00,424.42094386436
2025-03-05 12:00:00+00:00,422.58200538134
2025-03-05 13:00:00+00:00,424.01270156885
2025-03-05 14:00:00+00:00,421.41845297155
2025-03-05 15:00:00+00:00,429.15299392758
2025-03-05 16:00:00+00:00,421.84344008643
2025-03-05 17:00:00+00:00,417.18892359725
2025-03-05 18:00:00+00:00,433.67199228719
2025-03-05 19:00:00+00:00,422.18782234128
2025-03-05 20:00:00+00:00,414.03532472166
2025-03-05 21:00:00+00:00,434.46509011266
2025-03-05 22:00:00+00:00,423.8626153338
2025-03-05 23:00:00+00:00,414.06332992566
2025-03-06 00:00:00+00:00,431.68789769703
2025-03-06 01:00:00+00:00,424.85908565069
2025-03-06 02:00:00+00:00,417.92033599555
2025-03-06 03:00:00+00:00,427.14393927733
2025-03-06 04:00:00+00:00,423.64579079446
2025-03-06 05:00:00+00:00,424.32077588413
2025-03-06 06:00:00+00:00,423.24267640109
2025-03-06 07:00:00+00:00,420.1734394172
2025-03-06 08:00:00+00:00,430.66404370279
2025-03-06 09:00:00+00:00,421.65265179225
2025-03-06 10:00:00+00:00,416.03000586944
2025-03-06 11:00:00+00:00,434.35781903389
2025-03-06 12:00:00+00:00,422.42682168827
2025-03-06 13:00:00+00:00,413.56263943605
2025-03-06 14:00:00+00:00,434.1744241149
2025-03-06 15:00:00+00:00,424.072193598
2025-03-06 16:00:00+00:00,414.61945089355
2025-03-06 17:00:00+00:00,430.72056192836
2025-03-06 18:00:00+00:00,424.5853788276
2025-03-06 19:00:00+00:00,419.35968016282
2025-03-06 20:00:00+00:00,426.07270742472
2025-03-06 21:00:00+00:00,422.7415782347
2025-03-06 22:00:00+00:00,426.06671681927
2025-03-06 23:00:00+00:00,422.58229669429
2025-03-07 00:00:00+00:00,418.92070304638
2025-03-07 01:00:00+00:00,432.00342238591
2025-03-07 02:00:00+00:00,421.57499955654
2025-03-07 03:00:00+00:00,414.99946632061
2025-03-07 04:00:00+00:00,434.81472838852
2025-03-07 05:00:00+00:00,422.67693041596
2025-03-07 06:00:00+00:00,413.34509110597
2025-03-07 07:00:00+00:00,433.68808074116
2025-03-07 08:00:00+00:00,424.16857761842
2025-03-07 09:00:00+00:00,415.42192454057
2025-03-07 10:00:00+00:00,429.82422378257
2025-03-07 11:00:00+00:00,424.01364765681
2025-03-07 12:00:00+00:00,420.99514939651
2025-03-07 13:00:00+00:00,425.17454733934
2025-03-07 14:00:00+00:00,421.56582695626
2025-03-07 15:00:00+00:00,427.88755393293
2025-03-07 16:00:00+00:00,422.11575218766
2025-03-07 17:00:00+00:00,417.54078891175
2025-03-07 18:00:00+00:00,433.30737978641
2025-03-07 19:00:00+00:00,421.59883510477
2025-03-07 20:00:00+00:00,414.04940382516
2025-03-07 21:00:00+00:00,435.18650423056
2025-03-07 22:00:00+00:00,422.86808729596
2025-03-07 23:00:00+00:00,413.35337678966
2025-03-08 00:00:00+00:00,433.1752945251
2025-03-08 01:00:00+00:00,424.05169020672
2025-03-08 02:00:00+00:00,416.5266426134
2025-03-08 03:00:00+00:00,428.72299508585
2025-03-08 04:00:00+00:00,423.40324574311
2025-03-08 05:00:00+00:00,422.73069362055
2025-03-08 06:00:00+00:00,424.225756611
2025-03-08 07:00:00+00:00,420.44589867787
2025-03-08 08:00:00+00:00,429.56363885606
2025-03-08 09:00:00+00:00,421.69309647569
2025-03-08 10:00:00+00:00,416.36721950425
2025-03-08 11:00:00+00:00,434.27900419662
2025-03-08 12:00:00+00:00,421.67103247084
2025-03-08 13:00:00+00:00,413.43436705644
2025-03-08 14:00:00+00:00,435.16409567681
2025-03-08 15:00:00+00:00,422.96442030466
2025-03-08 16:00:00+00:00,413.7960294657
2025-03-08 17:00:00+00:00,432.3087386755
2025-03-08 18:00:00+00:00,423.81846877014
2025-03-08 19:00:00+00:00,417.93348074884
2025-03-08 20:00:00+00:00,427.5307081818
2025-03-08 21:00:00+00:00,422.61433670155
2025-03-08 22:00:00+00:00,424.59919070154
2025-03-08 23:00:00+00:00,423.27480104382
2025-03-09 00:00:00+00:00,419.27633293389
2025-03-09 01:00:00+00:00,431.17053617463
2025-03-09 02:00:00+00:00,421.28131150353
2025-03-09 03:00:00+00:00,415.33199368648
2025-03-09 04:00:00+00:00,435.03652563151
2025-03-09 05:00:00+00:00,421.68600324179
2025-03-09 06:00:00+00:00,413.11661792576
2025-03-09 07:00:00+00:00,434.89208719072
2025-03-09 08:00:00+00:00,423.08513318906
2025-03-09 09:00:00+00:00,414.43403802825
2025-03-09 10:00:00+00:00,431.32020814649
2025-03-09 11:00:00+00:00,423.51634372461
2025-03-09 12:00:00+00:00,419.43336560597
2025-03-09 13:00:00+00:00,426.39212836346
2025-03-09 14:00:00+00:00,421.7454013917
2025-03-09 15:00:00+00:00,426.21616650462
2025-03-09 16:00:00+00:00,422.62640552782
2025-03-09 17:00:00+00:00,418.10061732227
2025-03-09 18:00:00+00:00,432.39921483241
2025-03-09 19:00:00+00:00,421.22341943295
2025-03-09 20:00:00+00:00,414.34216788108
2025-03-09 21:00:00+00:00,435.40394193004
2025-03-09 22:00:00+00:00,421.98123432414
2025-03-09 23:00:00+00:00,412.8669196356
2025-03-10 00:00:00+00:00,434.35448694091
2025-03-10 01:00:00+00:00,423.25894132627
2025-03-10 02:00:00+00:00,415.155826792
2025-03-10 03:00:00+00:00,430.25512820418
2025-03-10 04:00:00+00:00,423.16805792367
2025-03-10 05:00:00+00:00,420.8829151127
2025-03-10 06:00:00+00:00,425.37204232742
2025-03-10 07:00:00+00:00,420.81178347914
2025-03-10 08:00:00+00:00,427.9637477127
2025-03-10 09:00:00+00:00,421.97193981586
2025-03-10 10:00:00+00:00,416.92793448853
2025-03-10 11:00:00+00:00,433.58913314285
2025-03-10 12:00:00+00:00,421.10053465624
2025-03-10 13:00:00+00:00,413.57159370647
2025-03-10 14:00:00+00:00,435.63544255788
2025-03-10 15:00:00+00:00,422.06479533246
2025-03-10 16:00:00+00:00,412.93302030377
2025-03-10 17:00:00+00:00,433.8037180044
2025-03-10 18:00:00+00:00,423.09911947531
2025-03-10 19:00:00+00:00,416.25634409452
2025-03-10 20:00:00+00:00,429.22400625002
2025-03-10 21:00:00+00:00,422.46689235654
2025-03-10 22:00:00+00:00,422.6474174962
2025-03-10 23:00:00+00:00,424.41727607827
2025-03-11 00:00:00+00:00,419.63788993731
2025-03-11 01:00:00+00:00,429.71621991125
2025-03-11 02:00:00+00:00,421.46757313271
2025-03-11 03:00:00+00:00,415.72287403857
2025-03-11 04:00:00+00:00,434.68179298771
2025-03-11 05:00:00+00:00,421.04275078359
2025-03-11 06:00:00+00:00,412.93244739247
2025-03-11 07:00:00+00:00,435.75324289207
2025-03-11 08:00:00+00:00,422.15266716892
2025-03-11 09:00:00+00:00,413.33308280164
2025-03-11 10:00:00+00:00,432.96132027376
2025-03-11 11:00:00+00:00,422.8998415907
2025-03-11 12:00:00+00:00,417.58835423206
2025-03-11 13:00:00+00:00,428.04186305881
2025-03-11 14:00:00+00:00,421.74667880244
2025-03-11 15:00:00+00:00,424.50326843863
2025-03-11 16:00:00+00:00,423.39490744909
2025-03-11 17:00:00+00:00,418.57363579583
2025-03-11 18:00:00+00:00,431.3245571807
2025-03-11 19:00:00+00:00,420.96657756765
2025-03-11 20:00:00+00:00,414.7849441599
2025-03-11 21:00:00+00:00,435.46032189715
2025-03-11 22:00:00+00:00,420.98705144597
2025-03-11 23:00:00+00:00,412.67500002814
2025-03-12 00:00:00+00:00,435.50694521218
2025-03-12 01:00:00+00:00,422.16627815126
2025-03-12 02:00:00+00:00,414.06403947133
2025-03-12 03:00:00+00:00,431.94675320063
2025-03-12 04:00:00+00:00,422.57895653896
2025-03-12 05:00:00+00:00,419.16297233242
2025-03-12 06:00:00+00:00,426.8037371779
2025-03-12 07:00:00+00:00,420.94172886421
2025-03-12 08:00:00+00:00,426.30501578458
2025-03-12 09:00:00+00:00,422.51684079982
2025-03-12 10:00:00+00:00,417.48706253174
2025-03-12 11:00:00+00:00,432.73239717335
2025-03-12 12:00:00+00:00,420.62726348784
2025-03-12 13:00:00+00:00,413.94104226769
2025-03-12 14:00:00+00:00,435.9739029977
2025-03-12 15:00:00+00:00,421.12619712519
2025-03-12 16:00:00+00:00,412.46477197697
2025-03-12 17:00:00+00:00,435.07976400249
2025-03-12 18:00:00+00:00,422.2268226633
2025-03-12 19:00:00+00:00,414.82700648601
2025-03-12 20:00:00+00:00,430.92795316889
2025-03-12 21:00:00+00:00,422.18229335397
2025-03-12 22:00:00+00:00,420.67393850774
2025-03-12 23:00:00+00:00,425.74235008866
2025-03-13 00:00:00+00:00,420.01765782457
2025-03-13 01:00:00+00:00,427.97576406781
2025-03-13 02:00:00+00:00,421.86540683034
2025-03-13 03:00:00+00:00,416.35087260858
2025-03-13 04:00:00+00:00,433.90543264162
2025-03-13 05:00:00+00:00,420.4995046967
2025-03-13 06:00:00+00:00,413.14374524685
2025-03-13 07:00:00+00:00,436.24248015261
2025-03-13 08:00:00+00:00,421.15667889792
2025-03-13 09:00:00+00:00,412.6216037657
2025-03-13 10:00:00+00:00,434.42920115252
2025-03-13 11:00:00+00:00,422.12317940495
2025-03-13 12:00:00+00:00,415.94331060256
2025-03-13 13:00:00+00:00,429.75727119596
2025-03-13 14:00:00+00:00,421.63516696209
2025-03-13 15:00:00+00:00,422.20405403722
2025-03-13 16:00:00+00:00,424.67678066286
2025-03-13 17:00:00+00:00,419.10901477237
2025-03-13 18:00:00+00:00,429.47143773137
2025-03-13 19:00:00+00:00,421.30387333987
2025-03-13 20:00:00+00:00,415.33501260655
2025-03-13 21:00:00+00:00,434.76202804
2025-03-13 22:00:00+00:00,420.46747430262
2025-03-13 23:00:00+00:00,412.56160234106
2025-03-14 00:00:00+00:00,436.16336763236
2025-03-14 01:00:00+00:00,421.333165569
2025-03-14 02:00:00+00:00,412.87897325797
2025-03-14 03:00:00+00:00,433.55136139231
2025-03-14 04:00:00+00:00,422.06878174467
2025-03-14 05:00:00+00:00,417.05915690105
2025-03-14 06:00:00+00:00,428.55412950303
2025-03-14 07:00:00+00:00,421.08332500788
2025-03-14 08:00:00+00:00,423.96933220892
2025-03-14 09:00:00+00:00,423.41936061911
2025-03-14 10:00:00+00:00,418.1189055555
2025-03-14 11:00:00+00:00,431.18064526147
2025-03-14 12:00:00+00:00,420.50524775998
2025-03-14 13:00:00+00:00,414.50840920479
2025-03-14 14:00:00+00:00,435.6322744185
2025-03-14 15:00:00+00:00,420.12305140323
2025-03-14 16:00:00+00:00,412.4105119412
2025-03-14 17:00:00+00:00,435.9624332
2025-03-14 18:00:00+00:00,421.13643264766
2025-03-14 19:00:00+00:00,413.69381342369
2025-03-14 20:00:00+00:00,432.49219407152
2025-03-14 21:00:00+00:00,421.65518838955
2025-03-14 22:00:00+00:00,418.70372399552
2025-03-14 23:00:00+00:00,427.15571751301
2025-03-15 00:00:00+00:00,420.29906755777
2025-03-15 01:00:00+00:00,425.90606407229
2025-03-15 02:00:00+00:00,422.43425798785
2025-03-15 03:00:00+00:00,417.12882804762
2025-03-15 04:00:00+00:00,432.5843932798
2025-03-15 05:00:00+00:00,420.03606102833
2025-03-15 06:00:00+00:00,413.71973927087
2025-03-15 07:00:00+00:00,436.18267815752
2025-03-15 08:00:00+00:00,420.05561868233
2025-03-15 09:00:00+00:00,412.31978110759
2025-03-15 10:00:00+00:00,435.54618872688
2025-03-15 11:00:00+00:00,421.08371152997
2025-03-15 12:00:00+00:00,414.53241331045
2025-03-15 13:00:00+00:00,431.39647262794
2025-03-15 14:00:00+00:00,421.27509103064
2025-03-15 15:00:00+00:00,420.26737134452
2025-03-15 16:00:00+00:00,425.91437201053
2025-03-15 17:00:00+00:00,419.49498221629
2025-03-15 18:00:00+00:00,427.6329542597
2025-03-15 19:00:00+00:00,421.5275296006
2025-03-15 20:00:00+00:00,416.15780238735
2025-03-15 21:00:00+00:00,433.82418534577
2025-03-15 22:00:00+00:00,419.64406759993
2025-03-15 23:00:00+00:00,413.07225300856
2025-03-16 00:00:00+00:00,436.50567074404
2025-03-16 01:00:00+00:00,419.99807898482
2025-03-16 02:00:00+00:00,412.44525010738
2025-03-16 03:00:00+00:00,434.92602405651
2025-03-16 04:00:00+00:00,420.99466245778
2025-03-16 05:00:00+00:00,415.56092481852
2025-03-16 06:00:00+00:00,430.20990399995
2025-03-16 07:00:00+00:00,420.82319019103
2025-03-16 08:00:00+00:00,421.90413259453
2025-03-16 09:00:00+00:00,424.73020079626
2025-03-16 10:00:00+00:00,418.58393687512
2025-03-16 11:00:00+00:00,429.31568551458
2025-03-16 12:00:00+00:00,420.72308496357
2025-03-16 13:00:00+00:00,415.18726390503
2025-03-16 14:00:00+00:00,434.91290694219
2025-03-16 15:00:00+00:00,419.31837825419
2025-03-16 16:00:00+00:00,412.54622042278
2025-03-16 17:00:00+00:00,436.64859928779
2025-03-16 18:00:00+00:00,419.91566673928
2025-03-16 19:00:00+00:00,412.76069401871
2025-03-16 20:00:00+00:00,434.18691242439
2025-03-16 21:00:00+00:00,420.77633890423
2025-03-16 22:00:00+00:00,416.75851147617
2025-03-16 23:00:00+00:00,429.00367037913
2025-03-17 00:00:00+00:00,420.21609290788
2025-03-17 01:00:00+00:00,423.60679532864
2025-03-17 02:00:00+00:00,423.56300207906
2025-03-17 03:00:00+00:00,417.72320326764
2025-03-17 04:00:00+00:00,430.85909028992
2025-03-17 05:00:00+00:00,420.01007387198
2025-03-17 06:00:00+00:00,414.36528504495
2025-03-17 07:00:00+00:00,435.7430381076
2025-03-17 08:00:00+00:00,419.08465911673
2025-03-17 09:00:00+00:00,415.36617303306
2025-03-17 10:00:00+00:00,437.1383046516
2025-03-17 11:00:00+00:00,420.55409129027
2025-03-17 12:00:00+00:00,416.4451426988
2025-03-17 13:00:00+00:00,433.47507246044
2025-03-17 14:00:00+00:00,422.03184779298
2025-03-17 15:00:00+00:00,421.06976601714
2025-03-17 16:00:00+00:00,427.6787553214
2025-03-17 17:00:00+00:00,421.87010233037
2025-03-17 18:00:00+00:00,427.95049911516
2025-03-17 19:00:00+00:00,422.39756181389
2025-03-17 20:00:00+00:00,419.76412569958
2025-03-17 21:00:00+00:00,434.45124731443
2025-03-17 22:00:00+00:00,419.63835077053
2025-03-17 23:00:00+00:00,417.0296315643
2025-03-18 00:00:00+00:00,437.92317645824
2025-03-18 01:00:00+00:00,419.75186889653
2025-03-18 02:00:00+00:00,415.85874213152
2025-03-18 03:00:00+00:00,437.05022396909
2025-03-18 04:00:00+00:00,421.41052500369
2025-03-18 05:00:00+00:00,417.97677887116
2025-03-18 06:00:00+00:00,432.49126152813
2025-03-18 07:00:00+00:00,422.57880464019
2025-03-18 08:00:00+00:00,423.47904640884
2025-03-18 09:00:00+00:00,426.41624655367
2025-03-18 10:00:00+00:00,422.17636211179
2025-03-18 11:00:00+00:00,428.33748020186
2025-03-18 12:00:00+00:00,422.05733233199
2025-03-18 13:00:00+00:00,419.11401036287
2025-03-18 14:00:00+00:00,434.24841963904
2025-03-18 15:00:00+00:00,420.36097200599
2025-03-18 16:00:00+00:00,415.92736349016
2025-03-18 17:00:00+00:00,436.80397476034
2025-03-18 18:00:00+00:00,421.1200884729
2025-03-18 19:00:00+00:00,414.89227161658
2025-03-18 20:00:00+00:00,435.16235808105
2025-03-18 21:00:00+00:00,422.67636071992
2025-03-18 22:00:00+00:00,417.45095589131
2025-03-18 23:00:00+00:00,430.41617335116
2025-03-19 00:00:00+00:00,423.06442689604
2025-03-19 01:00:00+00:00,423.24141063421
2025-03-19 02:00:00+00:00,424.95801703813
2025-03-19 03:00:00+00:00,421.29444301243
2025-03-19 04:00:00+00:00,430.14737140373
2025-03-19 05:00:00+00:00,421.17547946161
2025-03-19 06:00:00+00:00,418.02489856446
2025-03-19 07:00:00+00:00,435.35344062915
2025-03-19 08:00:00+00:00,420.18268032686
2025-03-19 09:00:00+00:00,415.246957564
2025-03-19 10:00:00+00:00,436.78045944443
2025-03-19 11:00:00+00:00,421.3227538263
2025-03-19 12:00:00+00:00,415.13624875733
2025-03-19 13:00:00+00:00,434.10851862971
2025-03-19 14:00:00+00:00,422.73198731204
2025-03-19 15:00:00+00:00,419.33582309991
2025-03-19 16:00:00+00:00,428.53916162857
2025-03-19 17:00:00+00:00,422.35835195789
2025-03-19 18:00:00+00:00,425.6802968782
2025-03-19 19:00:00+00:00,423.08785714131
2025-03-19 20:00:00+00:00,420.340486263
2025-03-19 21:00:00+00:00,432.2989297531
2025-03-19 22:00:00+00:00,419.84570703799
2025-03-19 23:00:00+00:00,417.26431161559
2025-03-20 00:00:00+00:00,436.45722935995
2025-03-20 01:00:00+00:00,419.491790812
2025-03-20 02:00:00+00:00,415.25332853799
2025-03-20 03:00:00+00:00,436.50257281882
2025-03-20 04:00:00+00:00,420.96953356064
2025-03-20 05:00:00+00:00,416.2542454551
2025-03-20 06:00:00+00:00,432.66977616136
2025-03-20 07:00:00+00:00,422.2881079647
2025-03-20 08:00:00+00:00,420.78894391703
2025-03-20 09:00:00+00:00,426.90787240149
2025-03-20 10:00:00+00:00,421.83654007247
2025-03-20 11:00:00+00:00,427.4867020437
2025-03-20 12:00:00+00:00,421.82535676859
2025-03-20 13:00:00+00:00,419.42163392832
2025-03-20 14:00:00+00:00,433.7055438541
2025-03-20 15:00:00+00:00,419.16548530703
2025-03-20 16:00:00+00:00,416.63243559438
2025-03-20 17:00:00+00:00,436.75357687146
2025-03-20 18:00:00+00:00,419.48589137129
2025-03-20 19:00:00+00:00,415.27979054146
2025-03-20 20:00:00+00:00,435.61809974118
2025-03-20 21:00:00+00:00,421.19105031132
2025-03-20 22:00:00+00:00,417.20530728796
2025-03-20 23:00:00+00:00,430.99044582508
2025-03-21 00:00:00+00:00,422.25271138664
2025-03-21 01:00:00+00:00,422.44854076775
2025-03-21 02:00:00+00:00,425.1196865871
2025-03-21 03:00:00+00:00,421.34003464159
2025-03-21 04:00:00+00:00,429.2262527395
2025-03-21 05:00:00+00:00,420.55812297092
2025-03-21 06:00:00+00:00,418.67529799888
2025-03-21 07:00:00+00:00,434.79187783276
2025-03-21 08:00:00+00:00,418.81851535946
2025-03-21 09:00:00+00:00,415.95344309224
2025-03-21 10:00:00+00:00,436.83635827815
2025-03-21 11:00:00+00:00,419.65374705403
2025-03-21 12:00:00+00:00,415.35981536012
2025-03-21 13:00:00+00:00,434.6456434683
2025-03-21 14:00:00+00:00,421.38224117507
2025-03-21 15:00:00+00:00,417.87194444967
2025-03-21 16:00:00+00:00,429.75388965333
2025-03-21 17:00:00+00:00,422.004042129
2025-03-21 18:00:00+00:00,423.82422717828
2025-03-21 19:00:00+00:00,424.00922331129
2025-03-21 20:00:00+00:00,420.45203290515
2025-03-21 21:00:00+00:00,430.68702407002
2025-03-21 22:00:00+00:00,420.03877875329
2025-03-21 23:00:00+00:00,417.49753785889
2025-03-22 00:00:00+00:00,435.67389753156
2025-03-22 01:00:00+00:00,418.94832943034
2025-03-22 02:00:00+00:00,415.08519144649
2025-03-22 03:00:00+00:00,436.7750281146
2025-03-22 04:00:00+00:00,420.07676690427
2025-03-22 05:00:00+00:00,415.3108111858
2025-03-22 06:00:00+00:00,433.74560738356
2025-03-22 07:00:00+00:00,421.56844914734
2025-03-22 08:00:00+00:00,419.10795808954
2025-03-22 09:00:00+00:00,428.20403623966
2025-03-22 10:00:00+00:00,421.57439536196
2025-03-22 11:00:00+00:00,425.51496623082
2025-03-22 12:00:00+00:00,422.6589542973
2025-03-22 13:00:00+00:00,419.58374946891
2025-03-22 14:00:00+00:00,432.17834932548
2025-03-22 15:00:00+00:00,419.31277964707
2025-03-22 16:00:00+00:00,416.59612186559
2025-03-22 17:00:00+00:00,436.33788849975
2025-03-22 18:00:00+00:00,418.84841276962
2025-03-22 19:00:00+00:00,414.70664702589
2025-03-22 20:00:00+00:00,436.35804243496
2025-03-22 21:00:00+00:00,420.23290150666
2025-03-22 22:00:00+00:00,415.82587463509
2025-03-22 23:00:00+00:00,432.47582025722
2025-03-23 00:00:00+00:00,421.50624109614
2025-03-23 01:00:00+00:00,420.45357195728
2025-03-23 02:00:00+00:00,426.62916690398
2025-03-23 03:00:00+00:00,421.07443641187
2025-03-23 04:00:00+00:00,427.22022633985
2025-03-23 05:00:00+00:00,421.41889321497
2025-03-23 06:00:00+00:00,418.73386598919
2025-03-23 07:00:00+00:00,433.49816164281
2025-03-23 08:00:00+00:00,418.74159074677
2025-03-23 09:00:00+00:00,415.86622341714
2025-03-23 10:00:00+00:00,436.7049564339
2025-03-23 11:00:00+00:00,418.61645774334
2025-03-23 12:00:00+00:00,414.64084636947
2025-03-23 13:00:00+00:00,435.60565104894
2025-03-23 14:00:00+00:00,420.18043193723
2025-03-23 15:00:00+00:00,416.66735422256
2025-03-23 16:00:00+00:00,430.93564464627
2025-03-23 17:00:00+00:00,421.21570610099
2025-03-23 18:00:00+00:00,421.99623226487
2025-03-23 19:00:00+00:00,424.91329203556
2025-03-23 20:00:00+00:00,420.38245514926
2025-03-23 21:00:00+00:00,428.87502616197
2025-03-23 22:00:00+00:00,420.09906197222
2025-03-23 23:00:00+00:00,417.84995786914
2025-03-24 00:00:00+00:00,434.57534567195
2025-03-24 01:00:00+00:00,418.06663571648
2025-03-24 02:00:00+00:00,415.24572816683
2025-03-24 03:00:00+00:00,436.76647524002
2025-03-24 04:00:00+00:00,418.66234764298
2025-03-24 05:00:00+00:00,414.7143253971
2025-03-24 06:00:00+00:00,434.67144387831
2025-03-24 07:00:00+00:00,420.28382158502
2025-03-24 08:00:00+00:00,417.59654596321
2025-03-24 09:00:00+00:00,429.41817741013
2025-03-24 10:00:00+00:00,420.98487155641
2025-03-24 11:00:00+00:00,423.50109615618
2025-03-24 12:00:00+00:00,423.42543496445
2025-03-24 13:00:00+00:00,419.72466650562
2025-03-24 14:00:00+00:00,430.35055837363
2025-03-24 15:00:00+00:00,418.96169684978
2025-03-24 16:00:00+00:00,417.3707350922
2025-03-24 17:00:00+00:00,435.20917198754
2025-03-24 18:00:00+00:00,417.70024691201
2025-03-24 19:00:00+00:00,415.07851293141
2025-03-24 20:00:00+00:00,436.31271258112
2025-03-24 21:00:00+00:00,418.82344384139
2025-03-24 22:00:00+00:00,415.22444673364
2025-03-24 23:00:00+00:00,433.26593612495
2025-03-25 00:00:00+00:00,420.52167244307
2025-03-25 01:00:00+00:00,418.8115020651
2025-03-25 02:00:00+00:00,427.58261012808
2025-03-25 03:00:00+00:00,420.93995593279
2025-03-25 04:00:00+00:00,425.03863393678
2025-03-25 05:00:00+00:00,421.8085762669
2025-03-25 06:00:00+00:00,419.34976722008
2025-03-25 07:00:00+00:00,431.5860650328
2025-03-25 08:00:00+00:00,418.19439745599
2025-03-25 09:00:00+00:00,416.62361893582
2025-03-25 10:00:00+00:00,435.76570838761
2025-03-25 11:00:00+00:00,417.557587791
2025-03-25 12:00:00+00:00,414.75309814575
2025-03-25 13:00:00+00:00,435.87393361563
2025-03-25 14:00:00+00:00,418.9873590129
2025-03-25 15:00:00+00:00,415.42917102516
2025-03-25 16:00:00+00:00,432.18222962735
2025-03-25 17:00:00+00:00,420.53087775604
2025-03-25 18:00:00+00:00,419.78249217762
2025-03-25 19:00:00+00:00,426.25475527711
2025-03-25 20:00:00+00:00,420.46460059058
2025-03-25 21:00:00+00:00,426.37424021518
2025-03-25 22:00:00+00:00,420.77379830717
2025-03-25 23:00:00+00:00,418.47045685417
2025-03-26 00:00:00+00:00,432.68407790703
2025-03-26 01:00:00+00:00,417.75120746177
2025-03-26 02:00:00+00:00,415.7385584691
2025-03-26 03:00:00+00:00,436.12864772998
2025-03-26 04:00:00+00:00,417.62471131925
2025-03-26 05:00:00+00:00,414.35501537191
2025-03-26 06:00:00+00:00,435.35083144766
2025-03-26 07:00:00+00:00,419.18814341697
2025-03-26 08:00:00+00:00,416.04645212309
2025-03-26 09:00:00+00:00,430.86991849698
2025-03-26 10:00:00+00:00,420.46868540989
2025-03-26 11:00:00+00:00,421.05248557359
2025-03-26 12:00:00+00:00,424.78291678361
2025-03-26 13:00:00+00:00,420.00036542331
2025-03-26 14:00:00+00:00,427.81388352338
2025-03-26 15:00:00+00:00,419.68331714244
2025-03-26 16:00:00+00:00,417.64586918967
2025-03-26 17:00:00+00:00,433.77977436223
2025-03-26 18:00:00+00:00,417.2358228047
2025-03-26 19:00:00+00:00,415.08763958826
2025-03-26 20:00:00+00:00,436.36050109961
2025-03-26 21:00:00+00:00,417.56337742551
2025-03-26 22:00:00+00:00,414.32013956703
2025-03-26 23:00:00+00:00,434.65010004553
2025-03-27 00:00:00+00:00,419.21122859362
2025-03-27 01:00:00+00:00,416.81526539009
2025-03-27 02:00:00+00:00,429.56106414462
2025-03-27 03:00:00+00:00,420.21647910711
2025-03-27 04:00:00+00:00,422.41491892623
2025-03-27 05:00:00+00:00,423.40359797584
2025-03-27 06:00:00+00:00,419.36146621873
2025-03-27 07:00:00+00:00,429.24156423449
2025-03-27 08:00:00+00:00,418.68935165415
2025-03-27 09:00:00+00:00,416.94133927925
2025-03-27 10:00:00+00:00,434.58748545553
2025-03-27 11:00:00+00:00,416.85298203007
2025-03-27 12:00:00+00:00,414.62652045971
2025-03-27 13:00:00+00:00,436.2667570726
2025-03-27 14:00:00+00:00,417.60529068672
2025-03-27 15:00:00+00:00,414.46684367474
2025-03-27 16:00:00+00:00,433.76455962894
2025-03-27 17:00:00+00:00,419.3050096924
2025-03-27 18:00:00+00:00,417.71078991922
2025-03-27 19:00:00+00:00,428.21239841938
2025-03-27 20:00:00+00:00,420.00367635874
2025-03-27 21:00:00+00:00,423.78336505719
2025-03-27 22:00:00+00:00,422.13062634801
2025-03-27 23:00:00+00:00,418.78690577619
2025-03-28 00:00:00+00:00,430.54144038291
2025-03-28 01:00:00+00:00,417.90575116695
2025-03-28 02:00:00+00:00,416.26669797991
2025-03-28 03:00:00+00:00,435.27670192782
2025-03-28 04:00:00+00:00,416.64843159563
2025-03-28 05:00:00+00:00,414.28414652136
2025-03-28 06:00:00+00:00,436.06522769532
2025-03-28 07:00:00+00:00,417.73823891379
2025-03-28 08:00:00+00:00,414.82107488331
2025-03-28 09:00:00+00:00,432.7069594154
2025-03-28 10:00:00+00:00,419.3703258557
2025-03-28 11:00:00+00:00,418.75013997123
2025-03-28 12:00:00+00:00,426.79448180621
2025-03-28 13:00:00+00:00,419.75034680936
2025-03-28 14:00:00+00:00,425.16377687035
2025-03-28 15:00:00+00:00,420.92449329178
2025-03-28 16:00:00+00:00,418.20166792389
2025-03-28 17:00:00+00:00,431.61074639571
2025-03-28 18:00:00+00:00,417.24505103939
2025-03-28 19:00:00+00:00,415.63236595552
2025-03-28 20:00:00+00:00,435.65910845196
2025-03-28 21:00:00+00:00,416.54402957007
2025-03-28 22:00:00+00:00,414.01861961291
2025-03-28 23:00:00+00:00,435.57362516403
2025-03-29 00:00:00+00:00,417.8987312612
2025-03-29 01:00:00+00:00,415.20742022986
2025-03-29 02:00:00+00:00,431.53249836819
2025-03-29 03:00:00+00:00,419.40851992066
2025-03-29 04:00:00+00:00,419.74421750354
2025-03-29 05:00:00+00:00,425.40174240562
2025-03-29 06:00:00+00:00,419.43053664529
2025-03-29 07:00:00+00:00,426.384986867
2025-03-29 08:00:00+00:00,419.77341451653
2025-03-29 09:00:00+00:00,417.60425890556
2025-03-29 10:00:00+00:00,432.62105296404
2025-03-29 11:00:00+00:00,416.64482656329
2025-03-29 12:00:00+00:00,415.09798753459
2025-03-29 13:00:00+00:00,435.91573157938
2025-03-29 14:00:00+00:00,416.45129262549
2025-03-29 15:00:00+00:00,414.03245116817
2025-03-29 16:00:00+00:00,434.83990394093
2025-03-29 17:00:00+00:00,418.23717980602
2025-03-29 18:00:00+00:00,415.83308849901
2025-03-29 19:00:00+00:00,430.21918553909
2025-03-29 20:00:00+00:00,419.61219441866
2025-03-29 21:00:00+00:00,420.86621928862
2025-03-29 22:00:00+00:00,424.01412488815
2025-03-29 23:00:00+00:00,419.29410523154
2025-03-30 00:00:00+00:00,427.58621042736
2025-03-30 01:00:00+00:00,418.79793935351
2025-03-30 02:00:00+00:00,417.2209654733
2025-03-30 03:00:00+00:00,433.38443430132
2025-03-30 04:00:00+00:00,416.31300499328
2025-03-30 05:00:00+00:00,414.79925845877
2025-03-30 06:00:00+00:00,435.8835417906
2025-03-30 07:00:00+00:00,416.64903690246
2025-03-30 08:00:00+00:00,414.09184291463
2025-03-30 09:00:00+00:00,434.11181438108
2025-03-30 10:00:00+00:00,418.37772939505
2025-03-30 11:00:00+00:00,416.55940154199
2025-03-30 12:00:00+00:00,428.96204217156
2025-03-30 13:00:00+00:00,419.54190986973
2025-03-30 14:00:00+00:00,422.07520369851
2025-03-30 15:00:00+00:00,422.7089769744
2025-03-30 16:00:00+00:00,418.95064517337
2025-03-30 17:00:00+00:00,428.9141816607
2025-03-30 18:00:00+00:00,417.89185886962
2025-03-30 19:00:00+00:00,416.73703958506
2025-03-30 20:00:00+00:00,434.20292389736
2025-03-30 21:00:00+00:00,415.98045449832
2025-03-30 22:00:00+00:00,414.54035661236
2025-03-30 23:00:00+00:00,435.86605476515
2025-03-31 00:00:00+00:00,416.73993539199
2025-03-31 01:00:00+00:00,414.39847467164
2025-03-31 02:00:00+00:00,433.28287298797
2025-03-31 03:00:00+00:00,418.54875126919
2025-03-31 04:00:00+00:00,417.52241609038
2025-03-31 05:00:00+00:00,427.67750297908
2025-03-31 06:00:00+00:00,419.48875538112
2025-03-31 07:00:00+00:00,423.44296636134
2025-03-31 08:00:00+00:00,421.48744806035
2025-03-31 09:00:00+00:00,418.69941050401
2025-03-31 10:00:00+00:00,429.97495071722
2025-03-31 11:00:00+00:00,417.16879351447
2025-03-31 12:00:00+00:00,416.34721057671
2025-03-31 13:00:00+00:00,434.67526713536
2025-03-31 14:00:00+00:00,415.87314145895
2025-03-31 15:00:00+00:00,414.3724798333
2025-03-31 16:00:00+00:00,435.51395895069
2025-03-31 17:00:00+00:00,417.02943394012
2025-03-31 18:00:00+00:00,414.75283359909
2025-03-31 19:00:00+00:00,432.22239268104
2025-03-31 20:00:00+00:00,418.85988392732
2025-03-31 21:00:00+00:00,418.43423153011
2025-03-31 22:00:00+00:00,426.32058087096
2025-03-31 23:00:00+00:00,419.52643526413
2025-04-01 00:00:00+00:00,424.62480261036
2025-04-01 01:00:00+00:00,420.33923592708
2025-04-01 02:00:00+00:00,418.2672595764
2025-04-01 03:00:00+00:00,431.06615455689
2025-04-01 04:00:00+00:00,416.53434291511
2025-04-01 05:00:00+00:00,415.86954004627
2025-04-01 06:00:00+00:00,435.13464732099
2025-04-01 07:00:00+00:00,415.77212145712
2025-04-01 08:00:00+00:00,414.22569412303
2025-04-01 09:00:00+00:00,435.10970041641
2025-04-01 10:00:00+00:00,417.2336628978
2025-04-01 11:00:00+00:00,415.21709099959
2025-04-01 12:00:00+00:00,431.15136554379
2025-04-01 13:00:00+00:00,419.00796773892
2025-04-01 14:00:00+00:00,419.45591660011
2025-04-01 15:00:00+00:00,425.01125382597
2025-04-01 16:00:00+00:00,419.38173240213
2025-04-01 17:00:00+00:00,425.86296536664
2025-04-01 18:00:00+00:00,419.27165493199
2025-04-01 19:00:00+00:00,417.85850906413
2025-04-01 20:00:00+00:00,432.02340182618
2025-04-01 21:00:00+00:00,416.00364064353
2025-04-01 22:00:00+00:00,415.47568559337
2025-04-01 23:00:00+00:00,435.40103636849
2025-04-02 00:00:00+00:00,415.75987123528
2025-04-02 01:00:00+00:00,414.20845685318
2025-04-02 02:00:00+00:00,434.59990532412
2025-04-02 03:00:00+00:00,417.4405118882
2025-04-02 04:00:00+00:00,415.77884209502
2025-04-02 05:00:00+00:00,430.04441428585
2025-04-02 06:00:00+00:00,419.09486455767
2025-04-02 07:00:00+00:00,420.53629202046
2025-04-02 08:00:00+00:00,423.75267358991
2025-04-02 09:00:00+00:00,424.52044561142
2025-04-02 10:00:00+00:00,427.99303276047
2025-04-02 11:00:00+00:00,423.61356309852
2025-04-02 12:00:00+00:00,421.73953496656
2025-04-02 13:00:00+00:00,434.12586061714
2025-04-02 14:00:00+00:00,421.58919775859
2025-04-02 15:00:00+00:00,418.29748002409
2025-04-02 16:00:00+00:00,437.29284915638
2025-04-02 17:00:00+00:00,422.25946752838
2025-04-02 18:00:00+00:00,416.53758710853
2025-04-02 19:00:00+00:00,436.29422661582
2025-04-02 20:00:00+00:00,424.08534905812
2025-04-02 21:00:00+00:00,418.21645442402
2025-04-02 22:00:00+00:00,431.92611642887
2025-04-02 23:00:00+00:00,424.96677229196
2025-04-03 00:00:00+00:00,423.35099355449
2025-04-03 01:00:00+00:00,426.49294891076
2025-04-03 02:00:00+00:00,423.62115556804
2025-04-03 03:00:00+00:00,430.0592197757
2025-04-03 04:00:00+00:00,422.52091787211
2025-04-03 05:00:00+00:00,420.43473769732
2025-04-03 06:00:00+00:00,435.51113119805
2025-04-03 07:00:00+00:00,421.37562638644
2025-04-03 08:00:00+00:00,417.30263458534
2025-04-03 09:00:00+00:00,437.50834184593
2025-04-03 10:00:00+00:00,423.25137731373
2025-04-03 11:00:00+00:00,415.74909977082
2025-04-03 12:00:00+00:00,435.59535373262
2025-04-03 13:00:00+00:00,424.7227599019
2025-04-03 14:00:00+00:00,418.65565165673
2025-04-03 15:00:00+00:00,430.84857254387
2025-04-03 16:00:00+00:00,424.66986668735
2025-04-03 17:00:00+00:00,424.73114760372
2025-04-03 18:00:00+00:00,425.7602101725
2025-04-03 19:00:00+00:00,422.32972927101
2025-04-03 20:00:00+00:00,431.63095842268
2025-04-03 21:00:00+00:00,422.60270994849
2025-04-03 22:00:00+00:00,418.67074752876
2025-04-03 23:00:00+00:00,436.49106321023
2025-04-04 00:00:00+00:00,422.19655279343
2025-04-04 01:00:00+00:00,415.90256339735
2025-04-04 02:00:00+00:00,437.40765211934
2025-04-04 03:00:00+00:00,423.57333185728
2025-04-04 04:00:00+00:00,416.187650706
2025-04-04 05:00:00+00:00,434.37146081232
2025-04-04 06:00:00+00:00,424.72971221368
2025-04-04 07:00:00+00:00,420.28457886172
2025-04-04 08:00:00+00:00,429.1884550547
2025-04-04 09:00:00+00:00,424.2105555938
2025-04-04 10:00:00+00:00,426.8920764609
2025-04-04 11:00:00+00:00,424.31755359758
2025-04-04 12:00:00+00:00,421.32558137573
2025-04-04 13:00:00+00:00,433.39170110515
2025-04-04 14:00:00+00:00,422.03621187831
2025-04-04 15:00:00+00:00,417.69971903685
2025-04-04 16:00:00+00:00,437.10854452489
2025-04-04 17:00:00+00:00,422.39834255463
2025-04-04 18:00:00+00:00,415.67961145932
2025-04-04 19:00:00+00:00,436.67355243855
2025-04-04 20:00:00+00:00,423.98886913272
2025-04-04 21:00:00+00:00,417.11815869083
2025-04-04 22:00:00+00:00,432.69915452529
2025-04-04 23:00:00+00:00,424.74577940801
2025-04-05 00:00:00+00:00,422.17665458348
2025-04-05 01:00:00+00:00,427.3755035376
2025-04-05 02:00:00+00:00,423.33098038776
2025-04-05 03:00:00+00:00,429.0795001613
2025-04-05 04:00:00+00:00,423.2371362771
2025-04-05 05:00:00+00:00,420.03380182135
2025-04-05 06:00:00+00:00,434.99327164126
2025-04-05 07:00:00+00:00,421.77055066551
2025-04-05 08:00:00+00:00,416.689814998
2025-04-05 09:00:00+00:00,437.47919555539
2025-04-05 10:00:00+00:00,422.72592596959
2025-04-05 11:00:00+00:00,415.58121410494
2025-04-05 12:00:00+00:00,435.81553381284
2025-04-05 13:00:00+00:00,424.23480038282
2025-04-05 14:00:00+00:00,418.24330180209
2025-04-05 15:00:00+00:00,431.13981127629
2025-04-05 16:00:00+00:00,424.38577521561
2025-04-05 17:00:00+00:00,424.16882394338
2025-04-05 18:00:00+00:00,425.89978942867
2025-04-05 19:00:00+00:00,422.28323466026
2025-04-05 20:00:00+00:00,431.12126664391
2025-04-05 21:00:00+00:00,422.446540396
2025-04-05 22:00:00+00:00,418.74304222536
2025-04-05 23:00:00+00:00,436.22955569241
2025-04-06 00:00:00+00:00,421.76175840941
2025-04-06 01:00:00+00:00,415.89220738688
2025-04-06 02:00:00+00:00,437.4692382395
2025-04-06 03:00:00+00:00,423.02737749349
2025-04-06 04:00:00+00:00,415.93414244647
2025-04-06 05:00:00+00:00,434.66183137779
2025-04-06 06:00:00+00:00,424.29080783297
2025-04-06 07:00:00+00:00,419.77334585375
2025-04-06 08:00:00+00:00,429.48816756049
2025-04-06 09:00:00+00:00,423.63997990768
2025-04-06 10:00:00+00:00,426.46901459383
2025-04-06 11:00:00+00:00,424.51934940777
2025-04-06 12:00:00+00:00,421.00178412926
2025-04-06 13:00:00+00:00,433.20177966733
2025-04-06 14:00:00+00:00,421.7622483594
2025-04-06 15:00:00+00:00,417.50773951137
2025-04-06 16:00:00+00:00,437.28926896401
2025-04-06 17:00:00+00:00,421.72568065771
2025-04-06 18:00:00+00:00,415.44353275883
2025-04-06 19:00:00+00:00,437.19700654058
2025-04-06 20:00:00+00:00,423.15449342791
2025-04-06 21:00:00+00:00,416.7305152054
2025-04-06 22:00:00+00:00,433.35720354162
2025-04-06 23:00:00+00:00,424.01585355556
2025-04-07 00:00:00+00:00,421.68441108609
2025-04-07 01:00:00+00:00,427.86463062475
2025-04-07 02:00:00+00:00,422.8625468266
2025-04-07 03:00:00+00:00,428.66859936912
2025-04-07 04:00:00+00:00,423.30509806561
2025-04-07 05:00:00+00:00,419.80553762407
2025-04-07 06:00:00+00:00,434.87895420543
2025-04-07 07:00:00+00:00,421.34629006414
2025-04-07 08:00:00+00:00,416.53787731033
2025-04-07 09:00:00+00:00,437.74626325998
2025-04-07 10:00:00+00:00,421.92174531089
2025-04-07 11:00:00+00:00,415.43867834124
2025-04-07 12:00:00+00:00,436.36809603895
2025-04-07 13:00:00+00:00,423.40127484304
2025-04-07 14:00:00+00:00,417.90888941646
2025-04-07 15:00:00+00:00,431.72751312655
2025-04-07 16:00:00+00:00,423.78182813366
2025-04-07 17:00:00+00:00,423.73127867267
2025-04-07 18:00:00+00:00,426.2180781231
2025-04-07 19:00:00+00:00,422.01091389742
2025-04-07 20:00:00+00:00,430.79597232313
2025-04-07 21:00:00+00:00,422.2943107061
2025-04-07 22:00:00+00:00,418.7089718492
2025-04-07 23:00:00+00:00,436.22416794262
2025-04-08 00:00:00+00:00,421.15175797103
2025-04-08 01:00:00+00:00,415.88113228657
2025-04-08 02:00:00+00:00,437.8469429718
2025-04-08 03:00:00+00:00,422.18011924098
2025-04-08 04:00:00+00:00,415.75368666896
2025-04-08 05:00:00+00:00,435.28104357287
2025-04-08 06:00:00+00:00,423.51340348005
2025-04-08 07:00:00+00:00,419.38427565683
2025-04-08 08:00:00+00:00,430.05497969357
2025-04-08 09:00:00+00:00,423.31175885849
2025-04-08 10:00:00+00:00,425.887373447
2025-04-08 11:00:00+00:00,424.73909124894
2025-04-08 12:00:00+00:00,420.98138371658
2025-04-08 13:00:00+00:00,432.77861972461
2025-04-08 14:00:00+00:00,421.53875286229
2025-04-08 15:00:00+00:00,417.54803407731
2025-04-08 16:00:00+00:00,436.95382163546
2025-04-08 17:00:00+00:00,421.48667766248
2025-04-08 18:00:00+00:00,415.22408687429
2025-04-08 19:00:00+00:00,437.39355126988
2025-04-08 20:00:00+00:00,422.78704289554
2025-04-08 21:00:00+00:00,416.11128094898
2025-04-08 22:00:00+00:00,433.92462552886
2025-04-08 23:00:00+00:00,423.75362199055
2025-04-09 00:00:00+00:00,420.74105012339
2025-04-09 01:00:00+00:00,428.48869401196
2025-04-09 02:00:00+00:00,422.82190784168
2025-04-09 03:00:00+00:00,427.6782392991
2025-04-09 04:00:00+00:00,423.68187488454
2025-04-09 05:00:00+00:00,419.90658232393
2025-04-09 06:00:00+00:00,434.18524311419
2025-04-09 07:00:00+00:00,421.33917237484
2025-04-09 08:00:00+00:00,416.54712842121
2025-04-09 09:00:00+00:00,437.62368662147
2025-04-09 10:00:00+00:00,421.59691182811
2025-04-09 11:00:00+00:00,415.05504382987
2025-04-09 12:00:00+00:00,436.78396603713
2025-04-09 13:00:00+00:00,422.99249534898
2025-04-09 14:00:00+00:00,417.12011903093
2025-04-09 15:00:00+00:00,432.44032617166
2025-04-09 16:00:00+00:00,423.29960851871
2025-04-09 17:00:00+00:00,422.84729660347
2025-04-09 18:00:00+00:00,426.78478060448
2025-04-09 19:00:00+00:00,421.80366772692
2025-04-09 20:00:00+00:00,430.00025134734
2025-04-09 21:00:00+00:00,422.43090333223
2025-04-09 22:00:00+00:00,418.66340984078
2025-04-09 23:00:00+00:00,435.82945990325
2025-04-10 00:00:00+00:00,420.79861917615
2025-04-10 01:00:00+00:00,415.74389880461
2025-04-10 02:00:00+00:00,438.00337023728
2025-04-10 03:00:00+00:00,421.52060513952
2025-04-10 04:00:00+00:00,415.29871745516
2025-04-10 05:00:00+00:00,435.88329504838
2025-04-10 06:00:00+00:00,422.85338174862
2025-04-10 07:00:00+00:00,418.573532697
2025-04-10 08:00:00+00:00,430.78209046758
2025-04-10 09:00:00+00:00,422.89444379879
2025-04-10 10:00:00+00:00,424.92219283352
2025-04-10 11:00:00+00:00,425.21168605428
2025-04-10 12:00:00+00:00,420.84646654842
2025-04-10 13:00:00+00:00,432.00410077749
2025-04-10 14:00:00+00:00,421.51447472161
2025-04-10 15:00:00+00:00,417.38692225852
2025-04-10 16:00:00+00:00,437.09407300456
2025-04-10 17:00:00+00:00,420.69867521539
2025-04-10 18:00:00+00:00,415.03788800658
2025-04-10 19:00:00+00:00,438.03934414463
2025-04-10 20:00:00+00:00,421.70320339515
2025-04-10 21:00:00+00:00,415.70429469567
2025-04-10 22:00:00+00:00,434.84160969032
2025-04-10 23:00:00+00:00,422.75573292704
2025-04-11 00:00:00+00:00,420.12251815632
2025-04-11 01:00:00+00:00,429.2719084829
2025-04-11 02:00:00+00:00,422.17291648371
2025-04-11 03:00:00+00:00,427.07459767212
2025-04-11 04:00:00+00:00,423.9489169411
2025-04-11 05:00:00+00:00,419.62652588908
2025-04-11 06:00:00+00:00,433.90960571812
2025-04-11 07:00:00+00:00,420.92630378211
2025-04-11 08:00:00+00:00,416.43144328015
2025-04-11 09:00:00+00:00,437.62015598184
2025-04-11 10:00:00+00:00,420.83273197604
2025-04-11 11:00:00+00:00,414.95151191691
2025-04-11 12:00:00+00:00,437.28259980564
2025-04-11 13:00:00+00:00,422.13410834201
2025-04-11 14:00:00+00:00,416.63345584454
2025-04-11 15:00:00+00:00,433.17633374695
2025-04-11 16:00:00+00:00,422.90990564885
2025-04-11 17:00:00+00:00,421.90485481733
2025-04-11 18:00:00+00:00,427.44297465687
2025-04-11 19:00:00+00:00,421.76683530473
2025-04-11 20:00:00+00:00,429.05451057235
2025-04-11 21:00:00+00:00,422.67776444546
2025-04-11 22:00:00+00:00,418.85300286125
2025-04-11 23:00:00+00:00,435.26425446888
2025-04-12 00:00:00+00:00,420.53934258589
2025-04-12 01:00:00+00:00,415.8536712873
2025-04-12 02:00:00+00:00,438.04205213121
2025-04-12 03:00:00+00:00,420.93810125964
2025-04-12 04:00:00+00:00,415.03255017135
2025-04-12 05:00:00+00:00,436.46445601832
2025-04-12 06:00:00+00:00,422.2847128242
2025-04-12 07:00:00+00:00,417.84076272441
2025-04-12 08:00:00+00:00,431.58505895063
2025-04-12 09:00:00+00:00,422.47952636722
2025-04-12 10:00:00+00:00,423.94590021339
2025-04-12 11:00:00+00:00,425.91466160244
2025-04-12 12:00:00+00:00,420.77141489331
2025-04-12 13:00:00+00:00,431.19516226463
2025-04-12 14:00:00+00:00,421.68108402799
2025-04-12 15:00:00+00:00,417.67583185808
2025-04-12 16:00:00+00:00,436.67313666209
2025-04-12 17:00:00+00:00,420.24012021268
2025-04-12 18:00:00+00:00,415.1579038156
2025-04-12 19:00:00+00:00,438.22757462735
2025-04-12 20:00:00+00:00,421.02643765512
2025-04-12 21:00:00+00:00,415.3766287455
2025-04-12 22:00:00+00:00,435.49400614333
2025-04-12 23:00:00+00:00,422.22482635621
2025-04-13 00:00:00+00:00,419.32243457076
2025-04-13 01:00:00+00:00,430.01435824465
2025-04-13 02:00:00+00:00,422.03005367781
2025-04-13 03:00:00+00:00,426.02020130743
2025-04-13 04:00:00+00:00,424.23144583779
2025-04-13 05:00:00+00:00,420.05765294965
2025-04-13 06:00:00+00:00,432.98355771427
2025-04-13 07:00:00+00:00,420.75101353448
2025-04-13 08:00:00+00:00,416.93917667812
2025-04-13 09:00:00+00:00,437.44248734799
2025-04-13 10:00:00+00:00,420.10754217252
2025-04-13 11:00:00+00:00,415.01023998084
2025-04-13 12:00:00+00:00,437.68367898542
2025-04-13 13:00:00+00:00,421.28500660681
2025-04-13 14:00:00+00:00,416.22476064061
2025-04-13 15:00:00+00:00,433.91538952205
2025-04-13 16:00:00+00:00,422.32307302059
2025-04-13 17:00:00+00:00,421.07483686263
2025-04-13 18:00:00+00:00,428.0957595563
2025-04-13 19:00:00+00:00,421.64364168667
2025-04-13 20:00:00+00:00,428.1227613453
2025-04-13 21:00:00+00:00,422.86288866244
2025-04-13 22:00:00+00:00,419.09751174649
2025-04-13 23:00:00+00:00,434.64600522265
2025-04-14 00:00:00+00:00,420.12859982155
2025-04-14 01:00:00+00:00,416.13163450416
2025-04-14 02:00:00+00:00,438.0131478551
2025-04-14 03:00:00+00:00,420.26193585667
2025-04-14 04:00:00+00:00,414.78858706523
2025-04-14 05:00:00+00:00,437.08595443838
2025-04-14 06:00:00+00:00,421.54369455135
2025-04-14 07:00:00+00:00,417.08437445381
2025-04-14 08:00:00+00:00,432.51097776778
2025-04-14 09:00:00+00:00,422.16928860273
2025-04-14 10:00:00+00:00,422.81483476776
2025-04-14 11:00:00+00:00,426.57704814969
2025-04-14 12:00:00+00:00,420.88760173876
2025-04-14 13:00:00+00:00,430.07492893084
2025-04-14 14:00:00+00:00,421.8584546885
2025-04-14 15:00:00+00:00,418.01937136811
2025-04-14 16:00:00+00:00,436.01083408447
2025-04-14 17:00:00+00:00,419.87002237327
2025-04-14 18:00:00+00:00,415.34098304891
2025-04-14 19:00:00+00:00,438.26183068133
2025-04-14 20:00:00+00:00,420.35715356627
2025-04-14 21:00:00+00:00,415.05615663028
2025-04-14 22:00:00+00:00,436.12680196738
2025-04-14 23:00:00+00:00,421.65207777725
2025-04-15 00:00:00+00:00,418.42121994458
2025-04-15 01:00:00+00:00,430.86046789713
2025-04-15 02:00:00+00:00,421.85157158108
2025-04-15 03:00:00+00:00,424.84383054009
2025-04-15 04:00:00+00:00,424.96778631849
2025-04-15 05:00:00+00:00,420.08108400455
2025-04-15 06:00:00+00:00,432.03302394329
2025-04-15 07:00:00+00:00,420.86183739217
2025-04-15 08:00:00+00:00,417.10467459948
2025-04-15 09:00:00+00:00,437.12125420745
2025-04-15 10:00:00+00:00,419.62027422669
2025-04-15 11:00:00+00:00,414.92653814117
2025-04-15 12:00:00+00:00,438.12931200621
2025-04-15 13:00:00+00:00,420.51291359829
2025-04-15 14:00:00+00:00,415.62431048166
2025-04-15 15:00:00+00:00,434.90021378814
2025-04-15 16:00:00+00:00,421.68538895055
2025-04-15 17:00:00+00:00,419.99245248547
2025-04-15 18:00:00+00:00,429.13931754855
2025-04-15 19:00:00+00:00,421.40421286993
2025-04-15 20:00:00+00:00,426.91170710256
2025-04-15 21:00:00+00:00,423.47587776621
2025-04-15 22:00:00+00:00,419.2128330436
2025-04-15 23:00:00+00:00,433.79814656978
2025-04-16 00:00:00+00:00,420.06659356454
2025-04-16 01:00:00+00:00,416.28328669811
2025-04-16 02:00:00+00:00,437.8933768205
2025-04-16 03:00:00+00:00,419.50467106195
2025-04-16 04:00:00+00:00,414.76829269033
2025-04-16 05:00:00+00:00,437.64679717349
2025-04-16 06:00:00+00:00,420.67276333139
2025-04-16 07:00:00+00:00,416.49714663369
2025-04-16 08:00:00+00:00,433.45461179488
2025-04-16 09:00:00+00:00,421.42254523914
2025-04-16 10:00:00+00:00,421.92797574975
2025-04-16 11:00:00+00:00,427.3906846979
2025-04-16 12:00:00+00:00,420.68630998256
2025-04-16 13:00:00+00:00,429.16235326198
2025-04-16 14:00:00+00:00,422.0430319733
2025-04-16 15:00:00+00:00,418.24110867172
2025-04-16 16:00:00+00:00,435.52950129355
2025-04-16 17:00:00+00:00,419.31347892185
2025-04-16 18:00:00+00:00,415.60241139581
2025-04-16 19:00:00+00:00,438.47948168516
2025-04-16 20:00:00+00:00,419.32300880662
2025-04-16 21:00:00+00:00,414.95232945287
2025-04-16 22:00:00+00:00,436.95793255107
2025-04-16 23:00:00+00:00,420.62241282827
2025-04-17 00:00:00+00:00,417.7835500073
2025-04-17 01:00:00+00:00,431.89125201467
2025-04-17 02:00:00+00:00,421.25129212005
2025-04-17 03:00:00+00:00,423.85897291036
2025-04-17 04:00:00+00:00,425.66231559443
2025-04-17 05:00:00+00:00,420.04440447552
2025-04-17 06:00:00+00:00,431.14546348459
2025-04-17 07:00:00+00:00,420.84643281586
2025-04-17 08:00:00+00:00,417.41174226134
2025-04-17 09:00:00+00:00,436.78458658629
2025-04-17 10:00:00+00:00,418.87827411727
2025-04-17 11:00:00+00:00,415.15131450918
2025-04-17 12:00:00+00:00,438.52900397827
2025-04-17 13:00:00+00:00,419.40919044708
2025-04-17 14:00:00+00:00,415.38505578749
2025-04-17 15:00:00+00:00,435.81381295826
2025-04-17 16:00:00+00:00,420.84942724714
2025-04-17 17:00:00+00:00,418.91581521788
2025-04-17 18:00:00+00:00,430.20533745394
2025-04-17 19:00:00+00:00,421.01731012771
2025-04-17 20:00:00+00:00,425.56153829661
2025-04-17 21:00:00+00:00,424.1401976207
2025-04-17 22:00:00+00:00,419.29520506351
2025-04-17 23:00:00+00:00,432.70607401781
2025-04-18 00:00:00+00:00,420.00006977547
2025-04-18 01:00:00+00:00,416.51738913011
2025-04-18 02:00:00+00:00,437.51522904282
2025-04-18 03:00:00+00:00,418.77256915483
2025-04-18 04:00:00+00:00,414.69288943274
2025-04-18 05:00:00+00:00,438.11107028523
2025-04-18 06:00:00+00:00,419.67715864051
2025-04-18 07:00:00+00:00,415.7984777751
2025-04-18 08:00:00+00:00,434.48150338004
2025-04-18 09:00:00+00:00,420.97275946402
2025-04-18 10:00:00+00:00,420.46076860546
2025-04-18 11:00:00+00:00,428.45914657263
2025-04-18 12:00:00+00:00,420.69563186911
2025-04-18 13:00:00+00:00,427.49777175513
2025-04-18 14:00:00+00:00,422.69593374641
2025-04-18 15:00:00+00:00,418.59136990484
2025-04-18 16:00:00+00:00,434.27545851862
2025-04-18 17:00:00+00:00,419.29048789253
2025-04-18 18:00:00+00:00,415.87479008234
2025-04-18 19:00:00+00:00,438.08531273241
2025-04-18 20:00:00+00:00,418.76499299938
2025-04-18 21:00:00+00:00,414.67426609606
2025-04-18 22:00:00+00:00,437.48394393819
2025-04-18 23:00:00+00:00,419.9547144756
2025-04-19 00:00:00+00:00,416.7292171866
2025-04-19 01:00:00+00:00,432.97893220635
2025-04-19 02:00:00+00:00,420.90322826504
2025-04-19 03:00:00+00:00,422.22165144827
2025-04-19 04:00:00+00:00,426.72129648923
2025-04-19 05:00:00+00:00,420.17566797094
2025-04-19 06:00:00+00:00,429.46836508141
2025-04-19 07:00:00+00:00,421.36577298033
2025-04-19 08:00:00+00:00,417.80334250644
2025-04-19 09:00:00+00:00,435.68775412053
2025-04-19 10:00:00+00:00,418.70350917742
2025-04-19 11:00:00+00:00,415.28530193429
2025-04-19 12:00:00+00:00,438.3992471626
2025-04-19 13:00:00+00:00,418.75994193233
2025-04-19 14:00:00+00:00,414.85129169169
2025-04-19 15:00:00+00:00,436.62656811614
2025-04-19 16:00:00+00:00,420.07807123442
2025-04-19 17:00:00+00:00,417.88330168504
2025-04-19 18:00:00+00:00,431.37120767694
2025-04-19 19:00:00+00:00,420.71321702099
2025-04-19 20:00:00+00:00,424.06632527602
2025-04-19 21:00:00+00:00,425.04808955366
2025-04-19 22:00:00+00:00,419.54155181244
2025-04-19 23:00:00+00:00,431.32757105376
2025-04-20 00:00:00+00:00,420.21735775889
2025-04-20 01:00:00+00:00,417.00671109225
2025-04-20 02:00:00+00:00,436.82425575916
2025-04-20 03:00:00+00:00,418.27242129958
2025-04-20 04:00:00+00:00,414.90532802875
2025-04-20 05:00:00+00:00,438.36594459884
2025-04-20 06:00:00+00:00,418.82927105013
2025-04-20 07:00:00+00:00,415.31787810164
2025-04-20 08:00:00+00:00,435.48971830303
2025-04-20 09:00:00+00:00,420.22838019161
2025-04-20 10:00:00+00:00,419.12103103629
2025-04-20 11:00:00+00:00,429.70245918042
2025-04-20 12:00:00+00:00,420.458919968
2025-04-20 13:00:00+00:00,425.83205973247
2025-04-20 14:00:00+00:00,423.52445783988
2025-04-20 15:00:00+00:00,418.84681963785
2025-04-20 16:00:00+00:00,432.92116778032
2025-04-20 17:00:00+00:00,419.3345937222
2025-04-20 18:00:00+00:00,416.2314872338
2025-04-20 19:00:00+00:00,437.58025552108
2025-04-20 20:00:00+00:00,418.10034300723
2025-04-20 21:00:00+00:00,414.59817720348
2025-04-20 22:00:00+00:00,437.98102428955
2025-04-20 23:00:00+00:00,419.02840554616
2025-04-21 00:00:00+00:00,415.87723159604
2025-04-21 01:00:00+00:00,434.16046754656
2025-04-21 02:00:00+00:00,420.24699869185
2025-04-21 03:00:00+00:00,420.68023167231
2025-04-21 04:00:00+00:00,427.95761628523
2025-04-21 05:00:00+00:00,420.08074328797
2025-04-21 06:00:00+00:00,427.74428400892
2025-04-21 07:00:00+00:00,422.04246145946
2025-04-21 08:00:00+00:00,418.14380266903
2025-04-21 09:00:00+00:00,434.59999243701
2025-04-21 10:00:00+00:00,418.49249285499
2025-04-21 11:00:00+00:00,415.45801161029
2025-04-21 12:00:00+00:00,438.29636344797
2025-04-21 13:00:00+00:00,417.83650381586
2025-04-21 14:00:00+00:00,414.51019281527
2025-04-21 15:00:00+00:00,437.5178832685
2025-04-21 16:00:00+00:00,418.97604813731
2025-04-21 17:00:00+00:00,416.77752187438
2025-04-21 18:00:00+00:00,432.79674129257
2025-04-21 19:00:00+00:00,419.9732294726
2025-04-21 20:00:00+00:00,422.4052230204
2025-04-21 21:00:00+00:00,426.30177566001
2025-04-21 22:00:00+00:00,419.39238997582
2025-04-21 23:00:00+00:00,429.70081158347
2025-04-22 00:00:00+00:00,420.7080970064
2025-04-22 01:00:00+00:00,417.23688201996
2025-04-22 02:00:00+00:00,435.89413498094
2025-04-22 03:00:00+00:00,417.82835363701
2025-04-22 04:00:00+00:00,414.99556953291
2025-04-22 05:00:00+00:00,438.51101783672
2025-04-22 06:00:00+00:00,417.76522030666
2025-04-22 07:00:00+00:00,414.76603779163
2025-04-22 08:00:00+00:00,436.59337905771
2025-04-22 09:00:00+00:00,419.07677374799
2025-04-22 10:00:00+00:00,417.93324763461
2025-04-22 11:00:00+00:00,431.14252260753
2025-04-22 12:00:00+00:00,419.82779728685
2025-04-22 13:00:00+00:00,424.17983774822
2025-04-22 14:00:00+00:00,424.57955558994
2025-04-22 15:00:00+00:00,418.83932970296
2025-04-22 16:00:00+00:00,431.44754868787
2025-04-22 17:00:00+00:00,419.50795665594
2025-04-22 18:00:00+00:00,416.54718675394
2025-04-22 19:00:00+00:00,436.93341298859
2025-04-22 20:00:00+00:00,417.33924200566
2025-04-22 21:00:00+00:00,414.66089163635
2025-04-22 22:00:00+00:00,438.43089961147
2025-04-22 23:00:00+00:00,417.7756544882
2025-04-23 00:00:00+00:00,415.21581461365
2025-04-23 01:00:00+00:00,435.45457261492
2025-04-23 02:00:00+00:00,419.14318249199
2025-04-23 03:00:00+00:00,419.24277438378
2025-04-23 04:00:00+00:00,429.43312492368
2025-04-23 05:00:00+00:00,419.58530191822
2025-04-23 06:00:00+00:00,425.97015838391
2025-04-23 07:00:00+00:00,422.96007660845
2025-04-23 08:00:00+00:00,418.27325247564
2025-04-23 09:00:00+00:00,432.80232674014
2025-04-23 10:00:00+00:00,418.60206149221
2025-04-23 11:00:00+00:00,415.99453049008
2025-04-23 12:00:00+00:00,437.46720149197
2025-04-23 13:00:00+00:00,417.19115775327
2025-04-23 14:00:00+00:00,414.4813995966
2025-04-23 15:00:00+00:00,437.87698996664
2025-04-23 16:00:00+00:00,418.06946173028
2025-04-23 17:00:00+00:00,415.76875977799
2025-04-23 18:00:00+00:00,434.01494317934
2025-04-23 19:00:00+00:00,419.39734687809
2025-04-23 20:00:00+00:00,420.50988607002
2025-04-23 21:00:00+00:00,427.67443886263
2025-04-23 22:00:00+00:00,419.46391395887
2025-04-23 23:00:00+00:00,427.51564135031
2025-04-24 00:00:00+00:00,421.52746768454
2025-04-24 01:00:00+00:00,417.7915253268
2025-04-24 02:00:00+00:00,434.22440306228
2025-04-24 03:00:00+00:00,417.75792252708
2025-04-24 04:00:00+00:00,415.46639535286
2025-04-24 05:00:00+00:00,437.95753180381
2025-04-24 06:00:00+00:00,416.99881997769
2025-04-24 07:00:00+00:00,414.51079238372
2025-04-24 08:00:00+00:00,437.24737465724
2025-04-24 09:00:00+00:00,421.52634015262
2025-04-24 10:00:00+00:00,419.36214270019
2025-04-24 11:00:00+00:00,432.7210627514
2025-04-24 12:00:00+00:00,423.1336751635
2025-04-24 13:00:00+00:00,424.31582959156
2025-04-24 14:00:00+00:00,426.41572450928
2025-04-24 15:00:00+00:00,422.90698283155
2025-04-24 16:00:00+00:00,430.94912650027
2025-04-24 17:00:00+00:00,421.30327277201
2025-04-24 18:00:00+00:00,420.80145314217
2025-04-24 19:00:00+00:00,436.50657548446
2025-04-24 20:00:00+00:00,419.15702022919
2025-04-24 21:00:00+00:00,418.36181101316
2025-04-24 22:00:00+00:00,438.54711815061
2025-04-24 23:00:00+00:00,419.92250258048
2025-04-25 00:00:00+00:00,417.78418544421
2025-04-25 01:00:00+00:00,436.21308266839
2025-04-25 02:00:00+00:00,421.94439222051
2025-04-25 03:00:00+00:00,420.51513724984
2025-04-25 04:00:00+00:00,430.65795501948
2025-04-25 05:00:00+00:00,423.12518561031
2025-04-25 06:00:00+00:00,426.22617918737
2025-04-25 07:00:00+00:00,424.42404460206
2025-04-25 08:00:00+00:00,422.28050609173
2025-04-25 09:00:00+00:00,432.82065502501
2025-04-25 10:00:00+00:00,420.0895514963
2025-04-25 11:00:00+00:00,419.88914628522
2025-04-25 12:00:00+00:00,437.48722997948
2025-04-25 13:00:00+00:00,418.9174975822
2025-04-25 14:00:00+00:00,417.81898766544
2025-04-25 15:00:00+00:00,437.9413567439
2025-04-25 16:00:00+00:00,420.32822448332
2025-04-25 17:00:00+00:00,418.60262355432
2025-04-25 18:00:00+00:00,434.31088547814
2025-04-25 19:00:00+00:00,422.48346947989
2025-04-25 20:00:00+00:00,422.26471297861
2025-04-25 21:00:00+00:00,428.20066167194
2025-04-25 22:00:00+00:00,423.28014585105
2025-04-25 23:00:00+00:00,428.37468591048
2025-04-26 00:00:00+00:00,422.32993191141
2025-04-26 01:00:00+00:00,421.97732653215
2025-04-26 02:00:00+00:00,434.50028719232
2025-04-26 03:00:00+00:00,418.99444230187
2025-04-26 04:00:00+00:00,419.52988395325
2025-04-26 05:00:00+00:00,437.9376170392
2025-04-26 06:00:00+00:00,418.883509205
2025-04-26 07:00:00+00:00,418.01121643237
2025-04-26 08:00:00+00:00,437.13235385753
2025-04-26 09:00:00+00:00,420.85595473839
2025-04-26 10:00:00+00:00,419.31438440198
2025-04-26 11:00:00+00:00,432.48544485243
2025-04-26 12:00:00+00:00,422.79580454839
2025-04-26 13:00:00+00:00,423.88585118821
2025-04-26 14:00:00+00:00,426.13534492284
2025-04-26 15:00:00+00:00,422.93649788332
2025-04-26 16:00:00+00:00,430.18929843377
2025-04-26 17:00:00+00:00,421.16216978028
2025-04-26 18:00:00+00:00,421.05385194031
2025-04-26 19:00:00+00:00,435.85504165263
2025-04-26 20:00:00+00:00,418.78009985974
2025-04-26 21:00:00+00:00,418.60882993816
2025-04-26 22:00:00+00:00,438.19540397761
2025-04-26 23:00:00+00:00,419.42048588507
2025-04-27 00:00:00+00:00,417.77772901013
2025-04-27 01:00:00+00:00,436.18763407229
2025-04-27 02:00:00+00:00,421.53353063307
2025-04-27 03:00:00+00:00,420.12951818544
2025-04-27 04:00:00+00:00,430.81092210996
2025-04-27 05:00:00+00:00,422.99325246018
2025-04-27 06:00:00+00:00,425.53613687055
2025-04-27 07:00:00+00:00,424.5227477331
2025-04-27 08:00:00+00:00,422.46535723604
2025-04-27 09:00:00+00:00,432.06406988823
2025-04-27 10:00:00+00:00,419.9574699594
2025-04-27 11:00:00+00:00,420.24126051405
2025-04-27 12:00:00+00:00,436.93461863806
2025-04-27 13:00:00+00:00,418.5442049946
2025-04-27 14:00:00+00:00,418.07294046336
2025-04-27 15:00:00+00:00,438.03157074922
2025-04-27 16:00:00+00:00,419.78089660879
2025-04-27 17:00:00+00:00,418.17088638828
2025-04-27 18:00:00+00:00,434.78240702615
2025-04-27 19:00:00+00:00,421.94090994029
2025-04-27 20:00:00+00:00,421.55096308859
2025-04-27 21:00:00+00:00,428.78912028381
2025-04-27 22:00:00+00:00,422.93547631724
2025-04-27 23:00:00+00:00,427.55122395402
2025-04-28 00:00:00+00:00,422.72225242004
2025-04-28 01:00:00+00:00,421.85799592383
2025-04-28 02:00:00+00:00,433.85450118283
2025-04-28 03:00:00+00:00,418.99054380159
2025-04-28 04:00:00+00:00,419.48570648073
2025-04-28 05:00:00+00:00,437.71736958124
2025-04-28 06:00:00+00:00,418.49687871369
2025-04-28 07:00:00+00:00,417.8129012452
2025-04-28 08:00:00+00:00,437.40646726295
2025-04-28 09:00:00+00:00,420.29749563934
2025-04-28 10:00:00+00:00,418.79264695066
2025-04-28 11:00:00+00:00,433.14242234164
2025-04-28 12:00:00+00:00,422.30496907981
2025-04-28 13:00:00+00:00,423.11193044375
2025-04-28 14:00:00+00:00,426.81219405365
2025-04-28 15:00:00+00:00,422.7312877056
2025-04-28 16:00:00+00:00,429.48920513023
2025-04-28 17:00:00+00:00,421.20878679232
2025-04-28 18:00:00+00:00,421.14719419785
2025-04-28 19:00:00+00:00,435.33536585094
2025-04-28 20:00:00+00:00,418.40126205673
2025-04-28 21:00:00+00:00,418.84787586144
2025-04-28 22:00:00+00:00,437.95826745331
2025-04-28 23:00:00+00:00,418.87417476227
2025-04-29 00:00:00+00:00,417.76289110788
2025-04-29 01:00:00+00:00,436.37620649811
2025-04-29 02:00:00+00:00,420.99352939718
2025-04-29 03:00:00+00:00,419.70795319231
2025-04-29 04:00:00+00:00,431.23282163408
2025-04-29 05:00:00+00:00,422.71455125944
2025-04-29 06:00:00+00:00,424.78599754695
2025-04-29 07:00:00+00:00,424.86934637132
2025-04-29 08:00:00+00:00,422.53897785543
2025-04-29 09:00:00+00:00,431.25992649543
2025-04-29 10:00:00+00:00,419.97717290547
2025-04-29 11:00:00+00:00,420.5344592838
2025-04-29 12:00:00+00:00,436.39723420569
2025-04-29 13:00:00+00:00,418.18665552297
2025-04-29 14:00:00+00:00,418.29998909102
2025-04-29 15:00:00+00:00,437.89827834446
2025-04-29 16:00:00+00:00,419.28423571255
2025-04-29 17:00:00+00:00,417.98544408166
2025-04-29 18:00:00+00:00,435.09526345532
2025-04-29 19:00:00+00:00,421.52439684262
2025-04-29 20:00:00+00:00,420.91380871793
2025-04-29 21:00:00+00:00,429.29323736528
2025-04-29 22:00:00+00:00,422.81942100926
2025-04-29 23:00:00+00:00,426.63049307981
2025-04-30 00:00:00+00:00,423.08525047609
2025-04-30 01:00:00+00:00,422.06148839846
2025-04-30 02:00:00+00:00,432.98842382106
2025-04-30 03:00:00+00:00,418.98835906926
2025-04-30 04:00:00+00:00,419.80504805811
2025-04-30 05:00:00+00:00,437.2339833516
2025-04-30 06:00:00+00:00,418.13758247181
2025-04-30 07:00:00+00:00,417.93359298572
2025-04-30 08:00:00+00:00,437.44931105535
2025-04-30 09:00:00+00:00,419.79823245132
2025-04-30 10:00:00+00:00,418.49207009274
2025-04-30 11:00:00+00:00,433.54913189844
2025-04-30 12:00:00+00:00,421.98229713631
2025-04-30 13:00:00+00:00,422.34947985002
2025-04-30 14:00:00+00:00,427.32071902508
2025-04-30 15:00:00+00:00,423.57154938751
2025-04-30 16:00:00+00:00,428.63719257197
2025-04-30 17:00:00+00:00,422.16047318329
2025-04-30 18:00:00+00:00,422.18596358594
2025-04-30 19:00:00+00:00,434.65658079106
2025-04-30 20:00:00+00:00,419.05665673692
2025-04-30 21:00:00+00:00,419.69800401136
2025-04-30 22:00:00+00:00,437.91089192515
2025-04-30 23:00:00+00:00,419.16430652613
2025-05-01 00:00:00+00:00,418.21421154409
2025-05-01 01:00:00+00:00,436.92183973114
2025-05-01 02:00:00+00:00,421.25930180123
2025-05-01 03:00:00+00:00,419.60183086668
2025-05-01 04:00:00+00:00,432.18104721935
2025-05-01 05:00:00+00:00,423.19861216944
2025-05-01 06:00:00+00:00,424.23707022475
2025-05-01 07:00:00+00:00,425.88511551365
2025-05-01 08:00:00+00:00,423.31074725468
2025-05-01 09:00:00+00:00,430.60429634717
2025-05-01 10:00:00+00:00,420.77111648039
2025-05-01 11:00:00+00:00,421.43677859706
2025-05-01 12:00:00+00:00,436.0185848921
2025-05-01 13:00:00+00:00,418.66639088991
2025-05-01 14:00:00+00:00,419.03390333163
2025-05-01 15:00:00+00:00,438.03757172931
2025-05-01 16:00:00+00:00,419.57889807359
2025-05-01 17:00:00+00:00,418.28437101658
2025-05-01 18:00:00+00:00,435.74655415153
2025-05-01 19:00:00+00:00,421.87349965887
2025-05-01 20:00:00+00:00,420.70647168032
2025-05-01 21:00:00+00:00,430.23165870342
2025-05-01 22:00:00+00:00,423.40269521441
2025-05-01 23:00:00+00:00,426.09395783193
2025-05-02 00:00:00+00:00,424.00489618665
2025-05-02 01:00:00+00:00,422.87534713707
2025-05-02 02:00:00+00:00,432.45958164369
2025-05-02 03:00:00+00:00,419.67288876258
2025-05-02 04:00:00+00:00,420.65448053373
2025-05-02 05:00:00+00:00,437.03701066253
2025-05-02 06:00:00+00:00,418.56644379635
2025-05-02 07:00:00+00:00,418.54090570428
2025-05-02 08:00:00+00:00,437.74076243366
2025-05-02 09:00:00+00:00,420.12790208951
2025-05-02 10:00:00+00:00,418.66028262545
2025-05-02 11:00:00+00:00,434.25988326725
2025-05-02 12:00:00+00:00,422.42136465959
2025-05-02 13:00:00+00:00,422.08460024397
2025-05-02 14:00:00+00:00,428.21594386277
2025-05-02 15:00:00+00:00,423.33682188925
2025-05-02 16:00:00+00:00,427.9086571789
2025-05-02 17:00:00+00:00,422.51000528122
2025-05-02 18:00:00+00:00,422.13723805574
2025-05-02 19:00:00+00:00,434.08495642643
2025-05-02 20:00:00+00:00,419.05734366808
2025-05-02 21:00:00+00:00,419.6909124654
2025-05-02 22:00:00+00:00,437.7146417082
2025-05-02 23:00:00+00:00,418.83756061766
2025-05-03 00:00:00+00:00,418.0423430068
2025-05-03 01:00:00+00:00,437.15649107812
2025-05-03 02:00:00+00:00,420.78870425678
2025-05-03 03:00:00+00:00,419.13457939973
2025-05-03 04:00:00+00:00,432.70149320599
2025-05-03 05:00:00+00:00,422.8098908677
2025-05-03 06:00:00+00:00,423.51954832934
2025-05-03 07:00:00+00:00,426.4130333934
2025-05-03 08:00:00+00:00,423.13305550554
2025-05-03 09:00:00+00:00,429.85320208589
2025-05-03 10:00:00+00:00,421.0365594028
2025-05-03 11:00:00+00:00,421.4263190741
2025-05-03 12:00:00+00:00,435.51276393079
2025-05-03 13:00:00+00:00,418.54811944388
2025-05-03 14:00:00+00:00,419.00307842427
2025-05-03 15:00:00+00:00,438.02604034598
2025-05-03 16:00:00+00:00,419.28393187448
2025-05-03 17:00:00+00:00,417.88535522735
2025-05-03 18:00:00+00:00,436.22051570541
2025-05-03 19:00:00+00:00,421.4494826618
2025-05-03 20:00:00+00:00,420.00299588589
2025-05-03 21:00:00+00:00,430.96991935405
2025-05-03 22:00:00+00:00,423.06307396238
2025-05-03 23:00:00+00:00,425.21721040378
2025-05-04 00:00:00+00:00,424.68019366631
2025-05-04 01:00:00+00:00,422.70703480821
2025-05-04 02:00:00+00:00,431.68935627079
2025-05-04 03:00:00+00:00,420.01286916334
2025-05-04 04:00:00+00:00,420.56930468964
2025-05-04 05:00:00+00:00,436.66178753701
2025-05-04 06:00:00+00:00,418.48526402627
2025-05-04 07:00:00+00:00,418.33861116338
2025-05-04 08:00:00+00:00,437.90437787307
2025-05-04 09:00:00+00:00,419.75030216016
2025-05-04 10:00:00+00:00,418.16866078397
2025-05-04 11:00:00+00:00,434.87834654632
2025-05-04 12:00:00+00:00,421.98584585866
2025-05-04 13:00:00+00:00,421.2935199986
2025-05-04 14:00:00+00:00,429.00879590411
2025-05-04 15:00:00+00:00,423.13848198679
2025-05-04 16:00:00+00:00,427.25280410289
2025-05-04 17:00:00+00:00,422.76117025415
2025-05-04 18:00:00+00:00,422.25124755027
2025-05-04 19:00:00+00:00,433.50196211048
2025-05-04 20:00:00+00:00,418.93275712597
2025-05-04 21:00:00+00:00,419.94259454661
2025-05-04 22:00:00+00:00,437.45944867082
2025-05-04 23:00:00+00:00,418.37507384149
2025-05-05 00:00:00+00:00,418.16198629441
2025-05-05 01:00:00+00:00,437.31880077539
2025-05-05 02:00:00+00:00,420.21387690137
2025-05-05 03:00:00+00:00,418.92032135812
2025-05-05 04:00:00+00:00,433.15164136901
2025-05-05 05:00:00+00:00,422.39981795801
2025-05-05 06:00:00+00:00,422.96588887105
2025-05-05 07:00:00+00:00,426.8677437029
2025-05-05 08:00:00+00:00,423.0527924803
2025-05-05 09:00:00+00:00,429.1639100373
2025-05-05 10:00:00+00:00,421.21309533396
2025-05-05 11:00:00+00:00,421.63257623445
2025-05-05 12:00:00+00:00,434.98846764754
2025-05-05 13:00:00+00:00,418.32337204473
2025-05-05 14:00:00+00:00,419.26860145129
2025-05-05 15:00:00+00:00,437.94954350302
2025-05-05 16:00:00+00:00,418.79162448104
2025-05-05 17:00:00+00:00,417.88520318884
2025-05-05 18:00:00+00:00,436.57492272929
2025-05-05 19:00:00+00:00,420.90315380944
2025-05-05 20:00:00+00:00,419.64518918422
2025-05-05 21:00:00+00:00,431.55384314545
2025-05-05 22:00:00+00:00,422.73003847913
2025-05-05 23:00:00+00:00,424.57325645165
2025-05-06 00:00:00+00:00,425.17417497358
2025-05-06 01:00:00+00:00,422.70252856773
2025-05-06 02:00:00+00:00,431.01906421085
2025-05-06 03:00:00+00:00,420.15135022894
2025-05-06 04:00:00+00:00,420.79154187269
2025-05-06 05:00:00+00:00,436.26962061572
2025-05-06 06:00:00+00:00,418.2023883134
2025-05-06 07:00:00+00:00,418.5310618223
2025-05-06 08:00:00+00:00,437.96859192343
2025-05-06 09:00:00+00:00,419.21070833915
2025-05-06 10:00:00+00:00,418.07684185937
2025-05-06 11:00:00+00:00,435.34856282588
2025-05-06 12:00:00+00:00,421.48026157948
2025-05-06 13:00:00+00:00,420.82705750906
2025-05-06 14:00:00+00:00,429.62636366922
2025-05-06 15:00:00+00:00,422.91395472679
2025-05-06 16:00:00+00:00,426.41642966748
2025-05-06 17:00:00+00:00,423.36189096419
2025-05-06 18:00:00+00:00,422.29032143481
2025-05-06 19:00:00+00:00,432.78381259467
2025-05-06 20:00:00+00:00,419.13007423235
2025-05-06 21:00:00+00:00,420.09003623763
2025-05-06 22:00:00+00:00,437.16591513788
2025-05-06 23:00:00+00:00,418.14707033643
2025-05-07 00:00:00+00:00,418.15325079952
2025-05-07 01:00:00+00:00,437.57440599255
2025-05-07 02:00:00+00:00,419.7604443682
2025-05-07 03:00:00+00:00,418.55326110421
2025-05-07 04:00:00+00:00,433.82750306973
2025-05-07 05:00:00+00:00,422.00757499939
2025-05-07 06:00:00+00:00,422.24398675527
2025-05-07 07:00:00+00:00,427.64209770073
2025-05-07 08:00:00+00:00,422.91718328824
2025-05-07 09:00:00+00:00,428.34431144207
2025-05-07 10:00:00+00:00,421.74777473603
2025-05-07 11:00:00+00:00,421.69684720594
2025-05-07 12:00:00+00:00,434.40388818973
2025-05-07 13:00:00+00:00,418.39137515949
2025-05-07 14:00:00+00:00,419.38039338527
2025-05-07 15:00:00+00:00,437.75461889545
2025-05-07 16:00:00+00:00,418.29375006642
2025-05-07 17:00:00+00:00,417.96227507101
2025-05-07 18:00:00+00:00,436.86312250674
2025-05-07 19:00:00+00:00,420.32298526585
2025-05-07 20:00:00+00:00,419.3129597971
2025-05-07 21:00:00+00:00,432.13732182965
2025-05-07 22:00:00+00:00,422.3678700887
2025-05-07 23:00:00+00:00,423.87739527571
2025-05-08 00:00:00+00:00,425.71398821121
2025-05-08 01:00:00+00:00,422.70599875923
2025-05-08 02:00:00+00:00,430.22916942625
2025-05-08 03:00:00+00:00,420.34165621879
2025-05-08 04:00:00+00:00,421.06880226827
2025-05-08 05:00:00+00:00,435.73183542483
2025-05-08 06:00:00+00:00,417.94029872607
2025-05-08 07:00:00+00:00,418.80350911869
2025-05-08 08:00:00+00:00,437.91368144561
2025-05-08 09:00:00+00:00,418.65608829864
2025-05-08 10:00:00+00:00,418.01629965902
2025-05-08 11:00:00+00:00,435.79887204155
2025-05-08 12:00:00+00:00,420.92246099572
2025-05-08 13:00:00+00:00,420.33826098202
2025-05-08 14:00:00+00:00,430.29384500533
2025-05-08 15:00:00+00:00,422.61809146723
2025-05-08 16:00:00+00:00,425.63753968499
2025-05-08 17:00:00+00:00,423.8842626664
2025-05-08 18:00:00+00:00,422.35973494057
2025-05-08 19:00:00+00:00,432.02974780677
2025-05-08 20:00:00+00:00,419.22323247438
2025-05-08 21:00:00+00:00,420.36927295596
2025-05-08 22:00:00+00:00,436.77564267985
2025-05-08 23:00:00+00:00,417.77859181716
2025-05-09 00:00:00+00:00,418.33587968888
2025-05-09 01:00:00+00:00,437.71665095338
2025-05-09 02:00:00+00:00,419.14934644259
2025-05-09 03:00:00+00:00,418.36912665815
2025-05-09 04:00:00+00:00,434.40406934937
2025-05-09 05:00:00+00:00,421.48632000392
2025-05-09 06:00:00+00:00,421.63276773788
2025-05-09 07:00:00+00:00,428.33397880865
2025-05-09 08:00:00+00:00,422.73220724958
2025-05-09 09:00:00+00:00,427.52815848721
2025-05-09 10:00:00+00:00,422.17200024
2025-05-09 11:00:00+00:00,421.8827813167
2025-05-09 12:00:00+00:00,433.7142940153
2025-05-09 13:00:00+00:00,418.3405620499
2025-05-09 14:00:00+00:00,419.70220080579
2025-05-09 15:00:00+00:00,437.5066842726
2025-05-09 16:00:00+00:00,417.81754987572
2025-05-09 17:00:00+00:00,418.09224151738
2025-05-09 18:00:00+00:00,437.15630415201
2025-05-09 19:00:00+00:00,419.70014985599
2025-05-09 20:00:00+00:00,419.01907608743
2025-05-09 21:00:00+00:00,432.79637860278
2025-05-09 22:00:00+00:00,421.93434964474
2025-05-09 23:00:00+00:00,423.17479172321
2025-05-10 00:00:00+00:00,426.37775605128
2025-05-10 01:00:00+00:00,422.65540046982
2025-05-10 02:00:00+00:00,429.38607023984
2025-05-10 03:00:00+00:00,420.76907989179
2025-05-10 04:00:00+00:00,421.41358551571
2025-05-10 05:00:00+00:00,434.9092114786
2025-05-10 06:00:00+00:00,417.93166711623
2025-05-10 07:00:00+00:00,419.10472457572
2025-05-10 08:00:00+00:00,437.64205196773
2025-05-10 09:00:00+00:00,418.30441066033
2025-05-10 10:00:00+00:00,417.97397584397
2025-05-10 11:00:00+00:00,436.09125851216
2025-05-10 12:00:00+00:00,420.53781836645
2025-05-10 13:00:00+00:00,419.75124116448
2025-05-10 14:00:00+00:00,430.95166681298
2025-05-10 15:00:00+00:00,422.48615369288
2025-05-10 16:00:00+00:00,424.62530600311
2025-05-10 17:00:00+00:00,424.52568276871
2025-05-10 18:00:00+00:00,422.577460511
2025-05-10 19:00:00+00:00,430.95210791848
2025-05-10 20:00:00+00:00,419.52165928079
2025-05-10 21:00:00+00:00,420.77464020986
2025-05-10 22:00:00+00:00,436.04787914107
2025-05-10 23:00:00+00:00,417.63945577293
2025-05-11 00:00:00+00:00,418.59261322425
2025-05-11 01:00:00+00:00,437.59418189611
2025-05-11 02:00:00+00:00,418.74728387116
2025-05-11 03:00:00+00:00,418.16374702154
2025-05-11 04:00:00+00:00,434.85373898983
2025-05-11 05:00:00+00:00,421.13987535253
2025-05-11 06:00:00+00:00,420.87294481939
2025-05-11 07:00:00+00:00,429.05703810935
2025-05-11 08:00:00+00:00,422.69588514001
2025-05-11 09:00:00+00:00,426.66309617844
2025-05-11 10:00:00+00:00,422.56115216893
2025-05-11 11:00:00+00:00,422.18101828115
2025-05-11 12:00:00+00:00,432.86557810984
2025-05-11 13:00:00+00:00,418.27174244541
2025-05-11 14:00:00+00:00,420.20483169113
2025-05-11 15:00:00+00:00,437.04555672628
2025-05-11 16:00:00+00:00,417.31404502572
2025-05-11 17:00:00+00:00,418.4217205827
2025-05-11 18:00:00+00:00,437.24952928379
2025-05-11 19:00:00+00:00,419.04286810144
2025-05-11 20:00:00+00:00,418.87169960705
2025-05-11 21:00:00+00:00,433.3166825963
2025-05-11 22:00:00+00:00,421.48994805853
2025-05-11 23:00:00+00:00,422.50542023699
2025-05-12 00:00:00+00:00,426.97422802231
2025-05-12 01:00:00+00:00,422.65606789009
2025-05-12 02:00:00+00:00,428.44451579882
2025-05-12 03:00:00+00:00,420.95068262455
2025-05-12 04:00:00+00:00,421.74314892914
2025-05-12 05:00:00+00:00,434.31941782552
2025-05-12 06:00:00+00:00,417.55612754468
2025-05-12 07:00:00+00:00,419.62264439457
2025-05-12 08:00:00+00:00,437.49144778278
2025-05-12 09:00:00+00:00,417.66203925072
2025-05-12 10:00:00+00:00,418.06151615261
2025-05-12 11:00:00+00:00,436.54731476907
2025-05-12 12:00:00+00:00,419.76892193905
2025-05-12 13:00:00+00:00,419.37429408746
2025-05-12 14:00:00+00:00,431.75213596317
2025-05-12 15:00:00+00:00,421.96995398256
2025-05-12 16:00:00+00:00,423.83760750287
2025-05-12 17:00:00+00:00,425.24613460745
2025-05-12 18:00:00+00:00,422.5091752906
2025-05-12 19:00:00+00:00,430.07486513603
2025-05-12 20:00:00+00:00,419.78178513832
2025-05-12 21:00:00+00:00,421.05770605999
2025-05-12 22:00:00+00:00,435.4921095632
2025-05-12 23:00:00+00:00,417.31108770746
2025-05-13 00:00:00+00:00,418.90033041423
2025-05-13 01:00:00+00:00,437.62934462154
2025-05-13 02:00:00+00:00,418.01967803553
2025-05-13 03:00:00+00:00,418.13805502974
2025-05-13 04:00:00+00:00,435.45298767513
2025-05-13 05:00:00+00:00,420.40024112987
2025-05-13 06:00:00+00:00,420.34896020393
2025-05-13 07:00:00+00:00,429.9011660901
2025-05-13 08:00:00+00:00,422.29934295274
2025-05-13 09:00:00+00:00,425.49668934028
2025-05-13 10:00:00+00:00,423.4426015896
2025-05-13 11:00:00+00:00,422.28617856768
2025-05-13 12:00:00+00:00,431.77000375475
2025-05-13 13:00:00+00:00,418.68331111601
2025-05-13 14:00:00+00:00,420.46816369779
2025-05-13 15:00:00+00:00,436.46319553832
2025-05-13 16:00:00+00:00,417.17081337025
2025-05-13 17:00:00+00:00,418.49108238371
2025-05-13 18:00:00+00:00,437.40810998451
2025-05-13 19:00:00+00:00,418.56366057073
2025-05-13 20:00:00+00:00,418.44840687023
2025-05-13 21:00:00+00:00,434.10851874424
2025-05-13 22:00:00+00:00,421.04010938289
2025-05-13 23:00:00+00:00,421.54921604247
2025-05-14 00:00:00+00:00,428.00815698325
2025-05-14 01:00:00+00:00,422.51312862079
2025-05-14 02:00:00+00:00,427.23228654204
2025-05-14 03:00:00+00:00,421.75302914887
2025-05-14 04:00:00+00:00,421.92554103589
2025-05-14 05:00:00+00:00,433.31592156844
2025-05-14 06:00:00+00:00,417.81721385102
2025-05-14 07:00:00+00:00,419.87758824813
2025-05-14 08:00:00+00:00,437.10803496407
2025-05-14 09:00:00+00:00,417.23349867314
2025-05-14 10:00:00+00:00,418.24702528951
2025-05-14 11:00:00+00:00,436.82198031129
2025-05-14 12:00:00+00:00,419.16738021506
2025-05-14 13:00:00+00:00,419.01118206433
2025-05-14 14:00:00+00:00,432.51661132742
2025-05-14 15:00:00+00:00,421.58535988549
2025-05-14 16:00:00+00:00,422.88365693105
2025-05-14 17:00:00+00:00,426.167347383
2025-05-14 18:00:00+00:00,422.5264586561
2025-05-14 19:00:00+00:00,428.94462583373
2025-05-14 20:00:00+00:00,420.34644036291
2025-05-14 21:00:00+00:00,421.40583239131
2025-05-14 22:00:00+00:00,434.65753696935
2025-05-14 23:00:00+00:00,417.30683962127
2025-05-15 00:00:00+00:00,419.25427863977
2025-05-15 01:00:00+00:00,437.44579567315
2025-05-15 02:00:00+00:00,417.5640159631
2025-05-15 03:00:00+00:00,418.1135890998
2025-05-15 04:00:00+00:00,435.9707833442
2025-05-15 05:00:00+00:00,419.84832758847
2025-05-15 06:00:00+00:00,419.74469803344
2025-05-15 07:00:00+00:00,430.83764066647
2025-05-15 08:00:00+00:00,422.01630269553
2025-05-15 09:00:00+00:00,424.43596438235
2025-05-15 10:00:00+00:00,424.29528189905
2025-05-15 11:00:00+00:00,422.41236319975
2025-05-15 12:00:00+00:00,430.65201119582
2025-05-15 13:00:00+00:00,419.07657750058
2025-05-15 14:00:00+00:00,420.86903042298
2025-05-15 15:00:00+00:00,435.5798571419
2025-05-15 16:00:00+00:00,417.06160161459
2025-05-15 17:00:00+00:00,418.88114415255
2025-05-15 18:00:00+00:00,437.23111430498
2025-05-15 19:00:00+00:00,418.14043989983
2025-05-15 20:00:00+00:00,418.29746785656
2025-05-15 21:00:00+00:00,434.61958988696
2025-05-15 22:00:00+00:00,420.67639210837
2025-05-15 23:00:00+00:00,420.72894934471
2025-05-16 00:00:00+00:00,428.8701318325
2025-05-16 01:00:00+00:00,422.51626829942
2025-05-16 02:00:00+00:00,425.96889967277
2025-05-16 03:00:00+00:00,422.49662768435
2025-05-16 04:00:00+00:00,422.33746741185
2025-05-16 05:00:00+00:00,432.08658987465
2025-05-16 06:00:00+00:00,418.09880507918
2025-05-16 07:00:00+00:00,420.43422886534
2025-05-16 08:00:00+00:00,436.39471765894
2025-05-16 09:00:00+00:00,417.00036021048
2025-05-16 10:00:00+00:00,418.53016079124
2025-05-16 11:00:00+00:00,436.87290292587
2025-05-16 12:00:00+00:00,418.70624623895
2025-05-16 13:00:00+00:00,418.68048936092
2025-05-16 14:00:00+00:00,433.19711709257
2025-05-16 15:00:00+00:00,421.28217098992
2025-05-16 16:00:00+00:00,421.96447550837
2025-05-16 17:00:00+00:00,426.98292200024
2025-05-16 18:00:00+00:00,422.67520496538
2025-05-16 19:00:00+00:00,427.66741246114
2025-05-16 20:00:00+00:00,420.91412699791
2025-05-16 21:00:00+00:00,421.9567226948
2025-05-16 22:00:00+00:00,433.52976250328
2025-05-16 23:00:00+00:00,417.36388569626
2025-05-17 00:00:00+00:00,419.8634767675
2025-05-17 01:00:00+00:00,436.90937387821
2025-05-17 02:00:00+00:00,417.18126613549
2025-05-17 03:00:00+00:00,418.3320484642
2025-05-17 04:00:00+00:00,436.17620333576
2025-05-17 05:00:00+00:00,419.36725847838
2025-05-17 06:00:00+00:00,419.28305306612
2025-05-17 07:00:00+00:00,431.575157421
2025-05-17 08:00:00+00:00,421.82444815058
2025-05-17 09:00:00+00:00,423.32511350335
2025-05-17 10:00:00+00:00,425.13385084997
2025-05-17 11:00:00+00:00,422.67840132742
2025-05-17 12:00:00+00:00,429.31637941532
2025-05-17 13:00:00+00:00,419.56122127839
2025-05-17 14:00:00+00:00,421.45901383992
2025-05-17 15:00:00+00:00,434.73062689281
2025-05-17 16:00:00+00:00,416.92429253957
2025-05-17 17:00:00+00:00,419.30467960994
2025-05-17 18:00:00+00:00,437.07574317939
2025-05-17 19:00:00+00:00,417.55685252992
2025-05-17 20:00:00+00:00,418.28211983698
2025-05-17 21:00:00+00:00,435.18127700636
2025-05-17 22:00:00+00:00,420.05146070553
2025-05-17 23:00:00+00:00,420.07196588373
2025-05-18 00:00:00+00:00,429.82231466879
2025-05-18 01:00:00+00:00,422.23732501232
2025-05-18 02:00:00+00:00,424.82696948787
2025-05-18 03:00:00+00:00,423.33586635511
2025-05-18 04:00:00+00:00,422.53927085276
2025-05-18 05:00:00+00:00,430.90831350256
2025-05-18 06:00:00+00:00,418.41650491299
2025-05-18 07:00:00+00:00,420.91549315792
2025-05-18 08:00:00+00:00,435.68281843678
2025-05-18 09:00:00+00:00,416.76882449976
2025-05-18 10:00:00+00:00,418.8590486066
2025-05-18 11:00:00+00:00,436.88352546634
2025-05-18 12:00:00+00:00,418.12229869402
2025-05-18 13:00:00+00:00,418.45138844099
2025-05-18 14:00:00+00:00,433.9058619219
2025-05-18 15:00:00+00:00,420.77109199362
2025-05-18 16:00:00+00:00,421.06996168423
2025-05-18 17:00:00+00:00,427.98674874648
2025-05-18 18:00:00+00:00,422.57214467514
2025-05-18 19:00:00+00:00,426.37287377091
2025-05-18 20:00:00+00:00,421.69583670298
2025-05-18 21:00:00+00:00,422.29959923774
2025-05-18 22:00:00+00:00,432.34651394077
2025-05-18 23:00:00+00:00,417.57143315782
2025-05-19 00:00:00+00:00,420.36298233152
2025-05-19 01:00:00+00:00,436.32584192763
2025-05-19 02:00:00+00:00,416.81223857302
2025-05-19 03:00:00+00:00,418.53696668072
2025-05-19 04:00:00+00:00,436.40155860415
2025-05-19 05:00:00+00:00,418.74593125989
2025-05-19 06:00:00+00:00,418.85308346229
2025-05-19 07:00:00+00:00,432.43137376702
2025-05-19 08:00:00+00:00,421.38709416922
2025-05-19 09:00:00+00:00,422.27918917934
2025-05-19 10:00:00+00:00,426.13334173418
2025-05-19 11:00:00+00:00,422.71827533033
2025-05-19 12:00:00+00:00,427.98299101776
2025-05-19 13:00:00+00:00,420.21141472928
2025-05-19 14:00:00+00:00,421.91280700233
2025-05-19 15:00:00+00:00,433.89992881149
2025-05-19 16:00:00+00:00,416.91208292089
2025-05-19 17:00:00+00:00,419.62546114054
2025-05-19 18:00:00+00:00,436.97525015111
2025-05-19 19:00:00+00:00,416.92507108031
2025-05-19 20:00:00+00:00,418.28175306191
2025-05-19 21:00:00+00:00,435.87997024598
2025-05-19 22:00:00+00:00,419.21373072856
2025-05-19 23:00:00+00:00,419.49041676686
2025-05-20 00:00:00+00:00,431.00256316485
2025-05-20 01:00:00+00:00,421.6558905546
2025-05-20 02:00:00+00:00,423.75938137993
2025-05-20 03:00:00+00:00,424.44797499974
2025-05-20 04:00:00+00:00,422.45467337843
2025-05-20 05:00:00+00:00,429.77686146617
2025-05-20 06:00:00+00:00,418.96292711578
2025-05-20 07:00:00+00:00,421.21511564694
2025-05-20 08:00:00+00:00,435.01179489507
2025-05-20 09:00:00+00:00,416.51624400965
2025-05-20 10:00:00+00:00,419.15420796029
2025-05-20 11:00:00+00:00,437.03522417392
2025-05-20 12:00:00+00:00,417.32466845479
2025-05-20 13:00:00+00:00,418.33695314491
2025-05-20 14:00:00+00:00,434.80342506348
2025-05-20 15:00:00+00:00,419.88673595652
2025-05-20 16:00:00+00:00,420.36420195692
2025-05-20 17:00:00+00:00,429.24669348094
2025-05-20 18:00:00+00:00,422.04901864759
2025-05-20 19:00:00+00:00,425.27646648424
2025-05-20 20:00:00+00:00,422.70823570672
2025-05-20 21:00:00+00:00,422.30066488747
2025-05-20 22:00:00+00:00,431.33568229689
2025-05-20 23:00:00+00:00,417.89527452349
2025-05-21 00:00:00+00:00,420.68980069066
2025-05-21 01:00:00+00:00,435.9010331929
2025-05-21 02:00:00+00:00,416.37354035373
2025-05-21 03:00:00+00:00,418.76087984044
2025-05-21 04:00:00+00:00,436.80792216755
2025-05-21 05:00:00+00:00,417.85908111123
2025-05-21 06:00:00+00:00,418.58676501996
2025-05-21 07:00:00+00:00,433.51327947023
2025-05-21 08:00:00+00:00,420.55500365702
2025-05-21 09:00:00+00:00,421.43227815123
2025-05-21 10:00:00+00:00,427.39947576101
2025-05-21 11:00:00+00:00,422.33580746064
2025-05-21 12:00:00+00:00,426.84370883419
2025-05-21 13:00:00+00:00,421.08228556244
2025-05-21 14:00:00+00:00,422.04674451924
2025-05-21 15:00:00+00:00,432.65593534134
2025-05-21 16:00:00+00:00,417.12365746012
2025-05-21 17:00:00+00:00,420.19796510292
2025-05-21 18:00:00+00:00,436.40030393855
2025-05-21 19:00:00+00:00,416.53989174692
2025-05-21 20:00:00+00:00,418.50221845937
2025-05-21 21:00:00+00:00,436.17684851771
2025-05-21 22:00:00+00:00,418.59361311152
2025-05-21 23:00:00+00:00,419.00992157691
2025-05-22 00:00:00+00:00,431.95873969217
2025-05-22 01:00:00+00:00,421.26309882443
2025-05-22 02:00:00+00:00,422.5969558746
2025-05-22 03:00:00+00:00,425.55049989067
2025-05-22 04:00:00+00:00,422.56269213217
2025-05-22 05:00:00+00:00,428.3391062541
2025-05-22 06:00:00+00:00,419.67406719027
2025-05-22 07:00:00+00:00,421.73775236785
2025-05-22 08:00:00+00:00,433.8873406035
2025-05-22 09:00:00+00:00,416.56296598786
2025-05-22 10:00:00+00:00,419.68744588196
2025-05-22 11:00:00+00:00,436.68609043465
2025-05-22 12:00:00+00:00,416.8331891104
2025-05-22 13:00:00+00:00,418.39356960303
2025-05-22 14:00:00+00:00,435.32575050294
2025-05-22 15:00:00+00:00,419.24538764534
2025-05-22 16:00:00+00:00,419.69343170423
2025-05-22 17:00:00+00:00,430.277604009
2025-05-22 18:00:00+00:00,421.75432859429
2025-05-22 19:00:00+00:00,423.97679268254
2025-05-22 20:00:00+00:00,423.72827725153
2025-05-22 21:00:00+00:00,422.54515842847
2025-05-22 22:00:00+00:00,429.89366147637
2025-05-22 23:00:00+00:00,418.40595563596
2025-05-23 00:00:00+00:00,421.28566396832
2025-05-23 01:00:00+00:00,434.91243278425
2025-05-23 02:00:00+00:00,416.20323084086
2025-05-23 03:00:00+00:00,419.2405488048
2025-05-23 04:00:00+00:00,436.66490382492
2025-05-23 05:00:00+00:00,417.23930889252
2025-05-23 06:00:00+00:00,418.47617140613
2025-05-23 07:00:00+00:00,434.20211765109
2025-05-23 08:00:00+00:00,419.95741058514
2025-05-23 09:00:00+00:00,420.54497933686
2025-05-23 10:00:00+00:00,428.51150644263
2025-05-23 11:00:00+00:00,422.17323944546
2025-05-23 12:00:00+00:00,425.41843437481
2025-05-23 13:00:00+00:00,422.03351156883
2025-05-23 14:00:00+00:00,422.41796696801
2025-05-23 15:00:00+00:00,431.3378963354
2025-05-23 16:00:00+00:00,417.72851806579
2025-05-23 17:00:00+00:00,421.12114413731
2025-05-23 18:00:00+00:00,435.54114261989
2025-05-23 19:00:00+00:00,416.40835559799
2025-05-23 20:00:00+00:00,418.97902342705
2025-05-23 21:00:00+00:00,436.10048330645
2025-05-23 22:00:00+00:00,418.03940648542
2025-05-23 23:00:00+00:00,418.59748744249
2025-05-24 00:00:00+00:00,432.56387430674
2025-05-24 01:00:00+00:00,420.75798556959
2025-05-24 02:00:00+00:00,421.2079886712
2025-05-24 03:00:00+00:00,426.37586734979
2025-05-24 04:00:00+00:00,422.43841514118
2025-05-24 05:00:00+00:00,426.32290250393
2025-05-24 06:00:00+00:00,420.14555019516
2025-05-24 07:00:00+00:00,421.97107216861
2025-05-24 08:00:00+00:00,431.87216436212
2025-05-24 09:00:00+00:00,416.78931842754
2025-05-24 10:00:00+00:00,420.35474195873
2025-05-24 11:00:00+00:00,435.88036495333
2025-05-24 12:00:00+00:00,416.47759744588
2025-05-24 13:00:00+00:00,418.59238083931
2025-05-24 14:00:00+00:00,435.48409747451
2025-05-24 15:00:00+00:00,418.73665127065
2025-05-24 16:00:00+00:00,419.02834291769
2025-05-24 17:00:00+00:00,431.19849981402
2025-05-24 18:00:00+00:00,421.50867829757
2025-05-24 19:00:00+00:00,422.51324452213
2025-05-24 20:00:00+00:00,424.86048303102
2025-05-24 21:00:00+00:00,422.81716013808
2025-05-24 22:00:00+00:00,428.10568667786
2025-05-24 23:00:00+00:00,419.17527888511
2025-05-25 00:00:00+00:00,421.94266688834
2025-05-25 01:00:00+00:00,433.46865696932
2025-05-25 02:00:00+00:00,416.31690141678
2025-05-25 03:00:00+00:00,419.81834335248
2025-05-25 04:00:00+00:00,436.08959683192
2025-05-25 05:00:00+00:00,416.82647403901
2025-05-25 06:00:00+00:00,418.43990659496
2025-05-25 07:00:00+00:00,434.6153942949
2025-05-25 08:00:00+00:00,419.45484604447
2025-05-25 09:00:00+00:00,419.60541575887
2025-05-25 10:00:00+00:00,429.57529645785
2025-05-25 11:00:00+00:00,422.06488340303
2025-05-25 12:00:00+00:00,423.74946835966
2025-05-25 13:00:00+00:00,423.16291568797
2025-05-25 14:00:00+00:00,422.83305944993
2025-05-25 15:00:00+00:00,429.5055028116
2025-05-25 16:00:00+00:00,418.06516012537
2025-05-25 17:00:00+00:00,421.49367747727
2025-05-25 18:00:00+00:00,434.36495665396
2025-05-25 19:00:00+00:00,416.11317519255
2025-05-25 20:00:00+00:00,419.33844151418
2025-05-25 21:00:00+00:00,436.00019159325
2025-05-25 22:00:00+00:00,417.36214456994
2025-05-25 23:00:00+00:00,418.44603051324
2025-05-26 00:00:00+00:00,433.50309312016
2025-05-26 01:00:00+00:00,420.21346501721
2025-05-26 02:00:00+00:00,420.3700474272
2025-05-26 03:00:00+00:00,427.8826785602
2025-05-26 04:00:00+00:00,422.47261165146
2025-05-26 05:00:00+00:00,425.08465244313
2025-05-26 06:00:00+00:00,421.56962349638
2025-05-26 07:00:00+00:00,422.68419879013
2025-05-26 08:00:00+00:00,430.8433341407
2025-05-26 09:00:00+00:00,417.16826871714
2025-05-26 10:00:00+00:00,420.97116783856
2025-05-26 11:00:00+00:00,435.05427327786
2025-05-26 12:00:00+00:00,416.11084287599
2025-05-26 13:00:00+00:00,418.92697750079
2025-05-26 14:00:00+00:00,435.65392404221
2025-05-26 15:00:00+00:00,417.86798602122
2025-05-26 16:00:00+00:00,418.61119125441
2025-05-26 17:00:00+00:00,432.33202387462
2025-05-26 18:00:00+00:00,420.76142126233
2025-05-26 19:00:00+00:00,421.34127148531
2025-05-26 20:00:00+00:00,426.24611535901
2025-05-26 21:00:00+00:00,422.60099103968
2025-05-26 22:00:00+00:00,426.5578217609
2025-05-26 23:00:00+00:00,420.1522034161
2025-05-27 00:00:00+00:00,422.27827070958
2025-05-27 01:00:00+00:00,432.1881493758
2025-05-27 02:00:00+00:00,416.47890727677
2025-05-27 03:00:00+00:00,420.32760965868
2025-05-27 04:00:00+00:00,435.64173593802
2025-05-27 05:00:00+00:00,416.22805807563
2025-05-27 06:00:00+00:00,418.57283525165
2025-05-27 07:00:00+00:00,435.18475244828
2025-05-27 08:00:00+00:00,418.54932318287
2025-05-27 09:00:00+00:00,418.99016180066
2025-05-27 10:00:00+00:00,430.86713910996
2025-05-27 11:00:00+00:00,421.38109795322
2025-05-27 12:00:00+00:00,422.42825329966
2025-05-27 13:00:00+00:00,424.52636535361
2025-05-27 14:00:00+00:00,422.74466911596
2025-05-27 15:00:00+00:00,427.78955369694
2025-05-27 16:00:00+00:00,418.88556823124
2025-05-27 17:00:00+00:00,422.05012964732
2025-05-27 18:00:00+00:00,433.06280731635
2025-05-27 19:00:00+00:00,416.13312889185
2025-05-27 20:00:00+00:00,419.88407980953
2025-05-27 21:00:00+00:00,435.63929805912
2025-05-27 22:00:00+00:00,416.74380567686
2025-05-27 23:00:00+00:00,418.41902525116
2025-05-28 00:00:00+00:00,434.17315751652
2025-05-28 01:00:00+00:00,419.4602845213
2025-05-28 02:00:00+00:00,419.47168889741
2025-05-28 03:00:00+00:00,429.19048289457
2025-05-28 04:00:00+00:00,422.10552383376
2025-05-28 05:00:00+00:00,423.48952960908
2025-05-28 06:00:00+00:00,422.84559750169
2025-05-28 07:00:00+00:00,422.92045375127
2025-05-28 08:00:00+00:00,429.1376020739
2025-05-28 09:00:00+00:00,417.82219843668
2025-05-28 10:00:00+00:00,421.58807072272
2025-05-28 11:00:00+00:00,433.93541672895
2025-05-28 12:00:00+00:00,415.94316945218
2025-05-28 13:00:00+00:00,419.38521334676
2025-05-28 14:00:00+00:00,435.56687238727
2025-05-28 15:00:00+00:00,417.13828219713
2025-05-28 16:00:00+00:00,418.31659598422
2025-05-28 17:00:00+00:00,433.30721824708
2025-05-28 18:00:00+00:00,420.0074914725
2025-05-28 19:00:00+00:00,420.17993115634
2025-05-28 20:00:00+00:00,427.71503210297
2025-05-28 21:00:00+00:00,422.30932917082
2025-05-28 22:00:00+00:00,424.83317198154
2025-05-28 23:00:00+00:00,421.40460190485
2025-05-29 00:00:00+00:00,422.5724972835
2025-05-29 01:00:00+00:00,430.56022922483
2025-05-29 02:00:00+00:00,416.97789429409
2025-05-29 03:00:00+00:00,420.89154999619
2025-05-29 04:00:00+00:00,434.78589543102
2025-05-29 05:00:00+00:00,415.88580036599
2025-05-29 06:00:00+00:00,418.83496745277
2025-05-29 07:00:00+00:00,435.43855005729
2025-05-29 08:00:00+00:00,417.74046902156
2025-05-29 09:00:00+00:00,418.47211824892
2025-05-29 10:00:00+00:00,432.05343453344
2025-05-29 11:00:00+00:00,420.68817886611
2025-05-29 12:00:00+00:00,421.05875731354
2025-05-29 13:00:00+00:00,426.04192182755
2025-05-29 14:00:00+00:00,422.59508974542
2025-05-29 15:00:00+00:00,426.12400271604
2025-05-29 16:00:00+00:00,419.90393203095
2025-05-29 17:00:00+00:00,422.3721182015
2025-05-29 18:00:00+00:00,431.67102125256
2025-05-29 19:00:00+00:00,416.25610679168
2025-05-29 20:00:00+00:00,420.41698536911
2025-05-29 21:00:00+00:00,435.13347968071
2025-05-29 22:00:00+00:00,416.0280440965
2025-05-29 23:00:00+00:00,418.56472590837
2025-05-30 00:00:00+00:00,434.75865932526
2025-05-30 01:00:00+00:00,418.39920877785
2025-05-30 02:00:00+00:00,418.80620488209
2025-05-30 03:00:00+00:00,430.54869829734
2025-05-30 04:00:00+00:00,421.31836843925
2025-05-30 05:00:00+00:00,422.04529745881
2025-05-30 06:00:00+00:00,424.29039415117
2025-05-30 07:00:00+00:00,422.78297202243
2025-05-30 08:00:00+00:00,427.42283375031
2025-05-30 09:00:00+00:00,418.65605054183
2025-05-30 10:00:00+00:00,422.01580550463
2025-05-30 11:00:00+00:00,432.67344982262
2025-05-30 12:00:00+00:00,415.82552991472
2025-05-30 13:00:00+00:00,419.88588152921
2025-05-30 14:00:00+00:00,435.30914475962
2025-05-30 15:00:00+00:00,416.55584194918
2025-05-30 16:00:00+00:00,418.30702352199
2025-05-30 17:00:00+00:00,433.80024148395
2025-05-30 18:00:00+00:00,419.3066836871
2025-05-30 19:00:00+00:00,419.14228979662
2025-05-30 20:00:00+00:00,428.96730208646
2025-05-30 21:00:00+00:00,422.03758359727
2025-05-30 22:00:00+00:00,422.94796994971
2025-05-30 23:00:00+00:00,422.70785644043
2025-05-31 00:00:00+00:00,422.95167677765
2025-05-31 01:00:00+00:00,428.47546744384
2025-05-31 02:00:00+00:00,417.68754597997
2025-05-31 03:00:00+00:00,421.6646264774
2025-05-31 04:00:00+00:00,433.29294734018
2025-05-31 05:00:00+00:00,415.76430706318
2025-05-31 06:00:00+00:00,419.39488525937
2025-05-31 07:00:00+00:00,435.06923888579
2025-05-31 08:00:00+00:00,417.05905396669
2025-05-31 09:00:00+00:00,418.19715865836
2025-05-31 10:00:00+00:00,432.80916750317
2025-05-31 11:00:00+00:00,420.05590302487
2025-05-31 12:00:00+00:00,419.72020884739
2025-05-31 13:00:00+00:00,427.43197606481
2025-05-31 14:00:00+00:00,422.48729425806
2025-05-31 15:00:00+00:00,424.07584462222
2025-05-31 16:00:00+00:00,421.26194933671
2025-05-31 17:00:00+00:00,422.8510236348
2025-05-31 18:00:00+00:00,429.65456765328
2025-05-31 19:00:00+00:00,416.88861118584
2025-05-31 20:00:00+00:00,421.15980590691
2025-05-31 21:00:00+00:00,433.92672664012
2025-05-31 22:00:00+00:00,415.80854464435
2025-05-31 23:00:00+00:00,418.9293758829
2025-06-01 00:00:00+00:00,434.78460457683
2025-06-01 01:00:00+00:00,417.70124736755
2025-06-01 02:00:00+00:00,418.24748310902
2025-06-01 03:00:00+00:00,431.66656663835
2025-06-01 04:00:00+00:00,420.75017540553
2025-06-01 05:00:00+00:00,420.46616578402
2025-06-01 06:00:00+00:00,425.87613709714
2025-06-01 07:00:00+00:00,422.79548701841
2025-06-01 08:00:00+00:00,425.2808942577
2025-06-01 09:00:00+00:00,419.92080050647
2025-06-01 10:00:00+00:00,422.64143896468
2025-06-01 11:00:00+00:00,430.70480607253
2025-06-01 12:00:00+00:00,416.28091242891
2025-06-01 13:00:00+00:00,420.62192984545
2025-06-01 14:00:00+00:00,434.31252827184
2025-06-01 15:00:00+00:00,416.02241446278
2025-06-01 16:00:00+00:00,418.53293655567
2025-06-01 17:00:00+00:00,434.22934733577
2025-06-01 18:00:00+00:00,418.40486692748
2025-06-01 19:00:00+00:00,418.40922062703
2025-06-01 20:00:00+00:00,430.33363534439
2025-06-01 21:00:00+00:00,421.40969413941
2025-06-01 22:00:00+00:00,421.27700498818
2025-06-01 23:00:00+00:00,424.29534798966
2025-06-02 00:00:00+00:00,422.99234101621
2025-06-02 01:00:00+00:00,426.42215225883
2025-06-02 02:00:00+00:00,418.73409928433
2025-06-02 03:00:00+00:00,422.27921500953
2025-06-02 04:00:00+00:00,431.67281414824
2025-06-02 05:00:00+00:00,415.86425218821
2025-06-02 06:00:00+00:00,420.04535465372
2025-06-02 07:00:00+00:00,434.53501556067
2025-06-02 08:00:00+00:00,416.36021719115
2025-06-02 09:00:00+00:00,418.17703833209
2025-06-02 10:00:00+00:00,433.52389671285
2025-06-02 11:00:00+00:00,419.13501778327
2025-06-02 12:00:00+00:00,418.67687226161
2025-06-02 13:00:00+00:00,428.96965081984
2025-06-02 14:00:00+00:00,421.96030733224
2025-06-02 15:00:00+00:00,422.1710323776
2025-06-02 16:00:00+00:00,422.8370044389
2025-06-02 17:00:00+00:00,423.01907351117
2025-06-02 18:00:00+00:00,427.55428906353
2025-06-02 19:00:00+00:00,417.76881111969
2025-06-02 20:00:00+00:00,421.80952937426
2025-06-02 21:00:00+00:00,432.4664042095
2025-06-02 22:00:00+00:00,415.69770656554
2025-06-02 23:00:00+00:00,419.4492008008
2025-06-03 00:00:00+00:00,434.53669396097
2025-06-03 01:00:00+00:00,416.86939577657
2025-06-03 02:00:00+00:00,417.98810838536
2025-06-03 03:00:00+00:00,432.64561210595
2025-06-03 04:00:00+00:00,419.83317618804
2025-06-03 05:00:00+00:00,419.14762527732
2025-06-03 06:00:00+00:00,427.53073861235
2025-06-03 07:00:00+00:00,422.39147386012
2025-06-03 08:00:00+00:00,423.20328562654
2025-06-03 09:00:00+00:00,421.4315448724
2025-06-03 10:00:00+00:00,422.91980385842
2025-06-03 11:00:00+00:00,428.69132440609
2025-06-03 12:00:00+00:00,416.94280776871
2025-06-03 13:00:00+00:00,421.29467319327
2025-06-03 14:00:00+00:00,433.13274106724
2025-06-03 15:00:00+00:00,415.50359529466
2025-06-03 16:00:00+00:00,418.964634389
2025-06-03 17:00:00+00:00,434.48174578049
2025-06-03 18:00:00+00:00,417.24474421195
2025-06-03 19:00:00+00:00,418.02969737675
2025-06-03 20:00:00+00:00,431.68371239223
2025-06-03 21:00:00+00:00,420.32570505962
2025-06-03 22:00:00+00:00,419.91134608556
2025-06-03 23:00:00+00:00,426.0625676467
2025-06-04 00:00:00+00:00,422.5646085615
2025-06-04 01:00:00+00:00,424.47836452433
2025-06-04 02:00:00+00:00,420.06169149111
2025-06-04 03:00:00+00:00,422.614473462
2025-06-04 04:00:00+00:00,429.94629811236
2025-06-04 05:00:00+00:00,416.1687121719
2025-06-04 06:00:00+00:00,420.71947427659
2025-06-04 07:00:00+00:00,433.78708640921
2025-06-04 08:00:00+00:00,415.63154443088
2025-06-04 09:00:00+00:00,418.51224595209
2025-06-04 10:00:00+00:00,433.97894142122
2025-06-04 11:00:00+00:00,418.10410447752
2025-06-04 12:00:00+00:00,418.03638759833
2025-06-04 13:00:00+00:00,430.47272438124
2025-06-04 14:00:00+00:00,421.17518818993
2025-06-04 15:00:00+00:00,420.52147638587
2025-06-04 16:00:00+00:00,424.62870231327
2025-06-04 17:00:00+00:00,422.95740412598
2025-06-04 18:00:00+00:00,425.44712487196
2025-06-04 19:00:00+00:00,419.00648214344
2025-06-04 20:00:00+00:00,422.42889231393
2025-06-04 21:00:00+00:00,430.76577209351
2025-06-04 22:00:00+00:00,415.89892457811
2025-06-04 23:00:00+00:00,420.20771770957
2025-06-05 00:00:00+00:00,433.96794512797
2025-06-05 01:00:00+00:00,416.15044042782
2025-06-05 02:00:00+00:00,418.16096498923
2025-06-05 03:00:00+00:00,433.41687348918
2025-06-05 04:00:00+00:00,418.79919236799
2025-06-05 05:00:00+00:00,418.26976784195
2025-06-05 06:00:00+00:00,429.22332615591
2025-06-05 07:00:00+00:00,421.75005486495
2025-06-05 08:00:00+00:00,421.3813763414
2025-06-05 09:00:00+00:00,423.22494154151
2025-06-05 10:00:00+00:00,423.1041695956
2025-06-05 11:00:00+00:00,426.54751465033
2025-06-05 12:00:00+00:00,418.04003988859
2025-06-05 13:00:00+00:00,422.0668842587
2025-06-05 14:00:00+00:00,431.59512772207
2025-06-05 15:00:00+00:00,415.70441298643
2025-06-05 16:00:00+00:00,419.66319822184
2025-06-05 17:00:00+00:00,434.06542724089
2025-06-05 18:00:00+00:00,416.65134632693
2025-06-05 19:00:00+00:00,417.90294208161
2025-06-05 20:00:00+00:00,432.65875404014
2025-06-05 21:00:00+00:00,419.57656614115
2025-06-05 22:00:00+00:00,418.61864374866
2025-06-05 23:00:00+00:00,427.89758421904
2025-06-06 00:00:00+00:00,422.29964510187
2025-06-06 01:00:00+00:00,422.29742303133
2025-06-06 02:00:00+00:00,421.88121423309
2025-06-06 03:00:00+00:00,423.07522475785
2025-06-06 04:00:00+00:00,427.67207313197
2025-06-06 05:00:00+00:00,417.21217193756
2025-06-06 06:00:00+00:00,421.59262970763
2025-06-06 07:00:00+00:00,432.3349664056
2025-06-06 08:00:00+00:00,415.64331879795
2025-06-06 09:00:00+00:00,419.14613853197
2025-06-06 10:00:00+00:00,433.98965056512
2025-06-06 11:00:00+00:00,417.22186508375
2025-06-06 12:00:00+00:00,417.77313101543
2025-06-06 13:00:00+00:00,431.75457602715
2025-06-06 14:00:00+00:00,420.30883006411
2025-06-06 15:00:00+00:00,419.12556580108
2025-06-06 16:00:00+00:00,426.52691468791
2025-06-06 17:00:00+00:00,422.71974249917
2025-06-06 18:00:00+00:00,423.31143988448
2025-06-06 19:00:00+00:00,420.62318239141
2025-06-06 20:00:00+00:00,422.96160931825
2025-06-06 21:00:00+00:00,428.73516954134
2025-06-06 22:00:00+00:00,416.56517632994
2025-06-06 23:00:00+00:00,421.0920647348
2025-06-07 00:00:00+00:00,432.90411204533
2025-06-07 01:00:00+00:00,415.76848926072
2025-06-07 02:00:00+00:00,418.65679789983
2025-06-07 03:00:00+00:00,433.75256896256
2025-06-07 04:00:00+00:00,417.8523440055
2025-06-07 05:00:00+00:00,417.75786677807
2025-06-07 06:00:00+00:00,430.74130164278
2025-06-07 07:00:00+00:00,420.97821029852
2025-06-07 08:00:00+00:00,419.75988815009
2025-06-07 09:00:00+00:00,425.21092462299
2025-06-07 10:00:00+00:00,423.00601468261
2025-06-07 11:00:00+00:00,424.32030956059
2025-06-07 12:00:00+00:00,419.55132079589
2025-06-07 13:00:00+00:00,422.68827967357
2025-06-07 14:00:00+00:00,429.70045252707
2025-06-07 15:00:00+00:00,416.16383543656
2025-06-07 16:00:00+00:00,420.48607653806
2025-06-07 17:00:00+00:00,433.31160662084
2025-06-07 18:00:00+00:00,416.09586619471
2025-06-07 19:00:00+00:00,418.17249731143
2025-06-07 20:00:00+00:00,433.34337629534
2025-06-07 21:00:00+00:00,418.58608569819
2025-06-07 22:00:00+00:00,417.80291015621
2025-06-07 23:00:00+00:00,429.65447321494
2025-06-08 00:00:00+00:00,421.61782588664
2025-06-08 01:00:00+00:00,420.44069250508
2025-06-08 02:00:00+00:00,423.86789396902
2025-06-08 03:00:00+00:00,423.16168521646
2025-06-08 04:00:00+00:00,425.41971811376
2025-06-08 05:00:00+00:00,418.53687290723
2025-06-08 06:00:00+00:00,422.33498939892
2025-06-08 07:00:00+00:00,430.61823122742
2025-06-08 08:00:00+00:00,415.85783466421
2025-06-08 09:00:00+00:00,419.91294384208
2025-06-08 10:00:00+00:00,433.56503726984
2025-06-08 11:00:00+00:00,416.47835537156
2025-06-08 12:00:00+00:00,417.83880570502
2025-06-08 13:00:00+00:00,432.75294743532
2025-06-08 14:00:00+00:00,419.2862634684
2025-06-08 15:00:00+00:00,418.05673726613
2025-06-08 16:00:00+00:00,428.44378935027
2025-06-08 17:00:00+00:00,422.14625132232
2025-06-08 18:00:00+00:00,421.29389862069
2025-06-08 19:00:00+00:00,422.55448966276
2025-06-08 20:00:00+00:00,423.18943571043
2025-06-08 21:00:00+00:00,426.52022460792
2025-06-08 22:00:00+00:00,417.6770201508
2025-06-08 23:00:00+00:00,421.88918057703
2025-06-09 00:00:00+00:00,431.42821897134
2025-06-09 01:00:00+00:00,415.72834430114
2025-06-09 02:00:00+00:00,419.33981605552
2025-06-09 03:00:00+00:00,433.94530601473
2025-06-09 04:00:00+00:00,416.87214986653
2025-06-09 05:00:00+00:00,417.41491234053
2025-06-09 06:00:00+00:00,432.33123643737
2025-06-09 07:00:00+00:00,419.77756052937
2025-06-09 08:00:00+00:00,418.36861815656
2025-06-09 09:00:00+00:00,427.47109252894
2025-06-09 10:00:00+00:00,422.29352698018
2025-06-09 11:00:00+00:00,422.28203338705
2025-06-09 12:00:00+00:00,421.53031681513
2025-06-09 13:00:00+00:00,422.78028518514
2025-06-09 14:00:00+00:00,427.76326867406
2025-06-09 15:00:00+00:00,417.07518150542
2025-06-09 16:00:00+00:00,421.07236594533
2025-06-09 17:00:00+00:00,432.362453619
2025-06-09 18:00:00+00:00,415.73900523814
2025-06-09 19:00:00+00:00,418.55161076843
2025-06-09 20:00:00+00:00,433.86333846567
2025-06-09 21:00:00+00:00,417.41025980936
2025-06-09 22:00:00+00:00,417.31971385981
2025-06-09 23:00:00+00:00,431.45416574354
2025-06-10 00:00:00+00:00,420.42014993838
2025-06-10 01:00:00+00:00,418.91636609967
2025-06-10 02:00:00+00:00,426.16513402851
2025-06-10 03:00:00+00:00,422.6013323789
2025-06-10 04:00:00+00:00,423.31667336143
2025-06-10 05:00:00+00:00,420.35405377069
2025-06-10 06:00:00+00:00,422.57320418433
2025-06-10 07:00:00+00:00,428.8208454768
2025-06-10 08:00:00+00:00,416.49040133653
2025-06-10 09:00:00+00:00,420.81063628934
2025-06-10 10:00:00+00:00,432.58223747079
2025-06-10 11:00:00+00:00,415.99494571955
2025-06-10 12:00:00+00:00,418.27367911548
2025-06-10 13:00:00+00:00,433.25760725345
2025-06-10 14:00:00+00:00,418.24800521919
2025-06-10 15:00:00+00:00,417.40906491029
2025-06-10 16:00:00+00:00,430.14892713232
2025-06-10 17:00:00+00:00,421.33742200552
2025-06-10 18:00:00+00:00,419.50846813374
2025-06-10 19:00:00+00:00,424.6309284417
2025-06-10 20:00:00+00:00,423.15131245232
2025-06-10 21:00:00+00:00,424.19210939958
2025-06-10 22:00:00+00:00,419.18334026546
2025-06-10 23:00:00+00:00,422.59830902276
2025-06-11 00:00:00+00:00,429.5136804084
2025-06-11 01:00:00+00:00,416.10209432309
2025-06-11 02:00:00+00:00,420.2172851358
2025-06-11 03:00:00+00:00,432.97231694897
2025-06-11 04:00:00+00:00,416.30533780161
2025-06-11 05:00:00+00:00,417.8461770484
2025-06-11 06:00:00+00:00,432.84024929327
2025-06-11 07:00:00+00:00,418.92072473209
2025-06-11 08:00:00+00:00,417.52672221605
2025-06-11 09:00:00+00:00,429.30259222474
2025-06-11 10:00:00+00:00,421.58322454103
2025-06-11 11:00:00+00:00,420.3672645917
2025-06-11 12:00:00+00:00,423.50552560604
2025-06-11 13:00:00+00:00,422.92892222557
2025-06-11 14:00:00+00:00,425.46990062133
2025-06-11 15:00:00+00:00,418.29632978628
2025-06-11 16:00:00+00:00,421.92356405101
2025-06-11 17:00:00+00:00,430.66276928961
2025-06-11 18:00:00+00:00,415.77791243421
2025-06-11 19:00:00+00:00,419.43062334468
2025-06-11 20:00:00+00:00,433.49336652697
2025-06-11 21:00:00+00:00,416.51105161577
2025-06-11 22:00:00+00:00,417.42615875728
2025-06-11 23:00:00+00:00,432.53245417766
2025-06-12 00:00:00+00:00,419.31304459608
2025-06-12 01:00:00+00:00,417.81222180044
2025-06-12 02:00:00+00:00,428.13123185712
2025-06-12 03:00:00+00:00,422.04619464727
2025-06-12 04:00:00+00:00,421.22469674073
2025-06-12 05:00:00+00:00,422.25788614755
2025-06-12 06:00:00+00:00,422.90587288793
2025-06-12 07:00:00+00:00,426.54619553957
2025-06-12 08:00:00+00:00,417.48997550552
2025-06-12 09:00:00+00:00,421.44954862401
2025-06-12 10:00:00+00:00,431.38944179207
2025-06-12 11:00:00+00:00,415.74790605785
2025-06-12 12:00:00+00:00,418.836883156
2025-06-12 13:00:00+00:00,433.52871214628
2025-06-12 14:00:00+00:00,417.06034639908
2025-06-12 15:00:00+00:00,417.16121374129
2025-06-12 16:00:00+00:00,431.80468211181
2025-06-12 17:00:00+00:00,420.02093846285
2025-06-12 18:00:00+00:00,418.15114363908
2025-06-12 19:00:00+00:00,426.94216358608
2025-06-12 20:00:00+00:00,422.4556330053
2025-06-12 21:00:00+00:00,422.09141170211
2025-06-12 22:00:00+00:00,421.13099620683
2025-06-12 23:00:00+00:00,422.78359126098
2025-06-13 00:00:00+00:00,427.53952171679
2025-06-13 01:00:00+00:00,416.89777473259
2025-06-13 02:00:00+00:00,420.9202137312
2025-06-13 03:00:00+00:00,432.04198083516
2025-06-13 04:00:00+00:00,415.78988433072
2025-06-13 05:00:00+00:00,418.30710632453
2025-06-13 06:00:00+00:00,433.42828751972
2025-06-13 07:00:00+00:00,417.6075598828
2025-06-13 08:00:00+00:00,417.05732727737
2025-06-13 09:00:00+00:00,430.72890919747
2025-06-13 10:00:00+00:00,420.9126164318
2025-06-13 11:00:00+00:00,418.47450048241
2025-06-13 12:00:00+00:00,425.577124169
2025-06-13 13:00:00+00:00,422.9748559952
2025-06-13 14:00:00+00:00,422.79061848564
2025-06-13 15:00:00+00:00,420.02762534818
2025-06-13 16:00:00+00:00,422.72982377701
2025-06-13 17:00:00+00:00,428.20112671852
2025-06-13 18:00:00+00:00,416.48244375104
2025-06-13 19:00:00+00:00,420.44438812612
2025-06-13 20:00:00+00:00,432.20919203787
2025-06-13 21:00:00+00:00,416.14336318178
2025-06-13 22:00:00+00:00,417.80291907801
2025-06-13 23:00:00+00:00,432.86178044355
2025-06-14 00:00:00+00:00,418.43427655739
2025-06-14 01:00:00+00:00,416.91587692281
2025-06-14 02:00:00+00:00,429.77757681996
2025-06-14 03:00:00+00:00,421.44036289613
2025-06-14 04:00:00+00:00,419.04072759326
2025-06-14 05:00:00+00:00,424.35487611282
2025-06-14 06:00:00+00:00,423.08389214239
2025-06-14 07:00:00+00:00,423.75471886904
2025-06-14 08:00:00+00:00,419.05632354855
2025-06-14 09:00:00+00:00,422.34890828757
2025-06-14 10:00:00+00:00,429.0755794055
2025-06-14 11:00:00+00:00,416.20002763374
2025-06-14 12:00:00+00:00,419.79239282693
2025-06-14 13:00:00+00:00,432.55821589216
2025-06-14 14:00:00+00:00,416.4981647862
2025-06-14 15:00:00+00:00,417.31672411893
2025-06-14 16:00:00+00:00,432.47130008423
2025-06-14 17:00:00+00:00,419.10239359526
2025-06-14 18:00:00+00:00,416.96322155777
2025-06-14 19:00:00+00:00,428.79966707405
2025-06-14 20:00:00+00:00,421.96217712604
2025-06-14 21:00:00+00:00,419.69504470168
2025-06-14 22:00:00+00:00,423.231401183
2025-06-14 23:00:00+00:00,423.13034218186
2025-06-15 00:00:00+00:00,424.73710907753
2025-06-15 01:00:00+00:00,418.28860139298
2025-06-15 02:00:00+00:00,421.89146460336
2025-06-15 03:00:00+00:00,429.91368495275
2025-06-15 04:00:00+00:00,416.00855327808
2025-06-15 05:00:00+00:00,419.16079385619
2025-06-15 06:00:00+00:00,432.78780351565
2025-06-15 07:00:00+00:00,416.89027997341
2025-06-15 08:00:00+00:00,416.94888167587
2025-06-15 09:00:00+00:00,431.92719001586
2025-06-15 10:00:00+00:00,419.75180163811
2025-06-15 11:00:00+00:00,417.15370024313
2025-06-15 12:00:00+00:00,427.73243024494
2025-06-15 13:00:00+00:00,422.39002074928
2025-06-15 14:00:00+00:00,420.44979125202
2025-06-15 15:00:00+00:00,422.11486525009
2025-06-15 16:00:00+00:00,423.06357296796
2025-06-15 17:00:00+00:00,425.71849485657
2025-06-15 18:00:00+00:00,417.6013515165
2025-06-15 19:00:00+00:00,421.38200213773
2025-06-15 20:00:00+00:00,430.62808511576
2025-06-15 21:00:00+00:00,415.98180853149
2025-06-15 22:00:00+00:00,418.5505996617
2025-06-15 23:00:00+00:00,432.85077091801
2025-06-16 00:00:00+00:00,417.39425075044
2025-06-16 01:00:00+00:00,416.66934352234
2025-06-16 02:00:00+00:00,431.28670215812
2025-06-16 03:00:00+00:00,420.35399762059
2025-06-16 04:00:00+00:00,417.48718237828
2025-06-16 05:00:00+00:00,426.63989868332
2025-06-16 06:00:00+00:00,422.69809516686
2025-06-16 07:00:00+00:00,421.30977413313
2025-06-16 08:00:00+00:00,421.06076626426
2025-06-16 09:00:00+00:00,422.86712165366
2025-06-16 10:00:00+00:00,426.69775536429
2025-06-16 11:00:00+00:00,417.06194370112
2025-06-16 12:00:00+00:00,420.79160832804
2025-06-16 13:00:00+00:00,431.25976213817
2025-06-16 14:00:00+00:00,416.08763593502
2025-06-16 15:00:00+00:00,417.94818255389
2025-06-16 16:00:00+00:00,432.79868555664
2025-06-16 17:00:00+00:00,417.94964481246
2025-06-16 18:00:00+00:00,416.4746721152
2025-06-16 19:00:00+00:00,430.54801919261
2025-06-16 20:00:00+00:00,420.93722821849
2025-06-16 21:00:00+00:00,417.906584478
2025-06-16 22:00:00+00:00,425.54769492577
2025-06-16 23:00:00+00:00,422.912146291
2025-06-17 00:00:00+00:00,422.20207776028
2025-06-17 01:00:00+00:00,420.11067155229
2025-06-17 02:00:00+00:00,422.5676314185
2025-06-17 03:00:00+00:00,427.65880647296
2025-06-17 04:00:00+00:00,416.61727245781
2025-06-17 05:00:00+00:00,420.1734230909
2025-06-17 06:00:00+00:00,431.78365670135
2025-06-17 07:00:00+00:00,416.26922314452
2025-06-17 08:00:00+00:00,417.41594702276
2025-06-17 09:00:00+00:00,432.92409819759
2025-06-17 10:00:00+00:00,418.21776688732
2025-06-17 11:00:00+00:00,416.43725361141
2025-06-17 12:00:00+00:00,429.95848900572
2025-06-17 13:00:00+00:00,421.10410501838
2025-06-17 14:00:00+00:00,418.60884019043
2025-06-17 15:00:00+00:00,424.58379523451
2025-06-17 16:00:00+00:00,422.67300592861
2025-06-17 17:00:00+00:00,423.41068736136
2025-06-17 18:00:00+00:00,419.2426168188
2025-06-17 19:00:00+00:00,421.89271630422
2025-06-17 20:00:00+00:00,428.8814002788
2025-06-17 21:00:00+00:00,416.18867254328
2025-06-17 22:00:00+00:00,419.34344697564
2025-06-17 23:00:00+00:00,432.51649904715
2025-06-18 00:00:00+00:00,416.31848077699
2025-06-18 01:00:00+00:00,416.87810105926
2025-06-18 02:00:00+00:00,432.5809057451
2025-06-18 03:00:00+00:00,418.77298034736
2025-06-18 04:00:00+00:00,416.53534431121
2025-06-18 05:00:00+00:00,429.01116911294
2025-06-18 06:00:00+00:00,421.53984780868
2025-06-18 07:00:00+00:00,419.29689029329
2025-06-18 08:00:00+00:00,423.45290004214
2025-06-18 09:00:00+00:00,423.06937144438
2025-06-18 10:00:00+00:00,424.07259764294
2025-06-18 11:00:00+00:00,418.32824381446
2025-06-18 12:00:00+00:00,421.77742897722
2025-06-18 13:00:00+00:00,429.28650264463
2025-06-18 14:00:00+00:00,416.03467621309
2025-06-18 15:00:00+00:00,418.94656074019
2025-06-18 16:00:00+00:00,432.30062922214
2025-06-18 17:00:00+00:00,416.86403692657
2025-06-18 18:00:00+00:00,416.57912025319
2025-06-18 19:00:00+00:00,431.65805809983
2025-06-18 20:00:00+00:00,419.64146561046
2025-06-18 21:00:00+00:00,416.62022558668
2025-06-18 22:00:00+00:00,427.64151635157
2025-06-18 23:00:00+00:00,422.25555876569
2025-06-19 00:00:00+00:00,419.77127985174
2025-06-19 01:00:00+00:00,422.12955030224
2025-06-19 02:00:00+00:00,422.92150773252
2025-06-19 03:00:00+00:00,424.98723470983
2025-06-19 04:00:00+00:00,417.62227390058
2025-06-19 05:00:00+00:00,421.20863915235
2025-06-19 06:00:00+00:00,429.97233658719
2025-06-19 07:00:00+00:00,415.9311281384
2025-06-19 08:00:00+00:00,418.28107406754
2025-06-19 09:00:00+00:00,432.73252668741
2025-06-19 10:00:00+00:00,417.89896960498
2025-06-19 11:00:00+00:00,417.09094825096
2025-06-19 12:00:00+00:00,431.30297226272
2025-06-19 13:00:00+00:00,420.95172817854
2025-06-19 14:00:00+00:00,417.66535244266
2025-06-19 15:00:00+00:00,426.79421108944
2025-06-19 16:00:00+00:00,423.38346791175
2025-06-19 17:00:00+00:00,421.28186957216
2025-06-19 18:00:00+00:00,421.33159883993
2025-06-19 19:00:00+00:00,423.59243064761
2025-06-19 20:00:00+00:00,426.57068607226
2025-06-19 21:00:00+00:00,417.39761784419
2025-06-19 22:00:00+00:00,421.4828351538
2025-06-19 23:00:00+00:00,431.10568653141
2025-06-20 00:00:00+00:00,416.51761338222
2025-06-20 01:00:00+00:00,418.5126517978
2025-06-20 02:00:00+00:00,432.69452160091
2025-06-20 03:00:00+00:00,418.4826921861
2025-06-20 04:00:00+00:00,416.8483706448
2025-06-20 05:00:00+00:00,430.5373904124
2025-06-20 06:00:00+00:00,421.56902971878
2025-06-20 07:00:00+00:00,418.07686452448
2025-06-20 08:00:00+00:00,425.64817692098
2025-06-20 09:00:00+00:00,423.62742244913
2025-06-20 10:00:00+00:00,422.19733481925
2025-06-20 11:00:00+00:00,420.33785074961
2025-06-20 12:00:00+00:00,423.27935274571
2025-06-20 13:00:00+00:00,427.55318196655
2025-06-20 14:00:00+00:00,416.97650690565
2025-06-20 15:00:00+00:00,420.80387835654
2025-06-20 16:00:00+00:00,431.64769442731
2025-06-20 17:00:00+00:00,416.76391284542
2025-06-20 18:00:00+00:00,417.90153265342
2025-06-20 19:00:00+00:00,432.49697578691
2025-06-20 20:00:00+00:00,419.1261353721
2025-06-20 21:00:00+00:00,416.72872482801
2025-06-20 22:00:00+00:00,429.66826991623
2025-06-20 23:00:00+00:00,422.1449711714
2025-06-21 00:00:00+00:00,418.60735927853
2025-06-21 01:00:00+00:00,424.50780502126
2025-06-21 02:00:00+00:00,423.73139095585
2025-06-21 03:00:00+00:00,423.17416207127
2025-06-21 04:00:00+00:00,419.43990617016
2025-06-21 05:00:00+00:00,422.84589999061
2025-06-21 06:00:00+00:00,428.49219262756
2025-06-21 07:00:00+00:00,416.68768039883
2025-06-21 08:00:00+00:00,420.08973217688
2025-06-21 09:00:00+00:00,432.20849354405
2025-06-21 10:00:00+00:00,417.05803706631
2025-06-21 11:00:00+00:00,417.26358489392
2025-06-21 12:00:00+00:00,432.31637555597
2025-06-21 13:00:00+00:00,419.66731084055
2025-06-21 14:00:00+00:00,416.70040378059
2025-06-21 15:00:00+00:00,428.86438424304
2025-06-21 16:00:00+00:00,422.48445451428
2025-06-21 17:00:00+00:00,419.27743614394
2025-06-21 18:00:00+00:00,423.49901244479
2025-06-21 19:00:00+00:00,423.55809974876
2025-06-21 20:00:00+00:00,424.25808630861
2025-06-21 21:00:00+00:00,418.71493591758
2025-06-21 22:00:00+00:00,422.17070843217
2025-06-21 23:00:00+00:00,429.47978594914
2025-06-22 00:00:00+00:00,416.53775289124
2025-06-22 01:00:00+00:00,419.24733698021
2025-06-22 02:00:00+00:00,432.49077879166
2025-06-22 03:00:00+00:00,417.46525490842
2025-06-22 04:00:00+00:00,416.82572578432
2025-06-22 05:00:00+00:00,431.84326866676
2025-06-22 06:00:00+00:00,420.28324600462
2025-06-22 07:00:00+00:00,416.86454563481
2025-06-22 08:00:00+00:00,427.84756691492
2025-06-22 09:00:00+00:00,422.95427179846
2025-06-22 10:00:00+00:00,420.0106857792
2025-06-22 11:00:00+00:00,422.368055591
2025-06-22 12:00:00+00:00,423.51478395328
2025-06-22 13:00:00+00:00,425.22466660616
2025-06-22 14:00:00+00:00,418.02924428558
2025-06-22 15:00:00+00:00,421.66078148654
2025-06-22 16:00:00+00:00,430.18077577349
2025-06-22 17:00:00+00:00,416.53327764841
2025-06-22 18:00:00+00:00,418.61670455699
2025-06-22 19:00:00+00:00,432.53597262524
2025-06-22 20:00:00+00:00,418.00793545112
2025-06-22 21:00:00+00:00,416.51603638072
2025-06-22 22:00:00+00:00,431.16105538637
2025-06-22 23:00:00+00:00,420.96232775294
2025-06-23 00:00:00+00:00,417.14876577226
2025-06-23 01:00:00+00:00,426.72638810413
2025-06-23 02:00:00+00:00,423.23116194854
2025-06-23 03:00:00+00:00,420.85683271067
2025-06-23 04:00:00+00:00,421.35119378344
2025-06-23 05:00:00+00:00,423.26115586579
2025-06-23 06:00:00+00:00,426.23966574676
2025-06-23 07:00:00+00:00,417.48961263111
2025-06-23 08:00:00+00:00,421.00647055098
2025-06-23 09:00:00+00:00,430.96608717608
2025-06-23 10:00:00+00:00,416.62532160938
2025-06-23 11:00:00+00:00,417.87517051008
2025-06-23 12:00:00+00:00,432.65012839971
2025-06-23 13:00:00+00:00,418.49718923939
2025-06-23 14:00:00+00:00,416.24132788763
2025-06-23 15:00:00+00:00,430.57512039058
2025-06-23 16:00:00+00:00,421.43094066255
2025-06-23 17:00:00+00:00,417.56403122938
2025-06-23 18:00:00+00:00,425.75453612578
2025-06-23 19:00:00+00:00,423.29303402897
2025-06-23 20:00:00+00:00,421.82077398076
2025-06-23 21:00:00+00:00,420.47760323366
2025-06-23 22:00:00+00:00,422.78999613525
2025-06-23 23:00:00+00:00,427.31293491341
2025-06-24 00:00:00+00:00,417.10421931872
2025-06-24 01:00:00+00:00,420.21422453756
2025-06-24 02:00:00+00:00,431.53701273401
2025-06-24 03:00:00+00:00,416.819441101
2025-06-24 04:00:00+00:00,417.28176322102
2025-06-24 05:00:00+00:00,432.50328548829
2025-06-24 06:00:00+00:00,419.05456513334
2025-06-24 07:00:00+00:00,416.14534863094
2025-06-24 08:00:00+00:00,429.77140016351
2025-06-24 09:00:00+00:00,421.94931235356
2025-06-24 10:00:00+00:00,418.19289666373
2025-06-24 11:00:00+00:00,424.58015931146
2025-06-24 12:00:00+00:00,423.41624054285
2025-06-24 13:00:00+00:00,422.84911582559
2025-06-24 14:00:00+00:00,419.52803685895
2025-06-24 15:00:00+00:00,422.43484490312
2025-06-24 16:00:00+00:00,428.27017597936
2025-06-24 17:00:00+00:00,416.74415241624
2025-06-24 18:00:00+00:00,419.62091009259
2025-06-24 19:00:00+00:00,431.95298312183
2025-06-24 20:00:00+00:00,417.07878267458
2025-06-24 21:00:00+00:00,416.87319810887
2025-06-24 22:00:00+00:00,432.15569428718
2025-06-24 23:00:00+00:00,419.63376114376
2025-06-25 00:00:00+00:00,416.27579094818
2025-06-25 01:00:00+00:00,428.80202634379
2025-06-25 02:00:00+00:00,422.37644279184
2025-06-25 03:00:00+00:00,418.84524148384
2025-06-25 04:00:00+00:00,423.51594424563
2025-06-25 05:00:00+00:00,423.37202412265
2025-06-25 06:00:00+00:00,423.85287885841
2025-06-25 07:00:00+00:00,418.7711635542
2025-06-25 08:00:00+00:00,421.91175702887
2025-06-25 09:00:00+00:00,429.14703743847
2025-06-25 10:00:00+00:00,416.54572187116
2025-06-25 11:00:00+00:00,419.01859800204
2025-06-25 12:00:00+00:00,432.2317824505
2025-06-25 13:00:00+00:00,417.45565830323
2025-06-25 14:00:00+00:00,416.53432529614
2025-06-25 15:00:00+00:00,431.68257686946
2025-06-25 16:00:00+00:00,420.23898181064
2025-06-25 17:00:00+00:00,416.51358076496
2025-06-25 18:00:00+00:00,427.78490928496
2025-06-25 19:00:00+00:00,422.77618707021
2025-06-25 20:00:00+00:00,419.65739232474
2025-06-25 21:00:00+00:00,422.41798466281
2025-06-25 22:00:00+00:00,423.29918815502
2025-06-25 23:00:00+00:00,424.90319948342
2025-06-26 00:00:00+00:00,418.06918719817
2025-06-26 01:00:00+00:00,421.41639575262
2025-06-26 02:00:00+00:00,429.93467530649
2025-06-26 03:00:00+00:00,416.51881336603
2025-06-26 04:00:00+00:00,418.3401815874
2025-06-26 05:00:00+00:00,432.39952484798
2025-06-26 06:00:00+00:00,417.91947950817
2025-06-26 07:00:00+00:00,416.19891361623
2025-06-26 08:00:00+00:00,431.14092762823
2025-06-26 09:00:00+00:00,420.82971032676
2025-06-26 10:00:00+00:00,416.75108938316
2025-06-26 11:00:00+00:00,426.81158573061
2025-06-26 12:00:00+00:00,423.04448381528
2025-06-26 13:00:00+00:00,420.44978713362
2025-06-26 14:00:00+00:00,421.47334522247
2025-06-26 15:00:00+00:00,423.04035688089
2025-06-26 16:00:00+00:00,425.8789619973
2025-06-26 17:00:00+00:00,417.57820877137
2025-06-26 18:00:00+00:00,420.7546982358
2025-06-26 19:00:00+00:00,430.60686363937
2025-06-26 20:00:00+00:00,416.63621893402
2025-06-26 21:00:00+00:00,417.66008446115
2025-06-26 22:00:00+00:00,432.42554127824
2025-06-26 23:00:00+00:00,418.45493737847
2025-06-27 00:00:00+00:00,415.92722104792
2025-06-27 01:00:00+00:00,430.50082362796
2025-06-27 02:00:00+00:00,421.35052137092
2025-06-27 03:00:00+00:00,416.79788100564
2025-06-27 04:00:00+00:00,426.03171323057
2025-06-27 05:00:00+00:00,423.26304088381
2025-06-27 06:00:00+00:00,421.0359242208
2025-06-27 07:00:00+00:00,420.88691881944
2025-06-27 08:00:00+00:00,422.61377929996
2025-06-27 09:00:00+00:00,426.63539333588
2025-06-27 10:00:00+00:00,417.52599577927
2025-06-27 11:00:00+00:00,419.87839330284
2025-06-27 12:00:00+00:00,431.08731157625
2025-06-27 13:00:00+00:00,417.15724282229
2025-06-27 14:00:00+00:00,416.77129119027
2025-06-27 15:00:00+00:00,432.35500252056
2025-06-27 16:00:00+00:00,419.25845283507
2025-06-27 17:00:00+00:00,415.46831316552
2025-06-27 18:00:00+00:00,429.92288243059
2025-06-27 19:00:00+00:00,421.97776721501
2025-06-27 20:00:00+00:00,417.32458392309
2025-06-27 21:00:00+00:00,425.04590743229
2025-06-27 22:00:00+00:00,423.27656491841
2025-06-27 23:00:00+00:00,422.01393513804
2025-06-28 00:00:00+00:00,420.0816623623
2025-06-28 01:00:00+00:00,422.13515032963
2025-06-28 02:00:00+00:00,427.61582084602
2025-06-28 03:00:00+00:00,417.28883419762
2025-06-28 04:00:00+00:00,419.14040439283
2025-06-28 05:00:00+00:00,431.59283139026
2025-06-28 06:00:00+00:00,417.46744699095
2025-06-28 07:00:00+00:00,416.20169953695
2025-06-28 08:00:00+00:00,432.177195441
2025-06-28 09:00:00+00:00,419.82441957843
2025-06-28 10:00:00+00:00,415.43964490583
2025-06-28 11:00:00+00:00,429.1683411618
2025-06-28 12:00:00+00:00,422.37713664467
2025-06-28 13:00:00+00:00,417.93073206139
2025-06-28 14:00:00+00:00,424.10235228839
2025-06-28 15:00:00+00:00,423.20533285553
2025-06-28 16:00:00+00:00,423.00447179795
2025-06-28 17:00:00+00:00,419.40841627436
2025-06-28 18:00:00+00:00,421.58388598083
2025-06-28 19:00:00+00:00,428.5257269617
2025-06-28 20:00:00+00:00,417.11879986721
2025-06-28 21:00:00+00:00,418.41689024144
2025-06-28 22:00:00+00:00,432.00286604049
2025-06-28 23:00:00+00:00,417.80257775145
2025-06-29 00:00:00+00:00,415.74471601847
2025-06-29 01:00:00+00:00,431.88241040385
2025-06-29 02:00:00+00:00,420.33973753165
2025-06-29 03:00:00+00:00,415.64100616077
2025-06-29 04:00:00+00:00,428.32511003353
2025-06-29 05:00:00+00:00,422.58458690616
2025-06-29 06:00:00+00:00,418.75854700217
2025-06-29 07:00:00+00:00,423.10576104598
2025-06-29 08:00:00+00:00,422.95947324891
2025-06-29 09:00:00+00:00,424.13308843207
2025-06-29 10:00:00+00:00,418.70832638294
2025-06-29 11:00:00+00:00,420.9469904188
2025-06-29 12:00:00+00:00,429.45874360103
2025-06-29 13:00:00+00:00,416.95547695228
2025-06-29 14:00:00+00:00,417.727206092
2025-06-29 15:00:00+00:00,432.32857149919
2025-06-29 16:00:00+00:00,418.08848230566
2025-06-29 17:00:00+00:00,415.42989584148
2025-06-29 18:00:00+00:00,431.4795762203
2025-06-29 19:00:00+00:00,420.73263312444
2025-06-29 20:00:00+00:00,415.90435871239
2025-06-29 21:00:00+00:00,427.42691625843
2025-06-29 22:00:00+00:00,422.78317554033
2025-06-29 23:00:00+00:00,419.59290230404
2025-06-30 00:00:00+00:00,422.17785682892
2025-06-30 01:00:00+00:00,422.6714192523
2025-06-30 02:00:00+00:00,425.17842232333
2025-06-30 03:00:00+00:00,418.16932777482
2025-06-30 04:00:00+00:00,420.28734093351
2025-06-30 05:00:00+00:00,430.23068456595
2025-06-30 06:00:00+00:00,416.97706360134
2025-06-30 07:00:00+00:00,417.0647549572
2025-06-30 08:00:00+00:00,432.47117231598
2025-06-30 09:00:00+00:00,418.53169275711
2025-06-30 10:00:00+00:00,415.09287636433
2025-06-30 11:00:00+00:00,431.10128379384
2025-06-30 12:00:00+00:00,421.14851346067
2025-06-30 13:00:00+00:00,416.25180524096
2025-06-30 14:00:00+00:00,426.64982738079
2025-06-30 15:00:00+00:00,422.80948598984
2025-06-30 16:00:00+00:00,420.52093516833
2025-06-30 17:00:00+00:00,421.43770356067
2025-06-30 18:00:00+00:00,422.18105898401
2025-06-30 19:00:00+00:00,426.28590857924
2025-06-30 20:00:00+00:00,417.83563883058
2025-06-30 21:00:00+00:00,419.47321089128
2025-06-30 22:00:00+00:00,431.02943717235
2025-06-30 23:00:00+00:00,417.14933453978
2025-07-01 00:00:00+00:00,416.34613794072
2025-07-01 01:00:00+00:00,432.63700756935
2025-07-01 02:00:00+00:00,418.97515884408
2025-07-01 03:00:00+00:00,414.97738594478
2025-07-01 04:00:00+00:00,430.47558551893
2025-07-01 05:00:00+00:00,421.54125050533
